Date,Close,High,Low,Open,Volume
04-01-2000,6665.899902,6930.200195,6662.899902,6930.200195,633449000
05-01-2000,6535.899902,6665.899902,6500.399902,6665.899902,670234000
06-01-2000,6447.200195,6547.299805,6424.399902,6535.899902,785532000
07-01-2000,6504.799805,6532.399902,6438.799805,6447.200195,888306000
10-01-2000,6607.700195,6634.200195,6504.799805,6504.799805,735455000
11-01-2000,6518.899902,6638.100098,6510.799805,6607.700195,863011000
12-01-2000,6532.799805,6532.799805,6470.299805,6518.899902,779904000
13-01-2000,6531.5,6596.5,6509.399902,6532.799805,865831000
14-01-2000,6658.200195,6666.799805,6531.5,6531.5,1098626000
17-01-2000,6669.5,6694.299805,6638.299805,6658.200195,923472000
18-01-2000,6504.600098,6695.899902,6491.5,6669.5,854700000
19-01-2000,6445.5,6505.899902,6434.399902,6504.600098,863686000
20-01-2000,6348.700195,6492.700195,6328.299805,6445.399902,1008169000
21-01-2000,6346.299805,6374.700195,6287.100098,6348.700195,1007934000
24-01-2000,6379.799805,6480.399902,6346.299805,6346.299805,672107000
25-01-2000,6274.100098,6379.799805,6262.899902,6379.799805,805330000
26-01-2000,6375.600098,6380,6270.399902,6274.100098,1021822000
27-01-2000,6441,6451.600098,6375.600098,6375.600098,816596000
28-01-2000,6375.600098,6475.100098,6354.799805,6441,918227000
31-01-2000,6268.5,6375.600098,6246.799805,6375.600098,931453000
01-02-2000,6290.899902,6367.100098,6231.899902,6268.5,1214559000
02-02-2000,6302.799805,6345.200195,6241.600098,6290.899902,1336831000
03-02-2000,6324.299805,6393.5,6251.600098,6302.799805,1865400000
04-02-2000,6185,6364.899902,6171.200195,6324.299805,2309287000
07-02-2000,6118.600098,6232.100098,6100.700195,6185,1230759000
08-02-2000,6285.799805,6295.700195,6117.299805,6118.600098,2217462000
09-02-2000,6315.399902,6450.899902,6271.5,6285.799805,1840149000
10-02-2000,6279.799805,6320,6199.799805,6315.399902,2218541000
11-02-2000,6193.299805,6325.700195,6127.399902,6279.799805,3433671000
14-02-2000,6068.600098,6197.5,6027.5,6193.299805,1429935000
15-02-2000,6005.200195,6167.5,5972.700195,6068.600098,1510016000
16-02-2000,6147.399902,6147.399902,6002.5,6005.200195,1614733000
17-02-2000,6209.299805,6262.200195,6102.899902,6147.399902,1522351000
18-02-2000,6165,6264.100098,6151.399902,6209.299805,1098726000
21-02-2000,6081.600098,6193.600098,6029.899902,6165,960304000
22-02-2000,6014.700195,6172.799805,6002.700195,6081.600098,1830338000
23-02-2000,6144.100098,6167.299805,6014.700195,6014.700195,1393864000
24-02-2000,6086.700195,6288.799805,6070.899902,6144.100098,1213197000
25-02-2000,6198,6198,6086.700195,6086.700195,1181230000
28-02-2000,6099.600098,6271.100098,6054.100098,6198,925049000
29-02-2000,6232.600098,6245.5,6099.600098,6099.600098,1121708000
01-03-2000,6364.899902,6387.299805,6232.600098,6232.600098,1499256000
02-03-2000,6432.100098,6436.5,6324.200195,6364.899902,1124952000
03-03-2000,6487.5,6506.299805,6403,6432.100098,1107792000
06-03-2000,6567.799805,6593.299805,6457,6487.5,1334247000
07-03-2000,6466.5,6568.299805,6465.5,6567.799805,1164979000
08-03-2000,6411.200195,6479.700195,6387.200195,6466.5,1315382000
09-03-2000,6532.100098,6544.200195,6411.200195,6411.200195,983965000
10-03-2000,6568.700195,6642.5,6532.100098,6532.100098,1005534000
13-03-2000,6466.899902,6568.700195,6380.600098,6568.700195,822972000
14-03-2000,6487.100098,6539.700195,6457.100098,6466.899902,753821000
15-03-2000,6447,6487.100098,6396.100098,6487.100098,1196995000
16-03-2000,6557.299805,6618.200195,6447,6447,1361503000
17-03-2000,6558,6713.100098,6504.100098,6557.200195,1309177000
20-03-2000,6624.5,6653.399902,6523.299805,6558,764551000
21-03-2000,6617.899902,6630.600098,6543.399902,6624.5,1079931000
22-03-2000,6609.600098,6692.299805,6551.700195,6617.899902,1181720000
23-03-2000,6594.600098,6617.799805,6538.700195,6609.600098,856587000
24-03-2000,6738.5,6755.100098,6594.600098,6594.600098,1088155000
27-03-2000,6687.200195,6770.399902,6654.399902,6738.5,789449000
28-03-2000,6650.100098,6734.899902,6623.700195,6687.200195,726224000
29-03-2000,6598.799805,6657.299805,6570.299805,6650.100098,892675000
30-03-2000,6445.200195,6598.799805,6418.5,6598.799805,1119761000
31-03-2000,6540.200195,6557.399902,6385.799805,6445.200195,1019644000
03-04-2000,6462.100098,6540.200195,6437.899902,6540.200195,949900000
04-04-2000,6427,6531.299805,6415.5,6462.100098,1278570000
05-04-2000,6379.299805,6428.5,6283.200195,6427,566610000
06-04-2000,6451.100098,6464.899902,6353.799805,6379.299805,1068579000
07-04-2000,6569.899902,6586.299805,6451.100098,6451.100098,857438000
10-04-2000,6533.399902,6579.600098,6510.399902,6569.899902,816581000
11-04-2000,6379.200195,6534,6358.399902,6533.399902,1114607000
12-04-2000,6350.799805,6443.5,6333.600098,6379.200195,931780000
13-04-2000,6357,6381.899902,6268.399902,6350.799805,1107726000
14-04-2000,6178.100098,6359.100098,6149.799805,6357,996451000
17-04-2000,5994.600098,6178.100098,5915.200195,6178.100098,1204901000
18-04-2000,6074,6084.200195,5951.700195,5994.600098,1016954000
19-04-2000,6184.899902,6193.600098,6074,6074,1251275000
20-04-2000,6241.200195,6248.100098,6134.399902,6184.899902,879208000
25-04-2000,6283,6313.799805,6155.700195,6241.200195,1028703000
26-04-2000,6256.5,6342.200195,6247,6283,1031032000
27-04-2000,6179.299805,6306.200195,6127.899902,6256.5,970702000
28-04-2000,6327.399902,6341.899902,6179.299805,6179.299805,882175000
02-05-2000,6373.399902,6412.600098,6311.899902,6327.399902,1035666000
03-05-2000,6184.799805,6373.399902,6176.100098,6373.399902,825000000
04-05-2000,6199.600098,6231.399902,6162.5,6184.799805,906960000
05-05-2000,6238.799805,6267.899902,6190.5,6199.600098,845274000
08-05-2000,6216.299805,6299.399902,6174.299805,6238.799805,603450000
09-05-2000,6123.799805,6243.100098,6112.899902,6216.299805,901816000
10-05-2000,6100.700195,6182.899902,6090.200195,6123.799805,1171742000
11-05-2000,6245.899902,6263.600098,6051.5,6100.600098,1084977000
12-05-2000,6283.5,6304.200195,6220.600098,6245.899902,870252000
15-05-2000,6247.700195,6290.5,6218.200195,6283.5,688447000
16-05-2000,6318.399902,6349.100098,6247.700195,6247.700195,982524000
17-05-2000,6196.200195,6321.600098,6189.200195,6318.399902,700311000
18-05-2000,6233,6256,6196.200195,6196.200195,711940000
19-05-2000,6045.399902,6237.600098,6039.100098,6232.899902,937082000
22-05-2000,6035.5,6130.100098,5991.899902,6045.399902,897441000
23-05-2000,6086.799805,6128.5,6026.100098,6035.5,819943000
24-05-2000,6118.600098,6127.100098,5997.600098,6086.799805,1074882000
25-05-2000,6231.100098,6234.600098,6118.600098,6118.600098,1032468000
26-05-2000,6216.899902,6252.200195,6153.200195,6231.100098,778243000
30-05-2000,6359.600098,6379.700195,6216.899902,6216.899902,979689000
31-05-2000,6359.399902,6419.899902,6325.5,6359.600098,1273734000
01-06-2000,6470.5,6476.899902,6344.399902,6359.299805,794675000
02-06-2000,6626.399902,6634.899902,6445.5,6470.5,1324934000
05-06-2000,6546.700195,6635.700195,6540.399902,6626.399902,778810000
06-06-2000,6546.799805,6619.600098,6490,6546.700195,1011856000
07-06-2000,6503.799805,6546.799805,6476.399902,6546.799805,786068000
08-06-2000,6496.600098,6592.700195,6469.799805,6503.799805,764418000
09-06-2000,6443.799805,6512.399902,6438.100098,6496.600098,661766000
12-06-2000,6430.899902,6479.799805,6430.899902,6443.799805,452014000
13-06-2000,6447.100098,6515.200195,6430.799805,6430.899902,769796000
14-06-2000,6536.299805,6551.700195,6447.100098,6447.100098,855813000
15-06-2000,6490.799805,6566.200195,6490.799805,6536.299805,931717000
16-06-2000,6526,6566.700195,6474.899902,6490.799805,810817000
19-06-2000,6490.200195,6515.700195,6467.5,6490.799805,558986000
20-06-2000,6526.899902,6536.5,6490.200195,6490.200195,615307000
21-06-2000,6477.799805,6532.5,6429,6526.899902,671106000
22-06-2000,6413.799805,6530.700195,6413.799805,6477.799805,871871000
23-06-2000,6391.5,6413.799805,6367.799805,6413.799805,818585000
26-06-2000,6405.200195,6447.700195,6369,6391.5,579590000
27-06-2000,6375.299805,6428.399902,6365.600098,6405.200195,792112000
28-06-2000,6313.5,6394.399902,6310.799805,6375.299805,811699000
29-06-2000,6239,6321,6221,6313.5,1070826000
30-06-2000,6312.700195,6323.200195,6239,6239,925225000
03-07-2000,6470.399902,6470.399902,6309.299805,6312.700195,742606000
04-07-2000,6417,6470.399902,6405.200195,6470.399902,661401000
05-07-2000,6382.5,6446,6345.5,6417,921487000
06-07-2000,6419.600098,6438.399902,6341.399902,6382.5,829021000
07-07-2000,6497.5,6502.600098,6390.200195,6419.600098,793281000
10-07-2000,6466.200195,6515.200195,6463.299805,6497.5,610792000
11-07-2000,6475.799805,6510.100098,6450.5,6466.200195,800588000
12-07-2000,6518.5,6545.100098,6466.799805,6475.799805,965464000
13-07-2000,6475.700195,6530.700195,6460.299805,6518.5,1048434000
14-07-2000,6475.399902,6503.200195,6452.200195,6475.700195,826063000
17-07-2000,6525.5,6525.700195,6473.700195,6475.399902,767081000
18-07-2000,6450.5,6531.399902,6444.600098,6525.5,776029000
19-07-2000,6465.5,6493.399902,6420.399902,6450.5,746628000
20-07-2000,6469,6491.100098,6440.700195,6465.399902,752146000
21-07-2000,6378.399902,6469,6365.5,6469,698153000
24-07-2000,6381.299805,6422.600098,6333,6378.399902,571732000
25-07-2000,6390.700195,6402.100098,6354.5,6381.299805,701497000
26-07-2000,6387.100098,6425.600098,6378.899902,6390.700195,773683000
27-07-2000,6352.100098,6456.299805,6352.100098,6387.100098,1037890000
28-07-2000,6335.700195,6390.299805,6332.600098,6352.100098,947097000
31-07-2000,6365.299805,6365.299805,6274.899902,6335.700195,717274000
01-08-2000,6379.399902,6403.100098,6331.5,6365.299805,653743000
02-08-2000,6391.299805,6424.700195,6378.399902,6379.100098,1028551000
03-08-2000,6317.100098,6399.899902,6296.399902,6391.299805,994239000
04-08-2000,6363.5,6415,6317.100098,6317.100098,726236000
07-08-2000,6387.799805,6400.600098,6355.100098,6363.5,654157000
08-08-2000,6358.100098,6420,6350.299805,6387.799805,806944000
09-08-2000,6414,6463.100098,6358.100098,6358.100098,815315000
10-08-2000,6387.299805,6414,6369.399902,6414,675430000
11-08-2000,6384.5,6394.600098,6348.399902,6387.299805,893911000
14-08-2000,6419.899902,6451.200195,6365.5,6384.5,626670000
15-08-2000,6475.5,6482.799805,6419.899902,6419.899902,826280000
16-08-2000,6532.100098,6553.5,6457,6475.5,929615000
17-08-2000,6518.200195,6537.399902,6482,6532,899928000
18-08-2000,6543.700195,6552,6510.799805,6518.200195,804673000
21-08-2000,6542.200195,6555.5,6491.399902,6543.700195,605220000
22-08-2000,6584.799805,6605.200195,6520.299805,6542.200195,1119516000
23-08-2000,6566.200195,6590.700195,6535.200195,6584.799805,982635000
24-08-2000,6557,6605.5,6546.700195,6566.200195,1066864000
25-08-2000,6563.700195,6619.100098,6538.299805,6557,864787000
29-08-2000,6586.299805,6601.100098,6560.200195,6563.700195,717816000
30-08-2000,6615.100098,6624.899902,6586.100098,6586.299805,932981000
31-08-2000,6672.700195,6675.700195,6585.200195,6615.100098,1410547000
01-09-2000,6795,6838.600098,6672.700195,6672.700195,1315938000
04-09-2000,6798.100098,6828.700195,6783,6795,787014000
05-09-2000,6752.5,6809.5,6737.600098,6798.100098,882282000
06-09-2000,6694.700195,6766,6688.399902,6752.5,876857000
07-09-2000,6689.200195,6709.100098,6668.5,6694.700195,997218000
08-09-2000,6600.700195,6704.200195,6561.100098,6689.200195,924099000
11-09-2000,6582,6604.100098,6392.100098,6600.700195,964384000
12-09-2000,6555.5,6582,6528.5,6582,869437000
13-09-2000,6478.200195,6559.799805,6454.100098,6555.5,1013759000
14-09-2000,6555.5,6580.600098,6460.700195,6478.200195,1073628000
15-09-2000,6417.299805,6559.200195,6417.299805,6555.5,1124449000
18-09-2000,6410.200195,6464.299805,6371.399902,6417.299805,788776000
19-09-2000,6403.5,6413.399902,6360.600098,6410.200195,935475000
20-09-2000,6279.899902,6425.399902,6259.700195,6403.5,948538000
21-09-2000,6199.200195,6281.100098,6150.5,6279.899902,1400661000
22-09-2000,6205.899902,6205.899902,6075.100098,6199.200195,1176641000
25-09-2000,6257.100098,6310,6205.899902,6205.899902,988136000
26-09-2000,6213.200195,6257.600098,6192.700195,6257.100098,853537000
27-09-2000,6269.299805,6312.5,6200.700195,6213.200195,1098135000
28-09-2000,6264.100098,6290.600098,6210.799805,6269.299805,995853000
29-09-2000,6294.200195,6325.700195,6240.299805,6264.100098,816115000
02-10-2000,6284.5,6358.200195,6284.5,6294.200195,857794000
03-10-2000,6345,6364.600098,6284.5,6284.5,858136000
04-10-2000,6334.899902,6354.200195,6283.799805,6345,936017000
05-10-2000,6382,6393.100098,6330.899902,6334.899902,907715000
06-10-2000,6391.200195,6412.5,6342.200195,6382,998179000
09-10-2000,6264.799805,6391.200195,6253.600098,6391.200195,673410000
10-10-2000,6247.700195,6299.700195,6240.399902,6264.799805,1187386000
11-10-2000,6117.600098,6247.700195,6098.100098,6247.700195,1182103000
12-10-2000,6131.899902,6211.799805,6068.299805,6117.600098,972282000
13-10-2000,6209.600098,6209.600098,6050.700195,6131.899902,1102152000
16-10-2000,6285.700195,6292,6209.600098,6209.600098,957111000
17-10-2000,6203.299805,6290,6196.100098,6285.700195,1033527000
18-10-2000,6148.200195,6203.200195,6017.200195,6203.200195,997211000
19-10-2000,6218.899902,6246.100098,6148.200195,6148.200195,922598000
20-10-2000,6276.299805,6294.5,6210.299805,6218.899902,1054243000
23-10-2000,6315.899902,6326.700195,6271.5,6276.299805,731498000
24-10-2000,6438.399902,6452.799805,6299.399902,6315.899902,1113057000
25-10-2000,6367.799805,6438.399902,6330,6438.399902,963996000
26-10-2000,6302.299805,6389,6282.700195,6367.799805,868544000
27-10-2000,6366.600098,6407.899902,6302.299805,6302.299805,796202000
30-10-2000,6388.399902,6394.899902,6307.899902,6366.5,614124000
31-10-2000,6438.399902,6475.799805,6388.399902,6388.399902,986645000
01-11-2000,6457.600098,6508.600098,6396.299805,6438.399902,1095676000
02-11-2000,6392,6485.700195,6382.700195,6457.600098,1245662000
03-11-2000,6385.399902,6431.700195,6382.100098,6392,1232361000
06-11-2000,6431,6431,6385.399902,6385.399902,1006440000
07-11-2000,6466.899902,6466.899902,6406.5,6431,978289000
08-11-2000,6477.399902,6514.700195,6454.899902,6466.899902,945278000
09-11-2000,6442.200195,6498.5,6412.399902,6477.399902,900750000
10-11-2000,6400.200195,6442.200195,6338.5,6442.200195,910633000
13-11-2000,6274.799805,6400.200195,6269.299805,6400.200195,689530000
14-11-2000,6412.899902,6421.700195,6274.799805,6274.799805,1149117000
15-11-2000,6432.299805,6459.299805,6371.700195,6412.899902,928302000
16-11-2000,6430.399902,6480,6414.899902,6432.299805,1005376000
17-11-2000,6440.100098,6483.299805,6403.399902,6430.399902,738209000
20-11-2000,6345,6452.799805,6335.100098,6440.100098,852977000
21-11-2000,6382.200195,6393.700195,6333.299805,6345,818389000
22-11-2000,6221.399902,6377.700195,6216.100098,6377.700195,1159582000
23-11-2000,6287.299805,6287.299805,6217.5,6221.399902,710169000
24-11-2000,6327.600098,6359.299805,6237.200195,6287.299805,868355000
27-11-2000,6374.700195,6397.5,6323.299805,6327.600098,607018000
28-11-2000,6249.799805,6374.700195,6241.5,6374.700195,835284000
29-11-2000,6164.899902,6249.799805,6154.700195,6249.799805,964798000
30-11-2000,6142.200195,6164.899902,6070,6164.899902,968847000
01-12-2000,6170.399902,6189.899902,6130.5,6142.200195,1068234000
04-12-2000,6158.700195,6170.799805,6113.899902,6170.399902,660403000
05-12-2000,6299,6318.100098,6158.700195,6158.700195,998308000
06-12-2000,6273.299805,6365.600098,6258.799805,6299,1338563000
07-12-2000,6231.399902,6273.299805,6147.600098,6273.299805,986830000
08-12-2000,6288.299805,6343.100098,6222.299805,6231.399902,1062085000
11-12-2000,6370.399902,6370.600098,6288.299805,6288.299805,1032602000
12-12-2000,6390.399902,6393.600098,6333.200195,6370.299805,933824000
13-12-2000,6403,6421.5,6366.600098,6390.399902,1024556000
14-12-2000,6263.799805,6403,6235.700195,6403,1173849000
15-12-2000,6175.799805,6269.700195,6175,6263.799805,1201185000
18-12-2000,6246.5,6260.399902,6175.600098,6175.799805,652869000
19-12-2000,6295,6307.299805,6198.600098,6246.5,818249000
20-12-2000,6176.700195,6295,6138.399902,6295,892233000
21-12-2000,6115.5,6179.299805,6083.700195,6176.700195,996754000
22-12-2000,6097.5,6159.200195,6097.5,6115.5,293611000
27-12-2000,6218.200195,6218.200195,6097.5,6097.5,357446000
28-12-2000,6223.200195,6226.399902,6173.700195,6218.200195,315669000
29-12-2000,6222.5,6255.899902,6170.5,6223.200195,377041000
02-01-2001,6174.700195,6276.200195,6169.799805,6222.5,709054000
03-01-2001,6039.899902,6174.700195,6029.299805,6174.700195,1147114000
04-01-2001,6185.600098,6195.299805,6039.899902,6039.899902,1640397000
05-01-2001,6198.100098,6239.600098,6155,6185.600098,1293875000
08-01-2001,6149.600098,6212.399902,6137.700195,6198.100098,1449404000
09-01-2001,6088.100098,6195.899902,6066.399902,6149.600098,1321566000
10-01-2001,6059.899902,6119.899902,6040.399902,6088.100098,1621626000
11-01-2001,6114.899902,6114.899902,6052.100098,6059.899902,1505214000
12-01-2001,6165.5,6178.5,6109.799805,6114.899902,1501605000
15-01-2001,6170.299805,6193.399902,6148.799805,6165.5,736727000
16-01-2001,6083.299805,6173.799805,6076.700195,6170.299805,1239263000
17-01-2001,6197.399902,6205.5,6083.299805,6083.299805,1488431000
18-01-2001,6209.899902,6220.600098,6174.799805,6197.399902,1167056000
19-01-2001,6209.299805,6276.399902,6186.399902,6209.899902,1598592000
22-01-2001,6232,6252.299805,6162.899902,6209.299805,1183097000
23-01-2001,6214.700195,6232.299805,6187.899902,6232,853052000
24-01-2001,6264.399902,6309.200195,6214.700195,6214.700195,1183691000
25-01-2001,6255.600098,6296.899902,6229.299805,6264.399902,1302157000
26-01-2001,6294.299805,6295,6223.799805,6255.600098,1240417000
29-01-2001,6317,6335.100098,6269.399902,6294.299805,934173000
30-01-2001,6334.5,6337.399902,6300.200195,6317,1124787000
31-01-2001,6297.5,6360.299805,6264.899902,6334.5,1631544000
01-02-2001,6251.799805,6309.899902,6233.399902,6297.5,1227940000
02-02-2001,6256.399902,6290.600098,6251.799805,6251.799805,1065183000
05-02-2001,6269.200195,6281.299805,6237.100098,6256.399902,959106000
06-02-2001,6293.399902,6306.700195,6262.600098,6269.200195,1315786000
07-02-2001,6225.700195,6293.399902,6197.299805,6293.399902,1856200000
08-02-2001,6206.100098,6265.5,6202.899902,6225.600098,1084611000
09-02-2001,6164.299805,6213.600098,6153.100098,6206.100098,1567588000
12-02-2001,6241.399902,6241.399902,6155.5,6164.299805,986581000
13-02-2001,6228.5,6263.299805,6209,6241.399902,1172373000
14-02-2001,6176.200195,6228.5,6131.600098,6228.5,1588897000
15-02-2001,6197.899902,6212.700195,6155.5,6176.200195,1153271000
16-02-2001,6088.299805,6197.899902,6082.799805,6197.899902,1125269000
19-02-2001,6094,6102.200195,6065.200195,6088.299805,875082000
20-02-2001,5980.100098,6134,5974.799805,6094,1048942000
21-02-2001,5972.399902,5998.899902,5921.700195,5980.100098,1311299000
22-02-2001,6003.100098,6011.299805,5937.100098,5972.399902,1270788000
23-02-2001,5943.700195,6023.399902,5904.700195,6003.100098,1073539000
26-02-2001,5916.799805,6003.5,5913.799805,5943.700195,985885000
27-02-2001,5941.200195,5975.299805,5906.899902,5916.700195,1106443000
28-02-2001,5917.899902,5997,5901.700195,5941.200195,1202259000
01-03-2001,5908.600098,5949.200195,5868.100098,5917.899902,1356359000
02-03-2001,5858.600098,5924.100098,5829.5,5908.600098,1269277000
05-03-2001,5931.299805,5931.299805,5856.899902,5858.600098,948674000
06-03-2001,6012,6027.600098,5928,5931.299805,1448596000
07-03-2001,6001.799805,6035.299805,5969.600098,6012,1301027000
08-03-2001,6003.200195,6050.399902,5982,6001.799805,1306219000
09-03-2001,5917.299805,6003.200195,5908.899902,6003.200195,854593000
12-03-2001,5826.5,5917.299805,5786.299805,5917.299805,954407000
13-03-2001,5720.700195,5826.5,5720.700195,5826.5,1264301000
14-03-2001,5626,5742.100098,5471.100098,5720.700195,1689747000
15-03-2001,5729.200195,5729.200195,5594.799805,5625.899902,1396920000
16-03-2001,5562.799805,5729.200195,5556.200195,5729.200195,1357290000
19-03-2001,5551.600098,5609.200195,5536.399902,5562.799805,1047462000
20-03-2001,5646.799805,5646.799805,5551.600098,5551.600098,1205264000
21-03-2001,5540.700195,5646.799805,5496,5646.799805,1329908000
22-03-2001,5314.799805,5540.700195,5279.600098,5540.700195,1669369000
23-03-2001,5402.299805,5438,5314.799805,5314.799805,1279995000
26-03-2001,5576.600098,5580.700195,5402.299805,5402.299805,1114984000
27-03-2001,5728.100098,5728.100098,5546.100098,5576.600098,1251084000
28-03-2001,5614,5728.200195,5592.200195,5728.100098,1148622000
29-03-2001,5588.399902,5614,5519.899902,5614,1370187000
30-03-2001,5633.700195,5664.799805,5574.100098,5588.399902,1167826000
02-04-2001,5618.5,5653.799805,5558.799805,5633.700195,931435000
03-04-2001,5463.100098,5618.5,5459.600098,5618.5,1230633000
04-04-2001,5535.700195,5537.299805,5354.299805,5463.100098,1444764000
05-04-2001,5621.799805,5658.899902,5528.700195,5535.700195,1326086000
06-04-2001,5601.5,5685.600098,5543.100098,5621.799805,1039958000
09-04-2001,5663.299805,5679.700195,5570.100098,5601.5,1008424000
10-04-2001,5803,5808.299805,5663,5663.299805,1475426000
11-04-2001,5788.100098,5841.299805,5766.799805,5803,1508439000
12-04-2001,5766.600098,5796,5735.200195,5788.100098,859679000
17-04-2001,5761.100098,5774.5,5654.899902,5766.600098,1044552000
18-04-2001,5890.200195,5902.600098,5760.700195,5761.100098,1421486000
19-04-2001,5871.600098,5943.399902,5844.700195,5890.200195,1832588000
20-04-2001,5879.799805,5897.700195,5819.700195,5871.600098,1199470000
23-04-2001,5871.299805,5889.100098,5834.5,5879.799805,1044823000
24-04-2001,5840.299805,5910.600098,5824.299805,5871.299805,1147118000
25-04-2001,5827.5,5840.299805,5788.200195,5840.299805,1211397000
26-04-2001,5868.299805,5868.299805,5777.600098,5827.5,1207724000
27-04-2001,5951.399902,5976.899902,5837.600098,5868.299805,1156833000
30-04-2001,5967,5995.399902,5948,5951.399902,915480000
01-05-2001,5928,5966.899902,5917,5966.899902,820044000
02-05-2001,5904.200195,5963.799805,5896.399902,5928,1807251000
03-05-2001,5765.799805,5904.200195,5755.700195,5904.200195,1833419000
04-05-2001,5870.299805,5871.700195,5753.899902,5765.799805,1302944000
08-05-2001,5886.399902,5893.700195,5842.600098,5870.299805,1242573000
09-05-2001,5893.700195,5905.299805,5826.799805,5886.399902,1122031000
10-05-2001,5964,5987.5,5874.5,5893.700195,1458985000
11-05-2001,5896.799805,5977.5,5890.399902,5964,1202303000
14-05-2001,5690.5,5896.799805,5690.5,5896.799805,970099000
15-05-2001,5842.899902,5858.200195,5690.5,5690.5,1101073000
16-05-2001,5884,5884.700195,5767.700195,5842.899902,1299735000
17-05-2001,5904.600098,5968.399902,5884,5884,1503363000
18-05-2001,5915,5942.200195,5888.899902,5904.5,1052413000
21-05-2001,5941.600098,5978.299805,5897.799805,5915,912076000
22-05-2001,5976.600098,5993.700195,5936.799805,5941.600098,1524011000
23-05-2001,5897.5,5976.600098,5897.399902,5976.600098,1066536000
24-05-2001,5915.899902,5950,5889.299805,5897.399902,886102000
25-05-2001,5889.799805,5929.799805,5859.799805,5915.899902,901015000
29-05-2001,5863.899902,5906.600098,5840.799805,5889.799805,1013593000
30-05-2001,5796.899902,5863.899902,5788.899902,5863.899902,1362278000
31-05-2001,5796.200195,5829.799805,5733.799805,5796.899902,1368030000
01-06-2001,5809.600098,5833.399902,5766.600098,5796.100098,1185659000
04-06-2001,5856.5,5861.799805,5809.100098,5809.600098,1083733000
05-06-2001,5922.600098,5923.899902,5842.200195,5856.5,1268595000
06-06-2001,5901.5,5959.700195,5891.899902,5922.5,1404442000
07-06-2001,5948.299805,5948.299805,5887.399902,5901.5,1063132000
08-06-2001,5950.600098,5981.799805,5934.799805,5948.299805,1284527000
11-06-2001,5860.5,5950.600098,5858.299805,5950.600098,1048606000
12-06-2001,5804,5879.5,5783.399902,5860.5,1462589000
13-06-2001,5820.200195,5862.100098,5804,5804,1092746000
14-06-2001,5752.600098,5820.200195,5734.600098,5820.200195,1199613000
15-06-2001,5723,5756.200195,5657.700195,5752.5,1474240000
18-06-2001,5671.600098,5723,5671.600098,5723,1069945000
19-06-2001,5680.399902,5743.600098,5667.200195,5671.600098,1125389000
20-06-2001,5699.600098,5711.899902,5622.5,5680.399902,1449088000
21-06-2001,5641.399902,5710.899902,5641.399902,5699.600098,1132273000
22-06-2001,5665.700195,5695.100098,5632.399902,5641.399902,1273118000
25-06-2001,5661.899902,5704.5,5638.399902,5665.700195,1004434000
26-06-2001,5555.700195,5666.299805,5537.299805,5661.899902,1293699000
27-06-2001,5607.899902,5608.299805,5555.700195,5555.700195,1225190000
28-06-2001,5638.399902,5645,5519.600098,5607.899902,1757764000
29-06-2001,5642.5,5656.399902,5604.799805,5638.399902,1530012000
02-07-2001,5716.700195,5723.399902,5614.600098,5642.5,1198422000
03-07-2001,5639.899902,5726.100098,5630.299805,5716.700195,1280903000
04-07-2001,5600.5,5644,5587.799805,5639.899902,863714000
05-07-2001,5549.600098,5601.299805,5509.700195,5600.5,1786448000
06-07-2001,5479.200195,5549.600098,5443.899902,5549.600098,1418545000
09-07-2001,5468.899902,5487.899902,5420.5,5479.200195,1231941000
10-07-2001,5467.899902,5509.399902,5461.200195,5468.899902,1171634000
11-07-2001,5391.899902,5468.5,5380.399902,5467.899902,1385919000
12-07-2001,5481.600098,5497.600098,5391.899902,5391.899902,1444934000
13-07-2001,5537,5544.100098,5439.600098,5481.600098,1054388000
16-07-2001,5517.100098,5537,5503.600098,5537,719890000
17-07-2001,5427.799805,5517.100098,5408.399902,5517.100098,1231432000
18-07-2001,5404.600098,5431.899902,5379,5427.799805,1346006000
19-07-2001,5437.399902,5437.399902,5322.200195,5404.600098,1371401000
20-07-2001,5387.100098,5437.399902,5350.399902,5437.399902,1087292000
23-07-2001,5405.299805,5446.799805,5365.799805,5387.100098,1097461000
24-07-2001,5320.200195,5412.799805,5313,5405.299805,1410634000
25-07-2001,5275.700195,5350.100098,5260.5,5320.200195,1445452000
26-07-2001,5286.100098,5322.700195,5269.5,5275.700195,1359113000
27-07-2001,5403.100098,5403.100098,5286.100098,5286.100098,1185116000
30-07-2001,5446.700195,5456.899902,5376.100098,5403.100098,895832000
31-07-2001,5529.100098,5531.799805,5408.799805,5446.700195,1231672000
01-08-2001,5546.899902,5549,5499.5,5529.100098,1041087000
02-08-2001,5584.5,5644.200195,5533.799805,5546.899902,1658767000
03-08-2001,5547.600098,5590.200195,5511.100098,5584.5,1103563000
06-08-2001,5526.399902,5561.200195,5516,5547.600098,769706000
07-08-2001,5536.799805,5546.600098,5448.200195,5526.399902,1097056000
08-08-2001,5476.5,5536.799805,5434.299805,5536.799805,1140378000
09-08-2001,5402.899902,5476.5,5376.700195,5476.5,1228885000
10-08-2001,5427.200195,5469,5398.5,5402.899902,991974000
13-08-2001,5431.100098,5465,5410.899902,5427.200195,830399000
14-08-2001,5507.799805,5525.600098,5430.600098,5431.100098,1161978000
15-08-2001,5461.600098,5533.200195,5456.600098,5507.799805,883580000
16-08-2001,5389.799805,5462.399902,5389.799805,5461.600098,1236228000
17-08-2001,5342.100098,5428.899902,5299.600098,5389.799805,1207775000
20-08-2001,5357.5,5372.100098,5286.700195,5342.100098,826138000
21-08-2001,5430.299805,5435.299805,5353.200195,5357.399902,898392000
22-08-2001,5408.700195,5471.600098,5373,5430.299805,1180759000
23-08-2001,5396.5,5433.399902,5371,5408.700195,1000127000
24-08-2001,5471.899902,5471.899902,5385.299805,5396.5,1047954000
28-08-2001,5434.700195,5475.5,5395.899902,5471.899902,1030949000
29-08-2001,5417.600098,5460.200195,5384.299805,5434.700195,1025780000
30-08-2001,5332.700195,5435.700195,5332.700195,5417.600098,1646279000
31-08-2001,5345,5378,5298.299805,5332.700195,1431648000
03-09-2001,5312.100098,5366.899902,5278.200195,5345,870028000
04-09-2001,5379.600098,5379.600098,5291.299805,5312.100098,1627624000
05-09-2001,5316.100098,5379.600098,5306.600098,5379.600098,1776194000
06-09-2001,5204.299805,5333,5189.799805,5316,1845607000
07-09-2001,5070.299805,5206.799805,5068.100098,5204.299805,1520468000
10-09-2001,5033.700195,5070.299805,4895.899902,5070.299805,1407758000
11-09-2001,4746,5129,4746,5033.700195,2155681000
12-09-2001,4882.100098,4882.100098,4651.799805,4746,1662122000
13-09-2001,4943.600098,4946.600098,4847.5,4882.100098,1299366000
14-09-2001,4755.799805,4970.100098,4743,4943.600098,1500844000
17-09-2001,4898.899902,4898.899902,4670.5,4755.700195,1465162000
18-09-2001,4848.700195,4899.399902,4772.200195,4898.899902,1589851000
19-09-2001,4721.700195,4874,4697.399902,4848.700195,2045486000
20-09-2001,4556.899902,4743.799805,4523.5,4721.700195,2561207000
21-09-2001,4433.700195,4556.899902,4219.799805,4556.899902,3057937000
24-09-2001,4613.899902,4615.5,4433.700195,4433.700195,1530732000
25-09-2001,4663.399902,4679.600098,4515.299805,4613.899902,1668566000
26-09-2001,4696.100098,4715,4606.600098,4663.399902,1648586000
27-09-2001,4763.600098,4763.600098,4651,4696.100098,1514930000
28-09-2001,4903.399902,4920.5,4763.600098,4763.600098,1380515000
01-10-2001,4785.600098,4903.399902,4768.100098,4903.399902,1075373000
02-10-2001,4832.299805,4833,4730.700195,4785.600098,1075324000
03-10-2001,4881.799805,4884.600098,4758.5,4832.299805,1229375000
04-10-2001,5016.200195,5034.299805,4881.799805,4881.799805,1869885000
05-10-2001,5036,5082.899902,4962.100098,5016.200195,1452212000
08-10-2001,5032.700195,5051,4902.700195,5036,1073658000
09-10-2001,5009.799805,5079.200195,4997,5032.700195,1427100000
10-10-2001,5153.100098,5153.100098,4978.200195,5009.799805,1397065000
11-10-2001,5164.899902,5279.799805,5136.899902,5153.100098,1905414000
12-10-2001,5145.5,5187.5,5081.200195,5164.899902,1401111000
15-10-2001,5067.299805,5148.399902,5046,5145.5,844370000
16-10-2001,5082.600098,5158.700195,5060.799805,5067.299805,1243630000
17-10-2001,5203.399902,5229.600098,5082.600098,5082.600098,1596280000
18-10-2001,5116,5203.399902,5090.200195,5203.399902,1191194000
19-10-2001,5017.700195,5116,5003.899902,5116,1089954000
22-10-2001,5070.399902,5078.200195,5017.700195,5017.700195,939318000
23-10-2001,5193.299805,5193.299805,5070.399902,5070.399902,1444261000
24-10-2001,5167.600098,5265.5,5133,5193.299805,1636139000
25-10-2001,5086.600098,5217,5043.200195,5167.600098,1303373000
26-10-2001,5188.700195,5188.700195,5086.600098,5086.600098,1162022000
29-10-2001,5085.899902,5188.600098,5083.299805,5188.600098,909862000
30-10-2001,5003.600098,5085.899902,4977.299805,5085.899902,1286300000
31-10-2001,5039.700195,5101.100098,4954.899902,5003.600098,1145383000
01-11-2001,5071.200195,5071.200195,4988.299805,5039.700195,888661000
02-11-2001,5129.5,5129.5,5071.200195,5071.200195,1126490000
05-11-2001,5209.100098,5213.799805,5124,5129.5,1018726000
06-11-2001,5214.100098,5272.5,5184.799805,5209.100098,1627486000
07-11-2001,5216.299805,5246.399902,5153.299805,5214.100098,1354763000
08-11-2001,5278.100098,5294.600098,5208.399902,5216.299805,1786081000
09-11-2001,5244.200195,5278.100098,5222.799805,5278.100098,1163419000
12-11-2001,5146.200195,5251.799805,5065.299805,5244.200195,964517000
13-11-2001,5277.100098,5284.299805,5146.200195,5146.200195,1267481000
14-11-2001,5240.799805,5366.399902,5214.299805,5277.100098,1746555000
15-11-2001,5238.200195,5297.100098,5193.399902,5240.700195,2215706000
16-11-2001,5291,5313.799805,5226.100098,5238.200195,1716306000
19-11-2001,5338,5383.200195,5285.600098,5291,1599203000
20-11-2001,5298.700195,5344.299805,5283.5,5338,1714781000
21-11-2001,5313.799805,5367.600098,5272.100098,5298.700195,1574416000
22-11-2001,5345.899902,5362.600098,5313.799805,5313.799805,1046407000
23-11-2001,5293.200195,5358.5,5220.799805,5345.899902,1178173000
26-11-2001,5302.5,5346,5273,5293.200195,1238333000
27-11-2001,5266,5332.5,5232.799805,5302.5,1473590000
28-11-2001,5205.200195,5283.299805,5182.200195,5266,1467339000
29-11-2001,5208.5,5213.200195,5152.100098,5205.200195,1465659000
30-11-2001,5203.600098,5216.899902,5146.5,5208.5,1451021000
03-12-2001,5164.600098,5203.600098,5152.299805,5203.600098,1034111000
04-12-2001,5212.100098,5218.600098,5164.600098,5164.600098,1397360000
05-12-2001,5333.5,5338.200195,5212.100098,5212.100098,1931317000
06-12-2001,5369.799805,5411.200195,5327.299805,5333.5,1847408000
07-12-2001,5264.700195,5388.799805,5258.700195,5369.799805,1198312000
10-12-2001,5185,5276.200195,5172.200195,5264.700195,1006896000
11-12-2001,5160.799805,5194.399902,5143.799805,5185,1225762000
12-12-2001,5120,5181.700195,5106,5160.799805,1268128000
13-12-2001,5074.899902,5134.100098,5035.799805,5120,1472305000
14-12-2001,5061,5092.299805,5032.299805,5074.899902,1113600000
17-12-2001,5136.299805,5151,5038.200195,5061,1019517000
18-12-2001,5151.100098,5181.899902,5124.899902,5136.299805,1225958000
19-12-2001,5120.600098,5157.799805,5091.399902,5151.100098,1105864000
20-12-2001,5080.200195,5151,5080.100098,5120.600098,898667000
21-12-2001,5159.200195,5182.200195,5044.299805,5080.200195,864336000
24-12-2001,5177.399902,5177.399902,5147.200195,5159.200195,117580000
27-12-2001,5213.200195,5213.200195,5160.799805,5177.399902,289998000
28-12-2001,5242.399902,5243.700195,5196,5213.200195,289698000
31-12-2001,5217.399902,5258,5203.600098,5242.399902,91481000
02-01-2002,5218.299805,5261.899902,5195.200195,5217.399902,630830000
03-01-2002,5318.799805,5328.399902,5218.299805,5218.299805,928236000
04-01-2002,5323.799805,5362.299805,5313.899902,5318.799805,1097681000
07-01-2002,5293.600098,5354.200195,5277.700195,5323.799805,900070000
08-01-2002,5250.399902,5307.299805,5238.700195,5293.600098,1495695000
09-01-2002,5228.5,5250.399902,5200.700195,5250.399902,1513884000
10-01-2002,5190.700195,5228.5,5177.600098,5228.5,1821097000
11-01-2002,5198.600098,5229.5,5171.700195,5190.700195,1295964000
14-01-2002,5113.5,5198.600098,5095.600098,5198.600098,992953000
15-01-2002,5166,5175.399902,5081.899902,5113.5,1339596000
16-01-2002,5127.600098,5168.100098,5106,5166,1359828000
17-01-2002,5138.5,5180.299805,5114.799805,5127.600098,1201297000
18-01-2002,5126.799805,5150.799805,5103.200195,5138.399902,1240965000
21-01-2002,5138.5,5146.5,5086,5126.799805,768790000
22-01-2002,5149.200195,5207.200195,5124.100098,5138.5,1282061000
23-01-2002,5180.700195,5201,5123.399902,5149.200195,1350862000
24-01-2002,5233.100098,5263.399902,5180.600098,5180.600098,1542325000
25-01-2002,5193.100098,5233.100098,5162.600098,5233.100098,1005766000
28-01-2002,5223.600098,5249.899902,5193,5193,1162073000
29-01-2002,5131.399902,5243.200195,5131.399902,5223.600098,1440669000
30-01-2002,5089.299805,5131.399902,5052.799805,5131.399902,1587506000
31-01-2002,5164.799805,5176.399902,5088.700195,5089.299805,1251560000
01-02-2002,5189.700195,5227.399902,5164.799805,5164.799805,1287733000
04-02-2002,5167.299805,5189.700195,5139.700195,5189.700195,1129378000
05-02-2002,5093.399902,5167.299805,5056.799805,5167.299805,1855334000
06-02-2002,5073.799805,5106.899902,5038.299805,5093.399902,1569711000
07-02-2002,5127,5127,5038.299805,5073.799805,1503798000
08-02-2002,5128.100098,5147.700195,5105,5127,1252660000
11-02-2002,5161.799805,5173.600098,5128.100098,5128.100098,1126447000
12-02-2002,5135.700195,5216.899902,5130.100098,5161.799805,1421478000
13-02-2002,5153.899902,5164.600098,5097.700195,5135.700195,1666439000
14-02-2002,5208.799805,5238,5151.899902,5153.899902,1480421000
15-02-2002,5182.5,5235.399902,5174.799805,5208.700195,1231771000
18-02-2002,5154.299805,5195.700195,5152.299805,5182.5,802308000
19-02-2002,5092.5,5154.299805,5089,5154.299805,1413038000
20-02-2002,5024.200195,5092.5,5015.5,5092.5,1627400000
21-02-2002,5073.299805,5096.600098,5024.100098,5024.100098,1392436000
22-02-2002,5050.799805,5074.100098,5016,5073.299805,1176774000
25-02-2002,5100.700195,5105.700195,5047.899902,5050.799805,1219187000
26-02-2002,5139,5157.399902,5100.799805,5100.799805,1688888000
27-02-2002,5178.399902,5196.899902,5129.600098,5139,1816678000
28-02-2002,5101,5178.399902,5093.700195,5178.399902,1717997000
01-03-2002,5169,5172.299805,5101,5101,1236433000
04-03-2002,5242,5270.700195,5169,5169,1491304000
05-03-2002,5214,5269.399902,5208,5242,1428424000
06-03-2002,5245.5,5251,5188.5,5214,1321399000
07-03-2002,5282.100098,5317.600098,5245.5,5245.5,1791389000
08-03-2002,5285.700195,5328.600098,5252.700195,5282.100098,1270976000
11-03-2002,5258.899902,5313.600098,5257.299805,5285.700195,887625000
12-03-2002,5252.5,5258.899902,5200.600098,5258.899902,1198671000
13-03-2002,5272,5307.299805,5237.600098,5252.5,1240671000
14-03-2002,5261.399902,5272,5237.200195,5272,1016366000
15-03-2002,5292.700195,5297.200195,5243.5,5261.399902,1284867000
18-03-2002,5299.899902,5320.799805,5278.700195,5292.700195,1151283000
19-03-2002,5316.100098,5331.600098,5299.899902,5299.899902,1390046000
20-03-2002,5266.899902,5316.100098,5253.5,5316.100098,1305529000
21-03-2002,5253.299805,5279.700195,5240.100098,5266.899902,1322076000
22-03-2002,5250.5,5268.399902,5235.299805,5253.299805,1738214000
25-03-2002,5203.600098,5298.399902,5203.600098,5250.5,1321371000
26-03-2002,5195.5,5222.200195,5170.5,5203.600098,1745513000
27-03-2002,5214.700195,5225.399902,5189.399902,5195.5,1449219000
28-03-2002,5271.799805,5286.399902,5214.700195,5214.700195,1175056000
02-04-2002,5251.399902,5271.799805,5231.5,5271.799805,1289126000
03-04-2002,5247.799805,5268.399902,5235.399902,5251.399902,1171639000
04-04-2002,5209.5,5247.799805,5187.700195,5247.799805,1360501000
05-04-2002,5233.600098,5261.100098,5207,5209.5,1169059000
08-04-2002,5178.600098,5238.799805,5149.299805,5233.600098,1354333000
09-04-2002,5179.600098,5213.200195,5164.600098,5178.600098,1594055000
10-04-2002,5229.100098,5236.100098,5155.100098,5179.600098,1484239000
11-04-2002,5137.399902,5243.700195,5136.299805,5229.100098,2131374000
12-04-2002,5161,5179.899902,5137.399902,5137.399902,1675198000
15-04-2002,5201.399902,5209,5153.200195,5161,1207913000
16-04-2002,5259.899902,5259.899902,5201.399902,5201.399902,1507658000
17-04-2002,5263.899902,5292.299805,5256.600098,5259.899902,1734308000
18-04-2002,5229.399902,5291.600098,5229.399902,5263.899902,1446234000
19-04-2002,5243.600098,5248.899902,5210.399902,5229.399902,1382113000
22-04-2002,5221.5,5243.600098,5209.5,5243.600098,1403822000
23-04-2002,5191,5241.600098,5171.5,5221.5,1828768000
24-04-2002,5218.200195,5225.299805,5169,5191,1704090000
25-04-2002,5197.5,5218.200195,5116,5218.200195,2237812000
26-04-2002,5159,5218,5141.899902,5197.5,1515311000
29-04-2002,5153.899902,5171.399902,5123.700195,5159,1088950000
30-04-2002,5165.600098,5168.799805,5131.899902,5153.899902,1389388000
01-05-2002,5125.5,5177.700195,5125,5165.600098,1035651000
02-05-2002,5174.100098,5192.700195,5125.5,5125.5,1821780000
03-05-2002,5203.100098,5236,5146.5,5174.100098,2132293000
07-05-2002,5119.899902,5203.100098,5082.700195,5203.100098,1685191000
08-05-2002,5209.100098,5209.100098,5119.899902,5119.899902,1507580000
09-05-2002,5197.600098,5216.600098,5178.299805,5209.100098,1601004000
10-05-2002,5171.200195,5204.299805,5160.200195,5197.600098,1328566000
13-05-2002,5204.799805,5208.200195,5147.5,5171.200195,1267997000
14-05-2002,5239.5,5260.899902,5181.899902,5204.799805,1639074000
15-05-2002,5259.100098,5272.200195,5236.700195,5239.5,1719006000
16-05-2002,5248.5,5278.899902,5241.899902,5259.100098,1491165000
17-05-2002,5218,5282.200195,5211.899902,5248.5,1215758000
20-05-2002,5208.100098,5246.5,5200.299805,5218,826481000
21-05-2002,5197.200195,5242.399902,5187.600098,5208.100098,1330375000
22-05-2002,5151.899902,5200.5,5137,5197.200195,1485300000
23-05-2002,5175.299805,5195.899902,5129.399902,5151.899902,1350431000
24-05-2002,5169.100098,5197.100098,5166.799805,5175.299805,1202782000
27-05-2002,5136.299805,5187.899902,5136,5169.100098,1187779000
28-05-2002,5074.200195,5169.100098,5062.399902,5136.299805,2021223000
29-05-2002,5083,5085.100098,5056.399902,5074.200195,1819305000
30-05-2002,5040.799805,5083,5016.899902,5083,1860042000
31-05-2002,5085.100098,5085.100098,5036.299805,5040.799805,1882118000
05-06-2002,4989.200195,5085.100098,4971.399902,5085.100098,1863203000
06-06-2002,4957.600098,5016.700195,4951.399902,4989.100098,1980855000
07-06-2002,4920.399902,4957.600098,4851.200195,4957.600098,1672065000
10-06-2002,4928.200195,4948.299805,4905,4920.399902,1268007000
11-06-2002,4934.799805,4943.700195,4888.299805,4928.200195,1495113000
12-06-2002,4851.700195,4934.799805,4850.799805,4934.799805,1430983000
13-06-2002,4771.899902,4882.799805,4762.200195,4851.700195,1581595000
14-06-2002,4630.799805,4771.899902,4565.399902,4771.899902,2409801000
17-06-2002,4756.799805,4761.700195,4630.799805,4630.799805,1528700000
18-06-2002,4702,4775.100098,4697.700195,4756.799805,1560406000
19-06-2002,4652.399902,4702,4616.700195,4702,1866288000
20-06-2002,4580.299805,4679.600098,4568.399902,4652.399902,1747589000
21-06-2002,4605.399902,4641.399902,4506.299805,4580.299805,1553388000
24-06-2002,4541.899902,4644.600098,4537.700195,4605.299805,1392884000
25-06-2002,4631,4648.100098,4541.899902,4541.899902,1737983000
26-06-2002,4531,4631,4442.899902,4631,2136815000
27-06-2002,4540.700195,4589.600098,4521,4531,2004122000
28-06-2002,4656.399902,4657.100098,4540.600098,4540.600098,1770741000
01-07-2002,4685.799805,4708.700195,4620.700195,4656.399902,1440558000
02-07-2002,4546.799805,4685.799805,4530.700195,4685.799805,1528863000
03-07-2002,4392.600098,4572.700195,4392.600098,4546.799805,2070105000
04-07-2002,4471.200195,4471.700195,4392.600098,4392.600098,1243592000
05-07-2002,4615.700195,4618.799805,4471.200195,4471.200195,1491220000
08-07-2002,4601.299805,4615.600098,4552,4615.600098,1273599000
09-07-2002,4542.899902,4636.100098,4493,4601.299805,1808114000
10-07-2002,4420.100098,4542.899902,4420.100098,4542.899902,1679877000
11-07-2002,4230.100098,4420.100098,4230,4420.100098,1941559000
12-07-2002,4224.100098,4341.100098,4171,4230,1798720000
15-07-2002,3994.5,4258.700195,3974.600098,4224.100098,1967103000
16-07-2002,4021.899902,4080,3860.300049,3994.5,2784455000
17-07-2002,4190.600098,4200,3966.800049,4021.899902,3273427000
18-07-2002,4297.299805,4301.200195,4168.100098,4190.600098,2312465000
19-07-2002,4098.299805,4297.299805,4098.299805,4297.299805,1629787000
22-07-2002,3895.5,4098.299805,3895.5,4098.299805,1653423000
23-07-2002,3858,3994.399902,3794.399902,3895.5,1947629000
24-07-2002,3777.100098,3858,3625.899902,3858,2566860000
25-07-2002,3965.899902,3965.899902,3777.100098,3777.100098,2624539000
26-07-2002,4016.699951,4029.5,3854.199951,3965.899902,1712905000
29-07-2002,4202.700195,4202.700195,4016.600098,4016.600098,1810431000
30-07-2002,4180.899902,4271.299805,4133.700195,4202.700195,1604779000
31-07-2002,4246.200195,4306.100098,4169.399902,4180.899902,2186077000
01-08-2002,4044.5,4282.399902,4043.5,4246.200195,1580874000
02-08-2002,4075.600098,4102.5,4023.300049,4044.5,1465225000
05-08-2002,3996.399902,4080.899902,3946.399902,4075.5,1246155000
06-08-2002,4131,4136.100098,3900.699951,3996.399902,1848114000
07-08-2002,4094.399902,4206.899902,4069,4131,1467236000
08-08-2002,4240.5,4240.5,4094.399902,4094.399902,1475889000
09-08-2002,4322.399902,4322.399902,4190.399902,4240.5,1350526000
12-08-2002,4221.600098,4322.399902,4212.700195,4322.399902,872799000
13-08-2002,4271.700195,4271.700195,4162.5,4221.600098,1874765000
14-08-2002,4171.100098,4271.700195,4158.299805,4271.700195,1376470000
15-08-2002,4327.5,4345.700195,4171.100098,4171.100098,1394786000
16-08-2002,4330,4382.299805,4285.899902,4327.5,1316242000
19-08-2002,4426.899902,4432.299805,4307.700195,4330,1272622000
20-08-2002,4368.899902,4452.399902,4361.5,4426.799805,1338496000
21-08-2002,4364.799805,4466.399902,4348.899902,4368.899902,1745245000
22-08-2002,4434.700195,4437.200195,4364.799805,4364.799805,1489677000
23-08-2002,4389.799805,4455.299805,4389.799805,4434.700195,962748000
27-08-2002,4449.700195,4464,4358.299805,4389.799805,1053274000
28-08-2002,4274,4449.700195,4274,4449.700195,1509387000
29-08-2002,4209.299805,4274,4179.299805,4274,1177941000
30-08-2002,4227.299805,4259.299805,4173.5,4209.299805,1143151000
02-09-2002,4180.899902,4227.299805,4156.200195,4227.299805,663090000
03-09-2002,4028.699951,4180.899902,3991,4180.899902,1676898000
04-09-2002,4027,4071.600098,3990.300049,4028.600098,1578398000
05-09-2002,4011,4064.699951,3918.600098,4026.899902,1635534000
06-09-2002,4107.200195,4138.299805,3981.899902,4011,1281621000
09-09-2002,4062.399902,4107.200195,4035.5,4107.200195,1008748000
10-09-2002,4175.5,4177.600098,4062.399902,4062.399902,1312629000
11-09-2002,4210.700195,4246.399902,4129.399902,4175.5,1121109000
12-09-2002,4084.899902,4210.700195,4078.699951,4210.700195,1737951000
13-09-2002,4008,4085.300049,3927.800049,4084.899902,1792390000
16-09-2002,4044.300049,4068.399902,3973.699951,4008,902449000
17-09-2002,4025.199951,4150.200195,4014.699951,4044.300049,1502484000
18-09-2002,3865.399902,4025.100098,3865.399902,4025.100098,1665564000
19-09-2002,3813.5,3896.899902,3781.600098,3865.399902,2066998000
20-09-2002,3860.100098,4064.100098,3755.600098,3813.5,4420947000
23-09-2002,3739.399902,3925.199951,3717.800049,3860.100098,1271055000
24-09-2002,3671.100098,3761.100098,3609.899902,3739.399902,2019212000
25-09-2002,3696.300049,3771.5,3624.199951,3671.100098,2047010000
26-09-2002,3850.600098,3850.600098,3696.199951,3696.199951,1973983000
27-09-2002,3907.199951,3920.300049,3831.199951,3850.600098,1449881000
30-09-2002,3721.800049,3907.199951,3669.699951,3907.199951,2298956000
01-10-2002,3797.399902,3806.399902,3690.399902,3721.800049,1801208000
02-10-2002,3905.300049,3925.600098,3797.399902,3797.399902,1915720000
03-10-2002,3880.300049,3961.5,3855.5,3905.199951,1732009000
04-10-2002,3813.800049,3886.199951,3793.699951,3880.300049,1563721000
07-10-2002,3780.899902,3813.800049,3733.399902,3813.800049,1365343000
08-10-2002,3730.5,3840.5,3723.899902,3780.899902,1464271000
09-10-2002,3742.399902,3778.300049,3704.300049,3730.5,1768134000
10-10-2002,3777.300049,3780.399902,3663.399902,3742.399902,1741466000
11-10-2002,3953.399902,3953.399902,3777.300049,3777.300049,1927910000
14-10-2002,3931.600098,3992.600098,3908.100098,3953.399902,1191616000
15-10-2002,4130.299805,4130.299805,3931.600098,3931.600098,1795993000
16-10-2002,4057.699951,4179.600098,4031.600098,4130.299805,1868695000
17-10-2002,4170.700195,4189,4057.699951,4057.699951,2210396000
18-10-2002,4130.5,4197.5,4075.399902,4170.700195,1559359000
21-10-2002,4133.799805,4156.299805,4086.5,4130.5,1120832000
22-10-2002,4118.899902,4184.600098,4108.799805,4133.799805,1589151000
23-10-2002,4006.899902,4166.600098,4006.899902,4118.899902,1436536000
24-10-2002,4103.700195,4107.700195,4006.899902,4006.899902,1606631000
25-10-2002,4051.100098,4103.700195,4019.800049,4103.700195,1293878000
28-10-2002,4090.5,4147.899902,4051.100098,4051.100098,1108894000
29-10-2002,3935.899902,4090.5,3919.399902,4090.5,1673044000
30-10-2002,4002.699951,4002.699951,3934.600098,3935.899902,1298032000
31-10-2002,4039.699951,4073,3978.699951,4002.699951,1664973000
01-11-2002,3997,4039.699951,3953.300049,4039.699951,2041795000
04-11-2002,4141.5,4143.399902,3997,3997,1719876000
05-11-2002,4146.100098,4146.100098,4083.100098,4141.5,2705990000
06-11-2002,4103.700195,4192.399902,4101,4146.100098,2478157000
07-11-2002,4081.300049,4147.100098,4073.399902,4103.700195,1748965000
08-11-2002,4034.600098,4091.600098,4026.199951,4081.300049,1939232000
11-11-2002,4015.600098,4044,3961,4034.600098,1376824000
12-11-2002,4085.100098,4085.100098,4013.899902,4015.600098,2505847000
13-11-2002,4029.399902,4085,3986.899902,4085,2422633000
14-11-2002,4053.100098,4064,3985.399902,4029.399902,2664135000
15-11-2002,4091.600098,4117.399902,4053.100098,4053.100098,1910183000
18-11-2002,4116,4164.700195,4087,4091.600098,1548176000
19-11-2002,4096.5,4116.899902,4070.699951,4116,1826348000
20-11-2002,4094.899902,4118.399902,4069.300049,4096.5,1586427000
21-11-2002,4190,4194.799805,4094.899902,4094.899902,2311369000
22-11-2002,4175.200195,4224.799805,4162.799805,4190,1902719000
25-11-2002,4122.200195,4197.700195,4108,4175.200195,1573716000
26-11-2002,4071,4142.100098,4058.300049,4122.200195,2002820000
27-11-2002,4144.200195,4146.200195,4060.899902,4071,1738392000
28-11-2002,4185.399902,4202.200195,4138.899902,4144.200195,1516836000
29-11-2002,4169.399902,4206.799805,4130.299805,4185.399902,1371248000
02-12-2002,4154.299805,4218.600098,4149.799805,4169.399902,1529519000
03-12-2002,4075.399902,4154.299805,4070.600098,4154.299805,1519425000
04-12-2002,4048.600098,4075.399902,4023,4075.399902,1599691000
05-12-2002,4032.399902,4109.899902,4019.600098,4048.600098,1727804000
06-12-2002,4013.5,4050.399902,3931.899902,4032.399902,1364604000
09-12-2002,3933.899902,4039.800049,3933.899902,4013.5,1272599000
10-12-2002,3925,3985.600098,3912.100098,3933.899902,1670628000
11-12-2002,3974.899902,3995,3919.899902,3925,1899481000
12-12-2002,3935.300049,3982.300049,3916,3974.899902,1920021000
13-12-2002,3878.100098,3961.800049,3839.399902,3935.300049,1305732000
16-12-2002,3984,3987.899902,3846.800049,3878.100098,1469197000
17-12-2002,3908.699951,3999.800049,3906.100098,3984,1772309000
18-12-2002,3835.199951,3911.399902,3827.800049,3908.699951,1837026000
19-12-2002,3841.399902,3907.199951,3803.399902,3835.199951,1518155000
20-12-2002,3889.899902,3893.300049,3841.399902,3841.399902,1233071000
23-12-2002,3936.899902,3936.899902,3887.600098,3889.899902,584866000
24-12-2002,3942.100098,3957.699951,3923.399902,3936.899902,137719000
27-12-2002,3829.399902,3944.100098,3822.199951,3942.100098,328344000
30-12-2002,3900.600098,3903.699951,3805.100098,3829.399902,433616000
31-12-2002,3940.399902,3949.100098,3890.699951,3900.600098,208461000
02-01-2003,4009.5,4009.5,3915.800049,3940.399902,824018000
03-01-2003,4005,4027.600098,3991.199951,4009.5,802181000
06-01-2003,4001.399902,4025.5,3930.899902,4004.899902,1123294000
07-01-2003,3957.399902,4015.399902,3925.399902,4001.399902,1285890000
08-01-2003,3924.800049,3957.399902,3906.800049,3957.399902,1634166000
09-01-2003,3934,3942.5,3865.800049,3924.800049,1951196000
10-01-2003,3974.100098,3997.199951,3926,3934,1878345000
13-01-2003,3948.300049,4020.199951,3921.899902,3974.100098,1611201000
14-01-2003,3945.600098,3983.800049,3924.300049,3948.300049,1648612000
15-01-2003,3887.800049,3963.199951,3880.100098,3945.600098,1667456000
16-01-2003,3881.800049,3900.800049,3863.100098,3887.800049,1515970000
17-01-2003,3820.600098,3881.800049,3820.600098,3881.800049,1856027000
20-01-2003,3778.600098,3853.399902,3774.100098,3820.600098,1494782000
21-01-2003,3736.699951,3815,3736.699951,3778.600098,1527282000
22-01-2003,3678,3752.800049,3658.399902,3736.699951,2142957000
23-01-2003,3622.199951,3721.699951,3622.199951,3678,2089407000
24-01-2003,3603.699951,3665.199951,3583.699951,3622.199951,2154926000
27-01-2003,3480.800049,3603.699951,3460.300049,3603.699951,2324958000
28-01-2003,3490,3538.5,3464.100098,3480.800049,2396113000
29-01-2003,3483.800049,3493.699951,3391.5,3490,2604081000
30-01-2003,3578.699951,3579.600098,3483.800049,3483.800049,2170263000
31-01-2003,3567.399902,3580.5,3510.600098,3578.699951,1776376000
03-02-2003,3689.399902,3698.899902,3567.399902,3567.399902,1772630000
04-02-2003,3590.100098,3689.399902,3590.100098,3689.399902,1731698000
05-02-2003,3678.699951,3678.699951,3569,3590.100098,1616247000
06-02-2003,3597,3689.699951,3563.899902,3678.699951,1839688000
07-02-2003,3599.199951,3639.100098,3568.399902,3597,1534147000
10-02-2003,3579.100098,3626.399902,3568.100098,3599.199951,1312852000
11-02-2003,3669.199951,3675,3579.100098,3579.100098,1561575000
12-02-2003,3616.100098,3669.199951,3613.300049,3669.199951,1487496000
13-02-2003,3610.800049,3640.699951,3568.699951,3616.100098,1859635000
14-02-2003,3611.899902,3683.600098,3601.5,3610.800049,2022443000
17-02-2003,3692.399902,3692.399902,3611.899902,3611.899902,1185132000
18-02-2003,3729.5,3747,3669.600098,3692.399902,1594782000
19-02-2003,3658.300049,3738.5,3657.899902,3729.5,1689451000
20-02-2003,3687.300049,3724.699951,3655.800049,3658.300049,1700741000
21-02-2003,3727.100098,3727.100098,3660.199951,3687.199951,1382086000
24-02-2003,3701.800049,3746.5,3699.800049,3727.100098,1221485000
25-02-2003,3621.5,3701.800049,3592.100098,3701.800049,1883066000
26-02-2003,3593.300049,3652,3558.800049,3621.5,1755562000
27-02-2003,3569.899902,3627.399902,3535.100098,3593.300049,2153783000
28-02-2003,3655.600098,3655.600098,3553.600098,3569.899902,1792365000
03-03-2003,3684.699951,3714.899902,3640.800049,3655.600098,1383022000
04-03-2003,3625.300049,3684.699951,3612.600098,3684.699951,1692176000
05-03-2003,3563.5,3625.300049,3558.800049,3625.300049,2026180000
06-03-2003,3555.399902,3590.300049,3526.100098,3563.5,1478761000
07-03-2003,3491.600098,3555.399902,3467.199951,3555.399902,1671431000
10-03-2003,3436.100098,3502.399902,3434.5,3491.600098,1444877000
11-03-2003,3452.699951,3468.5,3400.300049,3436,1890917000
12-03-2003,3287,3466.399902,3277.5,3452.699951,2141170000
13-03-2003,3486.899902,3489.100098,3287,3287,2144602000
14-03-2003,3601.800049,3612.899902,3486.899902,3486.899902,2346881000
17-03-2003,3722.300049,3774.300049,3525.300049,3601.800049,1479570000
18-03-2003,3747.300049,3810.800049,3714,3722.300049,2631886000
19-03-2003,3765.399902,3828.300049,3716.5,3747.300049,2562979000
20-03-2003,3765.699951,3790.699951,3715.800049,3765.399902,1724374000
21-03-2003,3861.100098,3881.699951,3765.699951,3765.699951,1719233000
24-03-2003,3743.300049,3861.100098,3734.100098,3861.100098,1199205000
25-03-2003,3762,3782.800049,3660.399902,3743.300049,1799558000
26-03-2003,3793.100098,3809.5,3735,3762,1609739000
27-03-2003,3729.100098,3793.100098,3711.5,3793.100098,1581658000
28-03-2003,3708.5,3752.600098,3695.699951,3729.100098,1289804000
31-03-2003,3613.300049,3708.5,3580.899902,3708.5,1399643000
01-04-2003,3684.800049,3691.800049,3612.300049,3613.300049,1390913000
02-04-2003,3753.399902,3778.300049,3682,3684.800049,1757136000
03-04-2003,3771.100098,3808.5,3744.399902,3753.399902,1730926000
04-04-2003,3814.399902,3841.699951,3751.699951,3771.100098,1489199000
07-04-2003,3935.800049,3962.199951,3814.399902,3814.399902,1699069000
08-04-2003,3868.800049,3935.800049,3868.5,3935.800049,1606528000
09-04-2003,3861.399902,3907.100098,3824.5,3868.800049,1518967000
10-04-2003,3803.300049,3870.699951,3803.199951,3861.399902,1322266000
11-04-2003,3808.100098,3871.399902,3803.300049,3803.300049,1239381000
14-04-2003,3849.399902,3857.399902,3800.699951,3808.100098,1049779000
15-04-2003,3916.899902,3926.5,3849.399902,3849.399902,1425492000
16-04-2003,3854.899902,3967.800049,3849.5,3916.800049,1796312000
17-04-2003,3889.199951,3904.600098,3826.100098,3854.899902,1048616000
22-04-2003,3917.699951,3924.199951,3873.899902,3889.199951,970975000
23-04-2003,3966.5,3997.300049,3917.699951,3917.699951,1707235000
24-04-2003,3899,3977.800049,3892.199951,3966.5,1506462000
25-04-2003,3870.199951,3919.399902,3859.899902,3899,1380174000
28-04-2003,3940.300049,3943,3855.5,3870.199951,1208580000
29-04-2003,3927.800049,3976.199951,3915,3940.300049,1810670000
30-04-2003,3926,3943,3912.300049,3927.800049,1652092000
01-05-2003,3880.100098,3926,3875.300049,3926,934236000
02-05-2003,3952.600098,3952.600098,3880.100098,3880.100098,1443053000
06-05-2003,4006.399902,4007,3952.600098,3952.600098,1628739000
07-05-2003,3992.899902,4038.5,3981.699951,4006.399902,1828499000
08-05-2003,3928.899902,3992.899902,3919.5,3992.899902,1684496000
09-05-2003,3969.399902,3974.5,3912.800049,3928.899902,1372545000
12-05-2003,3987.399902,3991,3941.100098,3969.399902,1056404000
13-05-2003,3999.899902,4008.800049,3976.100098,3987.399902,1332899000
14-05-2003,3975,4023.199951,3971.699951,3999.899902,1590544000
15-05-2003,4011.100098,4020.300049,3965.600098,3975,1533675000
16-05-2003,4049,4080.800049,4011.100098,4011.100098,1816407000
19-05-2003,3941.300049,4049,3932.5,4049,1335744000
20-05-2003,3971.600098,3985,3928.399902,3941.300049,2020430000
21-05-2003,3936.399902,3971.600098,3907.800049,3971.600098,1614951000
22-05-2003,3990.5,3990.5,3936.399902,3936.399902,1687140000
23-05-2003,3979.800049,4012,3954,3990.399902,1633115000
27-05-2003,3992.399902,4000.699951,3920.199951,3979.800049,1842217000
28-05-2003,4071.899902,4073.100098,3992.399902,3992.399902,1738764000
29-05-2003,4083.600098,4095.5,4044.399902,4071.899902,1501105000
30-05-2003,4048.100098,4096,4048.100098,4083.600098,1936392000
02-06-2003,4129.299805,4129.299805,4048.100098,4048.100098,1350023000
03-06-2003,4115.700195,4129.299805,4074.399902,4129.299805,1377444000
04-06-2003,4126.600098,4143.5,4093.100098,4115.700195,1838606000
05-06-2003,4104.299805,4148.399902,4083.100098,4126.600098,1833428000
06-06-2003,4150.799805,4178.5,4104.299805,4104.299805,1985065000
09-06-2003,4129.100098,4150.799805,4101.100098,4150.799805,1246896000
10-06-2003,4113,4132.399902,4108.600098,4129.100098,1815481000
11-06-2003,4150.200195,4162.100098,4113,4113,2018955000
12-06-2003,4161.299805,4193.600098,4150,4150.100098,1905479000
13-06-2003,4134.100098,4180.100098,4124.899902,4161.299805,1179668000
16-06-2003,4152.899902,4174.299805,4112.399902,4134.100098,1390218000
17-06-2003,4190.399902,4199.100098,4152.899902,4152.899902,2071921000
18-06-2003,4207,4218.799805,4172.799805,4190.399902,2034307000
19-06-2003,4131.5,4210.799805,4128.700195,4207,1587502000
20-06-2003,4160.100098,4169.100098,4119,4131.5,1359240000
23-06-2003,4087.899902,4160.100098,4081.300049,4160.100098,1330486000
24-06-2003,4060.899902,4094.899902,4052.399902,4087.899902,1631847000
25-06-2003,4067.899902,4089.899902,4049.800049,4060.899902,2014436000
26-06-2003,4041.699951,4077.199951,4029.199951,4067.899902,1502693000
27-06-2003,4067.800049,4073.100098,4040.800049,4041.699951,1304274000
30-06-2003,4031.199951,4099,4021.600098,4067.800049,1432136000
01-07-2003,3963.899902,4040.699951,3951.5,4031.199951,1754747300
02-07-2003,4006.899902,4025.800049,3963.899902,3963.899902,2039364000
03-07-2003,4024.800049,4031.399902,3980.300049,4006.899902,1844877400
04-07-2003,4021.5,4031.399902,4001.300049,4024.800049,874300100
07-07-2003,4074.800049,4076.800049,4021.100098,4021.5,1378312600
08-07-2003,4073.600098,4088.199951,4051.399902,4074.800049,1718774400
09-07-2003,4054.699951,4086.600098,4048.600098,4073.600098,1581459600
10-07-2003,4028.800049,4068.199951,4014.5,4054.699951,1448587800
11-07-2003,4058.100098,4064.199951,4013.699951,4028.800049,1289993900
14-07-2003,4127.600098,4135.899902,4058.100098,4058.100098,1323850900
15-07-2003,4102.5,4135.600098,4102.5,4127.600098,1673878700
16-07-2003,4077.100098,4132,4077.100098,4102.5,2034302800
17-07-2003,4056.600098,4082.600098,4031.899902,4077.100098,2023797900
18-07-2003,4073.199951,4090.300049,4056.600098,4056.600098,1320108300
21-07-2003,4044.300049,4097.899902,4043.800049,4073.199951,1242849700
22-07-2003,4079.800049,4079.800049,4043.5,4044.300049,1811406200
23-07-2003,4086.5,4115.200195,4077.899902,4079.699951,1772697200
24-07-2003,4149.600098,4155.200195,4086.5,4086.5,1873260900
25-07-2003,4131.200195,4149.600098,4116.299805,4149.600098,1417652800
28-07-2003,4148.799805,4183,4131.200195,4131.200195,1306518600
29-07-2003,4137,4164.399902,4125,4148.799805,1698880200
30-07-2003,4141.200195,4159.299805,4131.700195,4137,1312864600
31-07-2003,4157,4171,4114.100098,4141.200195,1761536000
01-08-2003,4098.399902,4157,4096.700195,4157,1414267300
04-08-2003,4100.100098,4147.399902,4086.199951,4098.399902,1317699300
05-08-2003,4121,4131,4091.100098,4100.100098,1351100400
06-08-2003,4070.399902,4121,4044.899902,4121,1582264600
07-08-2003,4095.600098,4095.600098,4059.699951,4070.399902,1649721100
08-08-2003,4147.799805,4160.700195,4095.600098,4095.600098,1707488300
11-08-2003,4176.700195,4181.700195,4147.799805,4147.799805,1255757900
12-08-2003,4185.600098,4203.5,4170.899902,4176.700195,1243595500
13-08-2003,4180.700195,4216.799805,4175.100098,4185.600098,1535384600
14-08-2003,4237.799805,4242.799805,4180.700195,4180.700195,1799338600
15-08-2003,4247.299805,4266.399902,4233.5,4237.799805,1344518300
18-08-2003,4272.100098,4272.600098,4244.600098,4247.299805,1093759700
19-08-2003,4250.799805,4286.899902,4246.299805,4272.100098,1573595500
20-08-2003,4217.399902,4254.399902,4196.5,4250.799805,1517095200
21-08-2003,4223.5,4250.399902,4217.100098,4217.399902,1508749100
22-08-2003,4225.899902,4265.299805,4222,4223.5,1415583000
26-08-2003,4177.399902,4227.799805,4171.600098,4225.899902,1696856900
27-08-2003,4206.399902,4214.299805,4177.399902,4177.399902,1533279800
28-08-2003,4198,4229,4182.5,4206.399902,1444709700
29-08-2003,4161.100098,4227.700195,4161.100098,4198,1680297900
01-09-2003,4204.399902,4222.100098,4161.100098,4161.100098,1428093400
02-09-2003,4204.399902,4218.5,4193.299805,4204.399902,2049612300
03-09-2003,4262.100098,4279.100098,4204.399902,4204.399902,2135917300
04-09-2003,4248.799805,4270.200195,4240.700195,4262.100098,1888510400
05-09-2003,4257.200195,4261,4227.100098,4248.799805,1839870400
08-09-2003,4292.100098,4298,4250.299805,4257.200195,1569109000
09-09-2003,4263.899902,4293.700195,4254.299805,4292.100098,1840525400
10-09-2003,4252.100098,4263.899902,4240.700195,4263.899902,1864897900
11-09-2003,4242.200195,4266.200195,4227.200195,4252.100098,1729597700
12-09-2003,4237.799805,4276.200195,4229.600098,4242.200195,1624087200
15-09-2003,4260.899902,4277,4237.799805,4237.799805,1616116600
16-09-2003,4299,4301.899902,4259.5,4260.899902,1778827100
17-09-2003,4293,4329.600098,4293,4299,2037072200
18-09-2003,4314.700195,4314.700195,4284.399902,4293,1787772700
19-09-2003,4257,4321,4244.799805,4314.700195,2042255900
22-09-2003,4228.200195,4257,4198.200195,4257,1654632100
23-09-2003,4221.700195,4251.399902,4200.799805,4228.200195,2147404500
24-09-2003,4236.399902,4265.299805,4221.700195,4221.700195,2117074100
25-09-2003,4202.200195,4236.399902,4176.5,4236.399902,1926333300
26-09-2003,4157.100098,4202.200195,4146.399902,4202.200195,1971722600
29-09-2003,4142.700195,4190.700195,4135.899902,4157.100098,1710707900
30-09-2003,4091.300049,4164,4081.800049,4142.700195,1938646200
01-10-2003,4169.200195,4169.200195,4091.300049,4091.300049,2087616700
02-10-2003,4209.100098,4209.100098,4169.200195,4169.200195,1870685500
03-10-2003,4274,4285.399902,4206.799805,4209.100098,1898122300
06-10-2003,4270.100098,4286,4260.200195,4274,1321029100
07-10-2003,4272,4275.600098,4241.700195,4270.100098,1787527400
08-10-2003,4268.600098,4315.600098,4257.5,4272,2007120900
09-10-2003,4313.899902,4316.799805,4259.200195,4268.600098,1765327300
10-10-2003,4311,4327,4291.399902,4313.899902,1993951800
13-10-2003,4362.299805,4362.299805,4310.100098,4311,1437187600
14-10-2003,4334.100098,4375,4323.899902,4362.299805,1813436100
15-10-2003,4368.799805,4393.799805,4334.100098,4334.100098,2144064200
16-10-2003,4339.700195,4371.200195,4326.399902,4368.799805,1774971900
17-10-2003,4344,4360.100098,4334.5,4339.700195,1876887700
20-10-2003,4347.600098,4370.399902,4329.399902,4344,1383834500
21-10-2003,4352.299805,4377.600098,4347.100098,4347.5,1805893600
22-10-2003,4285.600098,4359.399902,4266.100098,4352.299805,2138838400
23-10-2003,4240.200195,4285.600098,4212.5,4285.600098,2071427200
24-10-2003,4239,4248.700195,4219,4240.200195,1316366500
27-10-2003,4251.299805,4267,4238.100098,4239,1305951700
28-10-2003,4272.899902,4280.100098,4251.299805,4251.299805,1535864500
29-10-2003,4265.700195,4293.100098,4256.200195,4272.899902,1608633300
30-10-2003,4300.899902,4332.899902,4260.299805,4265.700195,1881952400
31-10-2003,4287.600098,4300.899902,4274,4300.899902,1741273700
03-11-2003,4332.600098,4338.100098,4286.100098,4287.600098,1402839400
04-11-2003,4330.299805,4352.600098,4322.399902,4332.600098,1806899900
05-11-2003,4303.399902,4330.299805,4288.100098,4330.299805,1827150700
06-11-2003,4324.200195,4337.700195,4283.399902,4303.399902,1783428100
07-11-2003,4376.899902,4389.200195,4324.200195,4324.200195,2006612400
10-11-2003,4341.799805,4376.899902,4338.600098,4376.899902,1269205300
11-11-2003,4345.100098,4349.200195,4313.5,4341.799805,1316992300
12-11-2003,4371.299805,4372.700195,4336.200195,4345.100098,1644561100
13-11-2003,4373,4406.799805,4361.200195,4371.200195,1953130900
14-11-2003,4397,4412.899902,4373,4373,1741157600
17-11-2003,4338.899902,4397,4337.299805,4397,1660488900
18-11-2003,4354.700195,4375.299805,4338.899902,4338.899902,2145406400
19-11-2003,4327.399902,4354.700195,4316.100098,4354.700195,2117673400
20-11-2003,4308,4356.5,4270.5,4327.399902,2092277000
21-11-2003,4319,4324,4295.600098,4308,1673561500
24-11-2003,4382.399902,4384.5,4319,4319,1838710300
25-11-2003,4388.799805,4409.399902,4378.100098,4382.399902,2145404700
26-11-2003,4370.399902,4423.600098,4366.700195,4388.700195,2007166700
27-11-2003,4361.100098,4390.399902,4350.700195,4370.299805,1043348200
28-11-2003,4342.600098,4380.200195,4333.200195,4361.100098,1299647300
01-12-2003,4410,4410,4342.600098,4342.600098,1574257800
02-12-2003,4378.899902,4416.5,4359.899902,4410,1956833600
03-12-2003,4392,4401.600098,4373,4378.899902,2145700500
04-12-2003,4378.200195,4392,4371.5,4392,1748247800
05-12-2003,4367,4385.399902,4337.700195,4378.200195,1518092200
08-12-2003,4359.799805,4367.299805,4338.299805,4367,1274517800
09-12-2003,4379.600098,4407.5,4359.799805,4359.799805,1900909900
10-12-2003,4335.399902,4379.600098,4312.5,4379.600098,1954990700
11-12-2003,4331.299805,4347.200195,4316.200195,4335.399902,1852654200
12-12-2003,4347.600098,4366.799805,4329.799805,4331.299805,1494091300
15-12-2003,4348,4397.200195,4347.600098,4347.600098,1464465600
16-12-2003,4333,4351,4329,4348,1896699400
17-12-2003,4354.200195,4366.5,4333,4333,2015777000
18-12-2003,4397.299805,4402.700195,4347.700195,4354.200195,1854662200
19-12-2003,4412.299805,4427.799805,4389,4397.299805,1525690100
22-12-2003,4424,4431.5,4392.399902,4412.299805,1015013700
23-12-2003,4440.899902,4440.899902,4411.5,4424,1081078000
24-12-2003,4444.700195,4457.399902,4432.899902,4440.899902,294396000
29-12-2003,4457.5,4460.899902,4432.799805,4444.700195,522401100
30-12-2003,4470.399902,4477,4452.799805,4457.5,654408500
31-12-2003,4476.899902,4491.799805,4470.399902,4470.399902,240899600
02-01-2004,4510.200195,4518,4476.899902,4476.899902,578018400
05-01-2004,4513.299805,4515.200195,4494.899902,4510.200195,1405558400
06-01-2004,4505.200195,4522.899902,4489.899902,4513.299805,2059454200
07-01-2004,4473,4512.100098,4466.200195,4505.200195,2138137700
08-01-2004,4494.200195,4520.100098,4473,4473,2147189600
09-01-2004,4466.299805,4495.799805,4445.100098,4494.200195,2147016700
12-01-2004,4449.600098,4466.299805,4443.399902,4466.299805,1758017200
13-01-2004,4440.100098,4477.899902,4436.600098,4449.600098,1921308400
14-01-2004,4461.399902,4464.5,4431.100098,4440.100098,2142098400
15-01-2004,4456.100098,4474,4443.299805,4461.399902,2145902200
16-01-2004,4487.899902,4491.700195,4456.100098,4456.100098,2145911800
19-01-2004,4518.100098,4526.299805,4487.700195,4487.899902,1412471000
20-01-2004,4499.299805,4527.5,4498.5,4518.100098,1823723400
21-01-2004,4511.200195,4511.200195,4486.899902,4499.299805,1993172600
22-01-2004,4476.799805,4531.399902,4476.799805,4511.200195,1931583400
23-01-2004,4460.799805,4483,4438.600098,4476.799805,2118088600
26-01-2004,4445.5,4482.5,4432.899902,4460.799805,1708534500
27-01-2004,4447,4479.5,4444.799805,4445.5,2131948500
28-01-2004,4468.100098,4474.200195,4426.799805,4447,2133549300
29-01-2004,4411.5,4468.100098,4410.200195,4468.100098,1879774000
30-01-2004,4390.700195,4436.200195,4390.700195,4411.5,2147265900
02-02-2004,4381.399902,4411.600098,4366.899902,4390.700195,2081688400
03-02-2004,4390.600098,4392.100098,4357.399902,4381.399902,1961984400
04-02-2004,4398.5,4409.299805,4369.100098,4390.600098,1798125000
05-02-2004,4384.399902,4404,4378.399902,4398.5,2028225900
06-02-2004,4402.700195,4407.5,4384.100098,4384.399902,1960593100
09-02-2004,4434.399902,4436.799805,4402.700195,4402.700195,1955365800
10-02-2004,4405,4434.399902,4400.799805,4434.399902,2001321900
11-02-2004,4396.100098,4416,4377.299805,4404.899902,2115607400
12-02-2004,4377.700195,4416.399902,4370.200195,4396,2142919700
13-02-2004,4412,4423.899902,4377.700195,4377.700195,2140553700
16-02-2004,4408.100098,4412.899902,4389.899902,4412,1449314900
17-02-2004,4461.5,4465,4397.299805,4408.100098,2145028500
18-02-2004,4442.899902,4468.899902,4442.899902,4461.5,2145857100
19-02-2004,4515.600098,4517.299805,4442.899902,4442.899902,2139312200
20-02-2004,4515,4549.600098,4499.200195,4515.600098,2105202700
23-02-2004,4524.299805,4556.399902,4515,4515,2124223300
24-02-2004,4496.799805,4537.5,4476.700195,4524.299805,2116723000
25-02-2004,4507.600098,4513.899902,4478.700195,4496.799805,1822263600
26-02-2004,4515.899902,4526.899902,4500.5,4507.5,1958756200
27-02-2004,4492.200195,4556.899902,4492.200195,4515.899902,2056772600
01-03-2004,4537,4540.700195,4492.200195,4492.200195,1736490400
02-03-2004,4540.100098,4559.200195,4522.700195,4537,1889718600
03-03-2004,4525.100098,4540.100098,4508.100098,4540.100098,2087065800
04-03-2004,4559.100098,4562.799805,4524.700195,4525.100098,1964552300
05-03-2004,4547.100098,4566.200195,4521.5,4559.100098,2096434900
08-03-2004,4553.799805,4562,4543.5,4547.100098,1561223500
09-03-2004,4542,4553.799805,4529.200195,4553.799805,1749804000
10-03-2004,4545.299805,4549.799805,4520.600098,4542,1941567800
11-03-2004,4445.200195,4545.299805,4429.200195,4545.299805,2147443900
12-03-2004,4467.399902,4468.399902,4374.5,4445.200195,2105076000
15-03-2004,4412.899902,4471.200195,4412.899902,4467.399902,1680363000
16-03-2004,4428.899902,4438.700195,4394.600098,4412.899902,1861032100
17-03-2004,4456.799805,4463,4412.799805,4428.899902,1752881500
18-03-2004,4397.899902,4460,4397.899902,4456.799805,1923241900
19-03-2004,4417.700195,4428.200195,4397.899902,4397.899902,1951849000
22-03-2004,4333.799805,4417.700195,4319.5,4417.700195,2030007900
23-03-2004,4318.5,4360.600098,4318.5,4333.799805,1760666000
24-03-2004,4309.5,4341.399902,4291.299805,4318.5,2143942100
25-03-2004,4373.600098,4373.600098,4309.399902,4309.399902,1818986600
26-03-2004,4357.5,4386.899902,4345,4373.600098,1910383300
29-03-2004,4406.700195,4417.200195,4357.5,4357.5,1302568200
30-03-2004,4412.799805,4415.899902,4393.5,4406.700195,1493217500
31-03-2004,4385.700195,4427.200195,4382.799805,4412.799805,1715500500
01-04-2004,4410.700195,4419.399902,4385.100098,4385.700195,1630528700
02-04-2004,4465.600098,4471.299805,4408,4410.700195,1703523700
05-04-2004,4480.700195,4483.100098,4451.399902,4465.600098,1556481700
06-04-2004,4472.799805,4495.200195,4462,4480.700195,1664601700
07-04-2004,4468.700195,4499.799805,4468.700195,4472.799805,1440685300
08-04-2004,4489.700195,4504.700195,4468.700195,4468.700195,1474149500
13-04-2004,4515.799805,4525,4489.700195,4489.700195,1676372100
14-04-2004,4485.399902,4515.799805,4456.200195,4515.799805,1664489400
15-04-2004,4505.5,4512.100098,4478.299805,4485.399902,1726903700
16-04-2004,4537.299805,4540.200195,4505.100098,4505.5,1993155300
19-04-2004,4546.200195,4548.200195,4519.799805,4537.299805,1533641400
20-04-2004,4569,4581.700195,4546.200195,4546.200195,1503580100
21-04-2004,4539.899902,4569,4527.200195,4569,1867834800
22-04-2004,4571.799805,4575.600098,4524.5,4539.899902,1868188100
23-04-2004,4570,4601.600098,4565.299805,4571.799805,1581256600
26-04-2004,4571.899902,4586.899902,4566.299805,4570,1276895600
27-04-2004,4575.700195,4582.299805,4550.200195,4571.799805,1472047800
28-04-2004,4524.5,4584.5,4524.5,4575.700195,1765043400
29-04-2004,4519.5,4540.799805,4494.600098,4524.5,1752369900
30-04-2004,4489.700195,4529,4489.700195,4519.5,1612271000
04-05-2004,4547.200195,4553.799805,4489.700195,4489.700195,1717332800
05-05-2004,4569.5,4573.700195,4528.600098,4547.200195,2142357500
06-05-2004,4516.200195,4571.100098,4511.700195,4569.5,1917612000
07-05-2004,4498.399902,4531.200195,4463.200195,4516.200195,2126922100
10-05-2004,4395.200195,4498.399902,4395.200195,4498.399902,1956649500
11-05-2004,4454.700195,4454.700195,4395.200195,4395.200195,1610077100
12-05-2004,4412.899902,4457.700195,4410,4454.700195,1666933100
13-05-2004,4453.799805,4454.100098,4412.899902,4412.899902,1596894900
14-05-2004,4441.799805,4453.799805,4412.299805,4453.799805,1431941200
17-05-2004,4403,4441.799805,4363,4441.799805,1260561700
18-05-2004,4414.399902,4422.100098,4403,4403,1467619100
19-05-2004,4471.799805,4471.799805,4414.399902,4414.399902,1838003500
20-05-2004,4428.700195,4471.799805,4418.799805,4471.799805,1492080200
21-05-2004,4431.399902,4453.5,4414.399902,4428.700195,1849385700
24-05-2004,4428.899902,4466.5,4422.799805,4431.399902,1187636600
25-05-2004,4418,4428.899902,4396.600098,4428.899902,2144040400
26-05-2004,4438.299805,4460.600098,4415.299805,4418,1702956500
27-05-2004,4453.600098,4470.299805,4429,4438.299805,1823057300
28-05-2004,4430.700195,4471.299805,4423.100098,4453.600098,1807368100
01-06-2004,4422.700195,4448.399902,4411.399902,4430.700195,1343639500
02-06-2004,4422.799805,4462.100098,4422.700195,4422.700195,1672706100
03-06-2004,4435.399902,4435.399902,4400.700195,4422.799805,1712869000
04-06-2004,4454.5,4457,4428.299805,4435.399902,1542900800
07-06-2004,4491.600098,4496.299805,4454.399902,4454.399902,1202833100
08-06-2004,4504.799805,4515.200195,4486.899902,4491.600098,1330568000
09-06-2004,4489.5,4513.700195,4481.200195,4504.799805,1498976700
10-06-2004,4486.100098,4494.399902,4475.799805,4489.5,1693166500
11-06-2004,4484,4492.299805,4463,4486.100098,828561700
14-06-2004,4433.200195,4484.100098,4430.299805,4484,1022294300
15-06-2004,4458.600098,4462.299805,4433.200195,4433.200195,1241182400
16-06-2004,4491.100098,4508.299805,4454.799805,4458.600098,1782402300
17-06-2004,4493.299805,4504.700195,4482,4491.100098,1536239000
18-06-2004,4505.799805,4510.5,4474.399902,4493.299805,1630059100
21-06-2004,4502.200195,4511.100098,4485.100098,4505.799805,1378675800
22-06-2004,4468.5,4502.200195,4459.799805,4502.200195,1703366200
23-06-2004,4486.700195,4498.100098,4468.5,4468.5,1657255100
24-06-2004,4503.200195,4516.700195,4486.700195,4486.700195,1994237500
25-06-2004,4494.100098,4503.899902,4485.200195,4503.200195,1810601100
28-06-2004,4518.700195,4535.100098,4478.5,4494.100098,1565679200
29-06-2004,4512.399902,4518.700195,4492.100098,4518.700195,1564952000
30-06-2004,4464.100098,4512.799805,4464.100098,4512.399902,1924184400
01-07-2004,4424.700195,4487.899902,4424.700195,4464.100098,2145614300
02-07-2004,4407.399902,4430.899902,4398.299805,4424.700195,1994022000
05-07-2004,4403.299805,4423.299805,4403.299805,4407.399902,921459200
06-07-2004,4370.700195,4414.299805,4365.299805,4403.299805,1668042100
07-07-2004,4358.399902,4392.899902,4354.700195,4370.700195,1771254600
08-07-2004,4381.100098,4383.399902,4324.100098,4358.399902,1802313300
09-07-2004,4393.200195,4393.200195,4356.799805,4381.100098,1569715900
12-07-2004,4360,4395.600098,4354.299805,4393.200195,1229330700
13-07-2004,4357.700195,4379.899902,4352.600098,4360,1300307100
14-07-2004,4372.600098,4373.200195,4324.5,4357.700195,1710934000
15-07-2004,4340.700195,4372.600098,4340.700195,4372.600098,1716080700
16-07-2004,4339.200195,4357.399902,4328.299805,4340.700195,1565746600
19-07-2004,4321.100098,4349.299805,4321.100098,4339.200195,1064002900
20-07-2004,4339.399902,4348.799805,4297.5,4321.100098,1467619100
21-07-2004,4377.299805,4391.5,4339.399902,4339.399902,2035527600
22-07-2004,4306.299805,4377.299805,4306.299805,4377.299805,1425163700
23-07-2004,4326.299805,4349.600098,4306.299805,4306.299805,1304391400
26-07-2004,4287,4333.5,4283.200195,4326.299805,1238917800
27-07-2004,4324.899902,4324.899902,4287,4287,1340033900
28-07-2004,4356.299805,4370.899902,4324.899902,4324.899902,1770273600
29-07-2004,4418.700195,4420,4356.200195,4356.200195,1892270700
30-07-2004,4413.100098,4425.299805,4398,4418.700195,1626537100
02-08-2004,4415.700195,4419.799805,4390.899902,4413.100098,1514345600
03-08-2004,4429.700195,4429.700195,4408.100098,4415.700195,1598217900
04-08-2004,4408.100098,4429.700195,4376.799805,4429.700195,1711210200
05-08-2004,4413.399902,4432.5,4408.100098,4408.100098,1628680200
06-08-2004,4337.899902,4413.399902,4337.899902,4413.399902,2016713000
09-08-2004,4314.399902,4349.200195,4293.5,4337.899902,1497376300
10-08-2004,4350.899902,4350.899902,4313.100098,4314.399902,1300676700
11-08-2004,4312.200195,4356.899902,4289.600098,4350.899902,1198478100
12-08-2004,4328.100098,4342.899902,4312.200195,4312.200195,1357345800
13-08-2004,4301.5,4334.399902,4297,4328.100098,1171800100
16-08-2004,4350.200195,4353.399902,4283,4301.5,1132853000
17-08-2004,4358.700195,4373.700195,4338.600098,4350.200195,1431195100
18-08-2004,4355.299805,4360.299805,4331.600098,4358.700195,1216893000
19-08-2004,4362.600098,4381.399902,4353.200195,4355.200195,1228037900
20-08-2004,4369.200195,4373.200195,4349.5,4362.600098,928080500
23-08-2004,4405.299805,4423.700195,4369.200195,4369.200195,1270311700
24-08-2004,4407.5,4421.200195,4402.399902,4405.299805,1218989800
25-08-2004,4411.600098,4419.299805,4399.799805,4407.5,1305105300
26-08-2004,4453.899902,4453.899902,4411.600098,4411.600098,1278084900
27-08-2004,4490.100098,4490.100098,4453.600098,4453.899902,1196499500
31-08-2004,4459.299805,4490.100098,4458.799805,4490.100098,1476492800
01-09-2004,4502.100098,4502.399902,4459.299805,4459.299805,1488276100
02-09-2004,4518.600098,4531.899902,4487.5,4502,1553026000
03-09-2004,4550.799805,4553.399902,4508.299805,4518.600098,1441421000
06-09-2004,4563.799805,4569.5,4547.100098,4550.799805,859906100
07-09-2004,4565.600098,4572.299805,4547.299805,4563.799805,1356678200
08-09-2004,4558.399902,4574,4553.600098,4565.600098,1435615200
09-09-2004,4538,4558.399902,4529.600098,4558.399902,2102844500
10-09-2004,4545,4565.100098,4538,4538,1651858600
13-09-2004,4558.5,4568,4543.299805,4545,1404130700
14-09-2004,4545.600098,4561.600098,4539,4558.100098,1671890400
15-09-2004,4548.5,4575.200195,4541.899902,4545.600098,1923330900
16-09-2004,4556.5,4564,4545.100098,4548.399902,1651856400
17-09-2004,4591,4602.100098,4544.399902,4556.5,1847019400
20-09-2004,4579.5,4591,4562,4591,1498590600
21-09-2004,4608.399902,4615.899902,4578.700195,4579.5,1909220400
22-09-2004,4592.299805,4630.700195,4592.299805,4608.399902,1883187100
23-09-2004,4568.299805,4598.600098,4560.700195,4592.299805,1604367100
24-09-2004,4578.100098,4581.899902,4557.200195,4568.299805,1478592100
27-09-2004,4541.200195,4578.100098,4532,4578.100098,1310686900
28-09-2004,4567.299805,4576.200195,4528.100098,4541.200195,1742991800
29-09-2004,4588.100098,4600.899902,4567.299805,4567.299805,1593831900
30-09-2004,4570.799805,4607.799805,4569.100098,4588.100098,2146245400
01-10-2004,4659.700195,4663.899902,4570.799805,4570.799805,1672040700
04-10-2004,4681.799805,4701.5,4659.600098,4659.600098,1513476200
05-10-2004,4707.100098,4714.899902,4674.600098,4681.799805,1486362600
06-10-2004,4706.299805,4713.399902,4689.200195,4707.100098,1589562200
07-10-2004,4698.700195,4732.899902,4686,4706.299805,1637227700
08-10-2004,4698.899902,4724.399902,4679.700195,4698.700195,1315451800
11-10-2004,4685.5,4706.899902,4684.100098,4698.899902,1277699800
12-10-2004,4647.899902,4689.399902,4634.399902,4685.5,1427828000
13-10-2004,4634.799805,4675.799805,4633.399902,4647.899902,1460645500
14-10-2004,4629.399902,4642.5,4617,4634.799805,1569942200
15-10-2004,4622.700195,4629.899902,4605.799805,4629.399902,1593281400
18-10-2004,4626.600098,4638.600098,4610.899902,4622.700195,1035468400
19-10-2004,4655.200195,4675.799805,4626.600098,4626.600098,1758184400
20-10-2004,4616.399902,4655.200195,4599.299805,4655.200195,1870343300
21-10-2004,4617.399902,4642.299805,4592.200195,4616.399902,1569810700
22-10-2004,4615.399902,4642.299805,4614.200195,4617.399902,1386186300
25-10-2004,4564.600098,4615.399902,4551.600098,4615.399902,1962821600
26-10-2004,4583.399902,4585.399902,4562,4564.5,1552012300
27-10-2004,4630.100098,4630.600098,4583.399902,4583.399902,1593025300
28-10-2004,4642.799805,4663.399902,4620,4630.100098,1993843400
29-10-2004,4624.200195,4649.100098,4624.200195,4642.799805,1613208500
01-11-2004,4673.799805,4681.600098,4624.200195,4624.200195,944047300
02-11-2004,4693.200195,4696.899902,4673.799805,4673.799805,1255396800
03-11-2004,4718.5,4723.600098,4693.200195,4693.200195,1568306400
04-11-2004,4728.299805,4728.299805,4698.200195,4718.5,1541359200
05-11-2004,4739.799805,4761.899902,4728,4728.299805,1633215400
08-11-2004,4716.600098,4739.799805,4706.399902,4739.799805,1539529600
09-11-2004,4717.700195,4727,4712,4716.600098,1332836300
10-11-2004,4734.5,4746.399902,4717.700195,4717.700195,1913303600
11-11-2004,4776.899902,4779.5,4728.700195,4734.5,1696517100
12-11-2004,4793.899902,4798.700195,4776.899902,4776.899902,1828726000
15-11-2004,4803.100098,4823.799805,4789,4793.899902,1208942900
16-11-2004,4770.399902,4807.799805,4761.5,4803.100098,1958919800
17-11-2004,4795.899902,4800.399902,4770.200195,4770.399902,2146880400
18-11-2004,4805.299805,4818.299805,4785.299805,4795.899902,2004894500
19-11-2004,4760.799805,4805.299805,4756.5,4805.299805,1708689500
22-11-2004,4733.100098,4760.799805,4717.399902,4760.799805,1423778400
23-11-2004,4742.399902,4767.700195,4733.100098,4733.100098,1617264900
24-11-2004,4719.399902,4750.899902,4713.600098,4742.399902,1525369600
25-11-2004,4753.399902,4753.399902,4719.399902,4719.399902,1130295200
26-11-2004,4741.600098,4753.399902,4726.100098,4753.399902,923179300
29-11-2004,4749.799805,4791,4739.5,4741.5,1394255600
30-11-2004,4703.200195,4759.899902,4696.799805,4749.799805,1592258700
01-12-2004,4735.700195,4748.600098,4703.100098,4703.200195,1510596600
02-12-2004,4751.200195,4758.5,4733.299805,4735.700195,1784075300
03-12-2004,4747.899902,4771.200195,4734.799805,4751.200195,1906257400
06-12-2004,4722.799805,4747.899902,4707.100098,4747.899902,1166017600
07-12-2004,4728.700195,4741.5,4717.299805,4722.799805,1750628700
08-12-2004,4703.899902,4728.700195,4695.600098,4728.700195,1360455000
09-12-2004,4688.399902,4719.200195,4675,4703.899902,1477982000
10-12-2004,4694,4719.200195,4682.200195,4688.399902,1446571500
13-12-2004,4736.799805,4737.5,4688.700195,4694,1498436600
14-12-2004,4722.799805,4755,4709.700195,4736.799805,2034094200
15-12-2004,4728.200195,4750.100098,4722.799805,4722.799805,1988509100
16-12-2004,4735.200195,4747.700195,4728.200195,4728.200195,1839717700
17-12-2004,4696.799805,4747.299805,4689.600098,4735.200195,1849535600
20-12-2004,4731.100098,4744.399902,4696.799805,4696.799805,1248274800
21-12-2004,4733,4742.100098,4731.100098,4731.100098,1222635500
22-12-2004,4777.399902,4783.700195,4733,4733,1304973800
23-12-2004,4787.700195,4789.5,4774.899902,4777.399902,1089443200
24-12-2004,4798.100098,4807.799805,4780.899902,4787.700195,385339400
29-12-2004,4819.799805,4819.799805,4787.399902,4798.100098,856204400
30-12-2004,4820.100098,4826.200195,4813.5,4819.799805,576056200
31-12-2004,4814.299805,4822.299805,4801.100098,4820.100098,155243900
04-01-2005,4847,4851.600098,4809.399902,4814.299805,1613071800
05-01-2005,4806,4847,4806,4847,1802853600
06-01-2005,4824.299805,4833.299805,4806,4806,1407245400
07-01-2005,4854.100098,4863.5,4819.799805,4824.299805,1635917100
10-01-2005,4840.700195,4858.899902,4833.399902,4854.100098,1187808600
11-01-2005,4818.700195,4847.600098,4805,4840.700195,1684169600
12-01-2005,4783.600098,4823.200195,4765.399902,4818.700195,1659665900
13-01-2005,4800.299805,4809.799805,4782.5,4783.600098,1779231400
14-01-2005,4820.799805,4831.600098,4786.5,4800.299805,1913003500
17-01-2005,4846.700195,4846.700195,4820.799805,4820.799805,1377856800
18-01-2005,4823.899902,4852.799805,4800.799805,4846.700195,1508888200
19-01-2005,4818.299805,4845.399902,4817.5,4823.899902,1705867700
20-01-2005,4800.799805,4818.299805,4783.299805,4818.299805,1394567200
21-01-2005,4803.299805,4813.899902,4785.600098,4800.799805,1631563100
24-01-2005,4812.5,4814,4770.100098,4803.299805,1311479400
25-01-2005,4843.200195,4850,4803.700195,4812.5,1670909600
26-01-2005,4847.100098,4860.299805,4839,4843.200195,1818356600
27-01-2005,4853.399902,4860.299805,4835,4847.100098,1770580400
28-01-2005,4832.799805,4860.399902,4827.299805,4853.399902,1299761000
31-01-2005,4852.299805,4879.5,4832.799805,4832.799805,1316421800
01-02-2005,4906.200195,4906.200195,4852.299805,4852.299805,1771418700
02-02-2005,4916.200195,4918.799805,4897.5,4906.200195,1738923800
03-02-2005,4908.299805,4924.100098,4898.399902,4916.200195,1934906200
04-02-2005,4941.5,4947.399902,4908.299805,4908.299805,1813268500
07-02-2005,4979.799805,4982.799805,4941.5,4941.5,1563820500
08-02-2005,4995.5,4995.5,4968.700195,4979.799805,1718790900
09-02-2005,4990.399902,5003,4974.5,4995.5,1669911200
10-02-2005,5000,5014.799805,4977.299805,4990.399902,1676851700
11-02-2005,5044.200195,5045,5000.100098,5000.100098,1725310600
14-02-2005,5041.799805,5049.600098,5030.5,5044.200195,1161455700
15-02-2005,5058.899902,5065.700195,5036.100098,5041.799805,1382880800
16-02-2005,5053.200195,5059.5,5035.5,5058.899902,1597248900
17-02-2005,5057.399902,5077.600098,5051.799805,5053.200195,1572721200
18-02-2005,5057.200195,5066.5,5045.5,5057.399902,1807130200
21-02-2005,5060.799805,5077.799805,5047.5,5057.200195,1124769100
22-02-2005,5032.899902,5063.299805,5013.200195,5060.799805,1788686900
23-02-2005,4988.5,5032.899902,4970.799805,5032.899902,1878485600
24-02-2005,4972.100098,5002.5,4972.100098,4988.5,1704490900
25-02-2005,5006.799805,5010.799805,4972.100098,4972.100098,1561726800
28-02-2005,4968.5,5030.200195,4968.399902,5006.799805,1811915100
01-03-2005,5000.5,5004.899902,4966.899902,4968.5,1797019100
02-03-2005,4992.799805,5000.899902,4965.899902,5000.5,1717154500
03-03-2005,5014.799805,5024,4992.799805,4992.799805,1551443200
04-03-2005,5036.299805,5042,5011.700195,5014.799805,1488538400
07-03-2005,5027.200195,5041.299805,5014.5,5036.299805,1149090500
08-03-2005,5010.899902,5029.600098,5001.899902,5027.200195,1480920300
09-03-2005,4996.100098,5038.899902,4992.899902,5010.899902,1860240700
10-03-2005,4962.100098,4996.100098,4956.799805,4996.100098,1697802100
11-03-2005,4982.100098,4991.600098,4962.100098,4962.100098,1556807700
14-03-2005,4975,4995,4947.899902,4982,1336157900
15-03-2005,5000.200195,5006.100098,4975,4975,1422323800
16-03-2005,4937.600098,5000.200195,4928.100098,5000.200195,1738229100
17-03-2005,4922.100098,4952.899902,4920,4937.600098,1923444400
18-03-2005,4923.299805,4947.899902,4922.100098,4922.100098,1947698800
21-03-2005,4933.5,4952.200195,4923.299805,4923.299805,1564295100
22-03-2005,4937.299805,4946.799805,4908.5,4933.5,1946015400
23-03-2005,4910.399902,4937.299805,4887.200195,4937.299805,1945899600
24-03-2005,4922.5,4933.700195,4904.5,4910.399902,1824076600
29-03-2005,4919,4924.299805,4892.799805,4922.5,1504207400
30-03-2005,4900.700195,4919,4886.5,4919,1569511200
31-03-2005,4894.399902,4933.799805,4894.399902,4900.700195,1718364500
01-04-2005,4914,4942,4894.399902,4894.399902,1732700100
04-04-2005,4896.700195,4923.299805,4877,4914,1293784900
05-04-2005,4942.899902,4943.799805,4896.700195,4896.700195,1891465600
06-04-2005,4947.399902,4953.600098,4937.399902,4942.899902,1619842700
07-04-2005,4977,4984.5,4947.399902,4947.399902,1686661800
08-04-2005,4983.700195,4994.100098,4975,4977,1402982400
11-04-2005,4973.299805,4983.600098,4964,4983.600098,1155338300
12-04-2005,4946.200195,4973.799805,4941.100098,4973.200195,1342085300
13-04-2005,4960.799805,4973.799805,4946.200195,4946.200195,1386459800
14-04-2005,4945.399902,4960.799805,4937,4960.799805,1600781900
15-04-2005,4891.600098,4945.399902,4891.600098,4945.399902,1686702900
18-04-2005,4827.100098,4891.600098,4794.799805,4891.600098,1851228300
19-04-2005,4855.600098,4862.600098,4827.100098,4827.100098,1521697000
20-04-2005,4822,4873.600098,4817.799805,4855.600098,1638336400
21-04-2005,4819.600098,4839.100098,4805.5,4822,1608917000
22-04-2005,4849.299805,4859,4819.600098,4819.600098,1176245700
25-04-2005,4864.899902,4867.799805,4841.299805,4849.299805,1118656600
26-04-2005,4845.5,4879.600098,4831.5,4864.899902,1464104600
27-04-2005,4789.399902,4845.5,4780.600098,4845.5,1816257200
28-04-2005,4790.200195,4820.700195,4775.5,4789.399902,1962760600
29-04-2005,4801.700195,4824.399902,4773.700195,4790.200195,1597028200
03-05-2005,4861.299805,4862.899902,4801.700195,4801.700195,1677844300
04-05-2005,4882.5,4882.5,4847.899902,4861.200195,1642389600
05-05-2005,4902.299805,4917.600098,4882.5,4882.5,1326657100
06-05-2005,4918.899902,4924.600098,4897.600098,4902.299805,1277967200
09-05-2005,4910.299805,4928.700195,4895.100098,4918.899902,1338782400
10-05-2005,4892.399902,4929.100098,4880.200195,4910.299805,1611329700
11-05-2005,4875.399902,4896.600098,4868.200195,4892.399902,1529863600
12-05-2005,4893.299805,4909.799805,4875.399902,4875.399902,1507911000
13-05-2005,4886.5,4893.200195,4854.200195,4893.200195,1628890100
16-05-2005,4884.200195,4887.700195,4869,4886.5,1103191100
17-05-2005,4898.5,4902,4880.700195,4884.200195,1431908100
18-05-2005,4949.399902,4956.899902,4898.5,4898.5,1767108900
19-05-2005,4962.700195,4972.899902,4949.399902,4949.399902,2102727400
20-05-2005,4971.799805,4981.100098,4962.700195,4962.700195,1605254700
23-05-2005,4989.799805,4991.600098,4971.799805,4971.799805,1148623400
24-05-2005,4982.5,4990.200195,4974.200195,4989.799805,1767092600
25-05-2005,4971.5,4983.600098,4964.100098,4982.5,1643674600
26-05-2005,4994.899902,5004.299805,4956.799805,4971.5,1957526900
27-05-2005,4986.299805,5002,4976.600098,4994.899902,1327595300
31-05-2005,4964,4999.700195,4964,4986.299805,1439093600
01-06-2005,5011,5011,4964,4964,1520426500
02-06-2005,5005,5014.899902,4996.5,5011,1509258800
03-06-2005,4999.399902,5016.600098,4987.200195,5005,1316673500
06-06-2005,4980.399902,5006.799805,4976.200195,4999.399902,1029262100
07-06-2005,5025.299805,5027.899902,4980.399902,4980.399902,1523410200
08-06-2005,5003.700195,5025.200195,4995.100098,5025.200195,1459550900
09-06-2005,5009.200195,5009.799805,4984.200195,5003.700195,1418404600
10-06-2005,5030.399902,5047.299805,5009.200195,5009.200195,1475646200
13-06-2005,5050.399902,5051,5026.100098,5030.399902,1245385600
14-06-2005,5046.799805,5054.299805,5037.5,5050.399902,1378129300
15-06-2005,5019.5,5060.799805,5013.399902,5046.799805,1605425800
16-06-2005,5045,5046.399902,5019.5,5019.5,1523278500
17-06-2005,5077.600098,5098.5,5044.600098,5045,2082942500
20-06-2005,5072,5078,5057.899902,5077.600098,1148475000
21-06-2005,5082.100098,5091,5072,5072,1270885300
22-06-2005,5099.299805,5110.5,5076.600098,5082.100098,1466616800
23-06-2005,5114.399902,5121.899902,5099.100098,5099.299805,1797104400
24-06-2005,5079,5114.399902,5069.100098,5114.399902,1373264100
27-06-2005,5043.5,5079,5036.899902,5079,1506224900
28-06-2005,5090.399902,5090.399902,5043.5,5043.5,1778302500
29-06-2005,5109.100098,5119.5,5090.200195,5090.399902,1719746500
30-06-2005,5113.200195,5138.200195,5097.100098,5109.100098,1860970900
01-07-2005,5161,5162.600098,5106.600098,5113.200195,1524998000
04-07-2005,5184.299805,5188.600098,5161,5161,1097189000
05-07-2005,5190.100098,5194.200195,5173.799805,5184.299805,1537376200
06-07-2005,5229.600098,5237.600098,5190.100098,5190.100098,2145403200
07-07-2005,5158.299805,5229.600098,5022.100098,5229.600098,2145991700
08-07-2005,5232.200195,5232.200195,5158.299805,5158.299805,1406848500
11-07-2005,5242.399902,5257.899902,5232.200195,5232.200195,1395623900
12-07-2005,5217.200195,5249.399902,5216.200195,5242.399902,1652493600
13-07-2005,5245.899902,5252,5217.200195,5217.200195,1718199800
14-07-2005,5259.700195,5283.899902,5245.899902,5245.899902,1856601500
15-07-2005,5230.899902,5261.5,5222.600098,5259.700195,2063712900
18-07-2005,5214.200195,5258.399902,5212,5230.799805,2032949400
19-07-2005,5201.600098,5230.899902,5191,5214.200195,1911988200
20-07-2005,5215.200195,5249.5,5193.5,5201.5,1911491300
21-07-2005,5221.600098,5256,5180.200195,5215.200195,1614879900
22-07-2005,5241.799805,5244.600098,5202.700195,5221.600098,1360092100
25-07-2005,5270.700195,5273.5,5241.799805,5241.799805,1317798300
26-07-2005,5256.200195,5279.399902,5253.899902,5270.700195,1526312200
27-07-2005,5263.600098,5275.200195,5253.5,5256.200195,2143198500
28-07-2005,5270.299805,5282.299805,5262.299805,5263.600098,1836907900
29-07-2005,5282.299805,5308.600098,5270.299805,5270.299805,1714755700
01-08-2005,5290.899902,5302.899902,5282.299805,5282.299805,1083613000
02-08-2005,5327.5,5330.600098,5290.799805,5290.799805,1378560000
03-08-2005,5332.299805,5332.299805,5304,5327.5,1671199100
04-08-2005,5315.5,5335.399902,5300,5332.299805,1554852900
05-08-2005,5314.799805,5341.799805,5306.700195,5315.5,1422469400
08-08-2005,5344.299805,5351.299805,5314.700195,5314.700195,1018078500
09-08-2005,5363.700195,5363.700195,5342.700195,5344.299805,1352824800
10-08-2005,5377.5,5386.399902,5351.200195,5363.700195,1400061900
11-08-2005,5358.600098,5379.600098,5355.100098,5377.5,1307330400
12-08-2005,5345.799805,5374.399902,5343.5,5358.600098,1177062200
15-08-2005,5344.200195,5367.799805,5339.399902,5345.799805,1164129400
16-08-2005,5322.399902,5358.700195,5316.100098,5344.200195,1545108200
17-08-2005,5292.700195,5322.299805,5284.100098,5322.299805,1841680400
18-08-2005,5269.299805,5304.700195,5263.700195,5292.700195,1421739600
19-08-2005,5312.600098,5313.100098,5269.299805,5269.299805,1251718300
22-08-2005,5318.399902,5329.700195,5312.600098,5312.600098,998728300
23-08-2005,5300.200195,5318.399902,5294.799805,5318.399902,1113587000
24-08-2005,5275.200195,5300.200195,5270,5300.200195,1371948800
25-08-2005,5255.700195,5275.200195,5248.799805,5275.200195,1083651100
26-08-2005,5228.100098,5282.100098,5228.100098,5255.700195,928137300
30-08-2005,5255.799805,5270.200195,5228.100098,5228.100098,1102366700
31-08-2005,5296.899902,5300,5255.799805,5255.799805,1359184000
01-09-2005,5328.5,5342.100098,5296.899902,5296.899902,1511708300
02-09-2005,5326.899902,5338.100098,5319.600098,5328.5,1631847000
05-09-2005,5337.799805,5341.799805,5320.600098,5326.799805,1065216900
06-09-2005,5359.200195,5366.600098,5337.799805,5337.799805,1495537400
07-09-2005,5365.899902,5376.100098,5358,5359.200195,1370681100
08-09-2005,5340.799805,5365.899902,5338.399902,5365.899902,1266449100
09-09-2005,5359.299805,5362.399902,5340.299805,5340.799805,1045394800
12-09-2005,5375.100098,5380.700195,5359.299805,5359.299805,1160583600
13-09-2005,5338,5377.799805,5329.299805,5375.100098,1345279100
14-09-2005,5347.399902,5349.700195,5327.100098,5338,1233556000
15-09-2005,5383.5,5387.100098,5342.5,5347.399902,1675170900
16-09-2005,5407.899902,5418.700195,5375.299805,5383.5,2138386500
19-09-2005,5429.700195,5435.799805,5388.299805,5407.899902,1259576700
20-09-2005,5416.399902,5446.600098,5410.899902,5429.700195,1856250000
21-09-2005,5369.700195,5416.399902,5369.700195,5416.399902,1915927700
22-09-2005,5385.700195,5395.5,5354.299805,5369.700195,1588318300
23-09-2005,5413.600098,5417.399902,5383.600098,5385.700195,1266263500
26-09-2005,5453.100098,5456.899902,5413.600098,5413.600098,1477216300
27-09-2005,5447.299805,5471.200195,5442.700195,5453.100098,1387118500
28-09-2005,5494.799805,5494.799805,5447.299805,5447.299805,1630222400
29-09-2005,5478.200195,5508.399902,5467.100098,5494.799805,1601795100
30-09-2005,5477.700195,5506.100098,5462.600098,5478.200195,1626935400
03-10-2005,5501.600098,5515,5474.899902,5477.700195,1376837700
04-10-2005,5494.399902,5501.5,5475.200195,5501.5,1771180300
05-10-2005,5427.799805,5494.399902,5427.799805,5494.399902,1540419000
06-10-2005,5372.399902,5427.799805,5358.100098,5427.799805,1868849000
07-10-2005,5362.299805,5394.399902,5355.700195,5372.399902,1843669800
10-10-2005,5374.600098,5395.799805,5362.299805,5362.299805,1465743600
11-10-2005,5380.700195,5404.399902,5373.899902,5374.5,1665110200
12-10-2005,5342.200195,5380.700195,5342.200195,5380.700195,1625387000
13-10-2005,5265.200195,5342.200195,5256.299805,5342.200195,1996070100
14-10-2005,5275,5293.799805,5245.600098,5265.200195,1801451700
17-10-2005,5286.5,5297.100098,5272.5,5275,1270118200
18-10-2005,5263.899902,5303.200195,5259.600098,5286.5,1405486300
19-10-2005,5167.899902,5263.899902,5167.799805,5263.899902,2038629000
20-10-2005,5164.100098,5234,5146.700195,5167.799805,1758872800
21-10-2005,5142.100098,5164.100098,5130.899902,5164.100098,1780740500
24-10-2005,5207.600098,5210.100098,5140.100098,5142.100098,1194962600
25-10-2005,5182.100098,5222.399902,5182.100098,5207.600098,1366228600
26-10-2005,5227.799805,5236.5,5182.100098,5182.100098,1560269300
27-10-2005,5182.799805,5227.799805,5168.200195,5227.799805,1479919200
28-10-2005,5213.399902,5226.899902,5157.600098,5182.799805,1454650100
31-10-2005,5317.299805,5318.399902,5213.399902,5213.399902,2127466700
01-11-2005,5344.299805,5350.299805,5304.899902,5317.299805,1946993300
02-11-2005,5358.600098,5364.700195,5316,5344.299805,2140920300
03-11-2005,5431.899902,5431.899902,5358.600098,5358.600098,2145722300
04-11-2005,5423.600098,5446.399902,5418,5431.899902,1964006700
07-11-2005,5460.799805,5471,5415.5,5423.600098,1522020100
08-11-2005,5460.899902,5481.700195,5451.100098,5460.799805,2018214900
09-11-2005,5439.799805,5469.399902,5439,5460.899902,2028756700
10-11-2005,5423.5,5463.899902,5423.5,5439.799805,1913038800
11-11-2005,5465.100098,5468.799805,5423.5,5423.5,1414966700
14-11-2005,5470,5485.899902,5455.600098,5465.100098,1351877000
15-11-2005,5439.600098,5470,5424.600098,5470,1464457100
16-11-2005,5430,5442.200195,5391.700195,5439.600098,2145482300
17-11-2005,5460,5480.100098,5430,5430,2141827000
18-11-2005,5498.899902,5531.600098,5460,5460,2107217200
21-11-2005,5497.899902,5509.399902,5486.200195,5498.899902,1906248600
22-11-2005,5517.200195,5522.399902,5497.899902,5497.899902,1768455000
23-11-2005,5531.700195,5532.700195,5507.100098,5517.200195,1757547400
24-11-2005,5511,5539,5499.5,5531.700195,1064561200
25-11-2005,5523.799805,5531.399902,5511,5511,1145990500
28-11-2005,5477.399902,5554.899902,5477.399902,5523.799805,1409592300
29-11-2005,5491,5507.399902,5451.299805,5477.399902,1730034300
30-11-2005,5423.200195,5491,5423.200195,5491,2009468300
01-12-2005,5486.100098,5494.700195,5423.200195,5423.200195,1933252600
02-12-2005,5528.100098,5528.100098,5485,5486.100098,1977349100
05-12-2005,5510.399902,5532.5,5498.299805,5528.100098,1788173700
06-12-2005,5538.799805,5546.899902,5505.899902,5510.399902,1979354600
07-12-2005,5528.799805,5574,5518.399902,5538.799805,2078176000
08-12-2005,5531.100098,5531.899902,5492.799805,5528.799805,1892734100
09-12-2005,5517.399902,5531.100098,5504.399902,5531.100098,1688743200
12-12-2005,5501.5,5548.799805,5494.200195,5517.399902,1221761300
13-12-2005,5507.200195,5527.200195,5499.200195,5501.5,1840249100
14-12-2005,5521.100098,5525,5503.5,5507.200195,1465838600
15-12-2005,5495.299805,5530.200195,5489.299805,5521.100098,1852742400
16-12-2005,5531.600098,5552.600098,5495.299805,5495.299805,2140549700
19-12-2005,5539.799805,5548.399902,5525.700195,5531.600098,1225682300
20-12-2005,5547.899902,5552.200195,5524.700195,5539.799805,1606969500
21-12-2005,5587.399902,5590.200195,5547.899902,5547.899902,1344223700
22-12-2005,5597,5599.299805,5584.799805,5587.399902,1069350000
23-12-2005,5595.5,5608.200195,5588,5597,307762200
28-12-2005,5622.799805,5622.799805,5591.899902,5595.399902,688900200
29-12-2005,5638.299805,5647.200195,5622.799805,5622.799805,504948700
30-12-2005,5618.799805,5640,5596.799805,5638.299805,329951900
03-01-2006,5681.5,5682.200195,5618.799805,5618.799805,1838004900
04-01-2006,5714.600098,5716.399902,5681.5,5681.5,2005345100
05-01-2006,5691.200195,5722.399902,5686.399902,5714.600098,1862546800
06-01-2006,5731.799805,5731.799805,5691.200195,5691.200195,1894952000
09-01-2006,5731.5,5750.299805,5725.899902,5731.799805,1690826300
10-01-2006,5688.799805,5731.5,5686.100098,5731.5,1799942100
11-01-2006,5731.5,5731.5,5688.799805,5688.799805,1606590000
12-01-2006,5735.200195,5744.600098,5724.899902,5731.5,2119263900
13-01-2006,5711,5735.100098,5690.899902,5735.100098,1641089500
16-01-2006,5740.200195,5740.200195,5707.200195,5711,1259420800
17-01-2006,5699,5740.200195,5693.100098,5740.200195,1902898800
18-01-2006,5663.700195,5699,5634.799805,5699,1849631500
19-01-2006,5693.200195,5710,5663.700195,5663.700195,2052263500
20-01-2006,5672.399902,5729.799805,5666.5,5693.200195,2131625700
23-01-2006,5660.899902,5672.399902,5625,5672.399902,1658293500
24-01-2006,5633.799805,5679,5630.399902,5660.899902,2113319400
25-01-2006,5704.399902,5704.399902,5633.799805,5633.799805,1993671000
26-01-2006,5722.600098,5744,5698.5,5704.399902,2141266900
27-01-2006,5786.799805,5788.200195,5722.600098,5722.600098,2039447500
30-01-2006,5779.799805,5796.100098,5772.700195,5786.799805,1414552500
31-01-2006,5760.299805,5792.5,5760.299805,5779.799805,2143521000
01-02-2006,5801.600098,5816,5746.200195,5760.299805,2144570600
02-02-2006,5747.299805,5811.799805,5743,5801.600098,1969273900
03-02-2006,5759.299805,5766.700195,5728.200195,5747.299805,1728166400
06-02-2006,5772.399902,5790.399902,5759.299805,5759.299805,1681635300
07-02-2006,5746.799805,5781.299805,5734.700195,5772.399902,2042239100
08-02-2006,5725.100098,5746.799805,5681.899902,5746.799805,2141978700
09-02-2006,5808.799805,5808.899902,5725.100098,5725.100098,2138982600
10-02-2006,5764.100098,5808.700195,5764.100098,5808.700195,2058495100
13-02-2006,5793.5,5793.5,5760.299805,5764.100098,1369455700
14-02-2006,5792.299805,5828.600098,5773.700195,5793.5,1706179500
15-02-2006,5791.5,5814.5,5780.899902,5792.299805,1844068100
16-02-2006,5828.899902,5828.899902,5791.5,5791.5,1895566300
17-02-2006,5846.200195,5863.299805,5822.399902,5828.899902,1741254400
20-02-2006,5863,5866.700195,5839.399902,5846.200195,1094531500
21-02-2006,5857.700195,5888,5856.899902,5863,1676916800
22-02-2006,5872.399902,5877.600098,5836.799805,5857.700195,1842925400
23-02-2006,5836,5878.799805,5829.399902,5872.399902,2099116600
24-02-2006,5860.5,5864,5836,5836,2014904800
27-02-2006,5875.899902,5893.299805,5860.5,5860.5,2036067300
28-02-2006,5791.5,5877.399902,5788.700195,5875.899902,2134114600
01-03-2006,5844.100098,5844.100098,5783.899902,5791.5,1990319600
02-03-2006,5833,5880,5803.700195,5844.100098,1917206100
03-03-2006,5858.700195,5864,5803.799805,5833,2066401800
06-03-2006,5897.799805,5924.5,5858.700195,5858.700195,2147444000
07-03-2006,5857.399902,5897.799805,5830.700195,5897.799805,1935777600
08-03-2006,5812.899902,5857.600098,5790.899902,5857.399902,1915545700
09-03-2006,5855.899902,5857.100098,5812.899902,5812.899902,1640072900
10-03-2006,5907.899902,5909.100098,5838.200195,5855.899902,1720750300
13-03-2006,5952.799805,5959.899902,5907.899902,5907.899902,2085598400
14-03-2006,5950.600098,5978.600098,5940.700195,5952.799805,1998671300
15-03-2006,5965.100098,5980.5,5950.600098,5950.600098,1859456500
16-03-2006,5993.299805,5995.200195,5951,5965.100098,2146858100
17-03-2006,5999.399902,6044,5992.799805,5993.200195,2147369000
20-03-2006,5991.700195,6039.100098,5986.899902,5999.399902,1881072000
21-03-2006,5991.299805,5992.899902,5956.700195,5991.700195,1771106200
22-03-2006,6007.5,6012.600098,5957.799805,5991.299805,2144835400
23-03-2006,5990.100098,6029.399902,5974.799805,6007.5,2137408800
24-03-2006,6036.299805,6037.899902,5990.100098,5990.100098,2097466800
27-03-2006,5972.200195,6047,5971.399902,6036.299805,1526643600
28-03-2006,5935.700195,6004.299805,5929.700195,5972.200195,2137043100
29-03-2006,5959.200195,5979.700195,5927.200195,5935.700195,1742429300
30-03-2006,6015.299805,6036,5959.200195,5959.200195,1496758100
31-03-2006,5964.600098,6019.200195,5961.399902,6015.200195,1650124600
03-04-2006,6024.299805,6033.5,5964.600098,5964.600098,1488772300
04-04-2006,6004.700195,6024.299805,5984.299805,6024.299805,1622348400
05-04-2006,6044.100098,6047.5,5983.5,6004.700195,2111723800
06-04-2006,6045.700195,6073.299805,6037.600098,6044.100098,1830574800
07-04-2006,6026.100098,6074.200195,6020.600098,6045.700195,1984025400
10-04-2006,6067,6067,6024.299805,6026.100098,1716789500
11-04-2006,6016.5,6092.5,6012.899902,6067,2013240500
12-04-2006,6000.799805,6020,5974.5,6016.5,1851945400
13-04-2006,6029.399902,6033.700195,5987.200195,6000.799805,1300431500
18-04-2006,6044.100098,6056.100098,6026.100098,6029.399902,1389246900
19-04-2006,6089.799805,6100.600098,6044.100098,6044.100098,1703340700
20-04-2006,6081.399902,6113.399902,6074.200195,6089.799805,2029861700
21-04-2006,6132.700195,6137.100098,6077.899902,6081.399902,1553597300
24-04-2006,6098.700195,6136.5,6098.700195,6132.700195,1338013400
25-04-2006,6086.600098,6128.799805,6084.600098,6098.700195,1581336500
26-04-2006,6104.299805,6126.5,6086.600098,6086.600098,1650185400
27-04-2006,6060,6104.600098,6026.200195,6104.299805,1966010000
28-04-2006,6023.100098,6060,6023.100098,6060,1644294900
02-05-2006,6082.100098,6090.700195,6022.299805,6023.100098,1657637700
03-05-2006,6010,6100,6008.700195,6082.100098,1886399500
04-05-2006,6036.899902,6045.799805,6001.100098,6010,1687069600
05-05-2006,6091.700195,6093.100098,6033.899902,6036.899902,1852648100
08-05-2006,6067.100098,6133.5,6058.799805,6091.700195,1607859400
09-05-2006,6105.600098,6109.700195,6054.600098,6067.100098,2064291600
10-05-2006,6083.399902,6110,6079.600098,6105.600098,1940756500
11-05-2006,6042,6114.5,6039.899902,6083.399902,1600703500
12-05-2006,5912.100098,6042,5912.100098,6042,1697671400
15-05-2006,5841.299805,5912.100098,5755.399902,5912.100098,1991604000
16-05-2006,5846.200195,5883.200195,5807.100098,5841.299805,2138429100
17-05-2006,5675.5,5871.600098,5675.5,5846.200195,2145492400
18-05-2006,5671.600098,5719.700195,5618.700195,5675.5,2143472700
19-05-2006,5657.399902,5715,5645.399902,5671.600098,1777461100
22-05-2006,5532.700195,5657.399902,5510.5,5657.399902,2031642400
23-05-2006,5678.700195,5705.899902,5532.700195,5532.700195,2147208700
24-05-2006,5587.100098,5678.700195,5563.5,5678.700195,2146770300
25-05-2006,5677.700195,5677.700195,5562,5587.100098,1760626700
26-05-2006,5791,5791,5677.700195,5677.700195,1627196900
30-05-2006,5652,5793.600098,5643.299805,5791,2026626300
31-05-2006,5723.799805,5743.799805,5591.5,5652,2119922000
01-06-2006,5749.700195,5754.799805,5680.600098,5723.799805,1833351400
02-06-2006,5764.600098,5802.899902,5745.700195,5749.700195,1669869800
05-06-2006,5762.100098,5789.799805,5738.899902,5764.600098,1072108200
06-06-2006,5669.799805,5762.100098,5656.600098,5762.100098,1883561800
07-06-2006,5706.299805,5720.600098,5638.5,5669.799805,1885561100
08-06-2006,5562.899902,5706.299805,5562.899902,5706.299805,2135136100
09-06-2006,5655.200195,5673.600098,5562.899902,5562.899902,1801661400
12-06-2006,5620.899902,5666.299805,5612.299805,5655.200195,1463611100
13-06-2006,5519.600098,5620.899902,5467.399902,5620.899902,2146786900
14-06-2006,5506.799805,5544.399902,5475.600098,5519.600098,1860632700
15-06-2006,5619.299805,5636.799805,5506.799805,5506.799805,1917016000
16-06-2006,5597.399902,5701.5,5594.299805,5619.299805,2134808800
19-06-2006,5626.100098,5665.700195,5597.399902,5597.399902,1153580500
20-06-2006,5658.200195,5658.200195,5585,5626.100098,1352420400
21-06-2006,5665,5673.5,5610.799805,5658.200195,1642751600
22-06-2006,5684.100098,5736.799805,5657.200195,5665,1611284700
23-06-2006,5692.100098,5716.700195,5667.799805,5684.100098,1145495400
26-06-2006,5681.200195,5716.5,5677.5,5692.100098,1614543600
27-06-2006,5652.299805,5729.799805,5650,5681.200195,1337754600
28-06-2006,5678.600098,5702.899902,5633.799805,5652.299805,1267809200
29-06-2006,5791.5,5791.700195,5678.600098,5678.600098,1502990800
30-06-2006,5833.399902,5865.700195,5791.5,5791.5,1583755700
03-07-2006,5884.399902,5884.399902,5833.399902,5833.399902,1194578600
04-07-2006,5883.5,5884.5,5848.299805,5884.399902,863784800
05-07-2006,5826.700195,5883.5,5815.700195,5883.5,1138260700
06-07-2006,5890,5897.100098,5826.700195,5826.700195,1312357700
07-07-2006,5888.899902,5908.5,5858.399902,5890,1424761300
10-07-2006,5896.899902,5901,5856.5,5888.899902,880029700
11-07-2006,5857.299805,5896.899902,5844,5896.899902,1162635600
12-07-2006,5860.600098,5899.299805,5842.700195,5857.299805,1212976000
13-07-2006,5765,5860.600098,5751.899902,5860.600098,1515312800
14-07-2006,5707.600098,5765,5707.600098,5765,1305352000
17-07-2006,5701,5721.100098,5654.600098,5707.600098,1366791300
18-07-2006,5681.700195,5712.600098,5658.299805,5701,1439567000
19-07-2006,5778,5785.299805,5680.799805,5681.700195,1665784300
20-07-2006,5770.899902,5819.700195,5756.399902,5778,1308633800
21-07-2006,5719.700195,5770.899902,5700.700195,5770.899902,1594082200
24-07-2006,5833.899902,5835.200195,5719.700195,5719.700195,1298199500
25-07-2006,5851.200195,5872.799805,5825.799805,5833.899902,1547468300
26-07-2006,5877.100098,5878.700195,5851.200195,5851.200195,1720193800
27-07-2006,5929.5,5936.799805,5877.100098,5877.100098,1583646500
28-07-2006,5974.899902,5982.5,5904.700195,5929.5,1401927100
31-07-2006,5928.299805,5977.200195,5928.299805,5974.899902,1272181900
01-08-2006,5880.799805,5949.799805,5867.399902,5928.299805,1278757500
02-08-2006,5932.100098,5932.100098,5880.799805,5880.799805,1329175600
03-08-2006,5838.399902,5940.700195,5827.100098,5932.100098,1803150700
04-08-2006,5889.399902,5893.299805,5836.5,5838.399902,1497892100
07-08-2006,5828.799805,5889.399902,5820.899902,5889.399902,945153100
08-08-2006,5818.100098,5866.600098,5818.100098,5828.799805,1551879300
09-08-2006,5860.5,5865.899902,5778.200195,5818.100098,1440463500
10-08-2006,5823.399902,5860.5,5752.600098,5860.5,1763427300
11-08-2006,5820.100098,5848.200195,5797,5823.399902,1397317200
14-08-2006,5870.899902,5870.899902,5820.100098,5820.100098,1029687400
15-08-2006,5897.899902,5903.200195,5845,5870.899902,1340987100
16-08-2006,5896.600098,5902.799805,5848.700195,5897.899902,1734087000
17-08-2006,5900.399902,5915,5888.799805,5896.600098,1391457700
18-08-2006,5903.399902,5932.5,5900.200195,5900.399902,1492403700
21-08-2006,5915.200195,5936.600098,5883.799805,5903.399902,978830000
22-08-2006,5902.600098,5939.200195,5878.399902,5915.200195,1154758400
23-08-2006,5860,5906.299805,5853.799805,5902.600098,1165203300
24-08-2006,5869.100098,5892.299805,5832.5,5860,1211904500
25-08-2006,5878.600098,5893.600098,5858.600098,5869.100098,1044447700
29-08-2006,5888.299805,5921.299805,5878.600098,5878.600098,1366248600
30-08-2006,5929.299805,5945.299805,5888.200195,5888.299805,1477304600
31-08-2006,5906.100098,5937,5895,5929.299805,1386764600
01-09-2006,5949.200195,5967.700195,5906.100098,5906.100098,1146154600
04-09-2006,5986.600098,5986.600098,5947.700195,5949.100098,992682900
05-09-2006,5981.700195,5991.200195,5956.299805,5986.600098,1190046000
06-09-2006,5929.299805,5981.700195,5926.200195,5981.700195,1270011300
07-09-2006,5858.100098,5929.299805,5853.299805,5929.299805,1574375300
08-09-2006,5879.299805,5899,5858.100098,5858.100098,1015430000
11-09-2006,5850.799805,5879.299805,5820,5879.299805,1089823300
12-09-2006,5895.5,5896.899902,5824.200195,5850.799805,1864798700
13-09-2006,5892.200195,5913.399902,5874.5,5895.5,1867392100
14-09-2006,5877.200195,5943.700195,5869,5892.200195,1798578100
15-09-2006,5877,5899.200195,5864.799805,5877.200195,2071064300
18-09-2006,5890.299805,5911.899902,5870.399902,5877,1211359100
19-09-2006,5831.799805,5897.399902,5831.799805,5890.200195,1436161700
20-09-2006,5866.200195,5880.799805,5820.899902,5831.799805,1828956500
21-09-2006,5896.700195,5898.100098,5848.5,5866.200195,1846888600
22-09-2006,5822.299805,5896.700195,5820.399902,5896.700195,1246627100
25-09-2006,5798.299805,5847,5774.5,5822.299805,1770395800
26-09-2006,5873.600098,5879.200195,5798.299805,5798.299805,1651896800
27-09-2006,5930.100098,5942.200195,5872.799805,5873.600098,1883803100
28-09-2006,5971.299805,5978.799805,5930.100098,5930.100098,1469060200
29-09-2006,5960.799805,6002.899902,5950.100098,5971.299805,1618783200
02-10-2006,5957.799805,5985.5,5950.899902,5960.799805,1628546600
03-10-2006,5937.100098,5957.799805,5897.299805,5957.799805,1939007500
04-10-2006,5966.5,5969.100098,5921.5,5937.100098,2142754800
05-10-2006,6004.5,6016.700195,5966.5,5966.5,2145351100
06-10-2006,6001.200195,6014.299805,5978.100098,6004.5,1628449200
09-10-2006,6030.899902,6044.5,5994.799805,6001.200195,1338778200
10-10-2006,6072.700195,6076.299805,6030.200195,6030.899902,2058971900
11-10-2006,6073.5,6081.899902,6044.700195,6072.700195,1672596800
12-10-2006,6121.299805,6121.700195,6069,6073.5,1338882700
13-10-2006,6157.299805,6170.5,6105.299805,6121.299805,1451175900
16-10-2006,6172.399902,6184.299805,6149.299805,6157.299805,1285792500
17-10-2006,6108.600098,6174.700195,6105.799805,6172.399902,1485665700
18-10-2006,6150.399902,6166.799805,6108.600098,6108.600098,1750405900
19-10-2006,6156,6183.5,6113.100098,6150.399902,1303207200
20-10-2006,6155.200195,6199.799805,6134.299805,6156,1450615600
23-10-2006,6166.100098,6181.100098,6129.100098,6155.200195,1061220900
24-10-2006,6182.5,6186.899902,6161.299805,6166.100098,1238923300
25-10-2006,6214.600098,6216.100098,6178.799805,6182.5,1354486900
26-10-2006,6184.799805,6244.600098,6179.700195,6214.600098,1738351800
27-10-2006,6160.899902,6206,6132.700195,6184.799805,1589175600
30-10-2006,6126.799805,6160.899902,6112.899902,6160.899902,1366361100
31-10-2006,6129.200195,6149.899902,6110.899902,6126.799805,1788183700
01-11-2006,6149.600098,6180.700195,6129.200195,6129.200195,1631932600
02-11-2006,6149.299805,6172,6112.899902,6149.600098,1818387200
03-11-2006,6148.100098,6177.299805,6134,6149.299805,1377065200
06-11-2006,6224.5,6224.5,6146.5,6148.100098,1139977900
07-11-2006,6244,6244.5,6219.700195,6224.5,1341969500
08-11-2006,6239,6244,6205.700195,6244,1555121300
09-11-2006,6231.5,6250.399902,6205.100098,6239,1941091600
10-11-2006,6208.399902,6233.100098,6198.600098,6231.5,1540927100
13-11-2006,6194.200195,6239.799805,6171.899902,6208.399902,1466749900
14-11-2006,6186.600098,6223.899902,6167.299805,6194.200195,1724141500
15-11-2006,6229.799805,6229.799805,6186.600098,6186.600098,1709608400
16-11-2006,6254.899902,6256.799805,6212.100098,6229.799805,1756639200
17-11-2006,6192,6254.899902,6178.899902,6254.899902,1553258000
20-11-2006,6204.5,6218.899902,6148.299805,6192,1583123300
21-11-2006,6202.600098,6228.399902,6199.700195,6204.5,1665306000
22-11-2006,6160.299805,6233.100098,6146.299805,6202.600098,1928778200
23-11-2006,6140,6181.700195,6115.100098,6160.299805,1257256100
24-11-2006,6122.100098,6140,6068.100098,6140,1335559900
27-11-2006,6050.100098,6129.5,6050.100098,6122.100098,1663486900
28-11-2006,6025.899902,6062.799805,6011.799805,6050.100098,1907684800
29-11-2006,6084.399902,6098.600098,6025.899902,6025.899902,1725779500
30-11-2006,6048.899902,6108.899902,6043.899902,6084.399902,1785469300
01-12-2006,6021.5,6087.399902,5985.200195,6048.799805,1805651400
04-12-2006,6050.399902,6058.100098,6019.399902,6021.5,1286179600
05-12-2006,6086.399902,6097.399902,6047.100098,6050.399902,1747636900
06-12-2006,6090.399902,6105.700195,6068.100098,6086.399902,1657440800
07-12-2006,6131.5,6145.299805,6082.799805,6090.299805,1715884900
08-12-2006,6152.399902,6157.100098,6106.600098,6131.5,1632000400
11-12-2006,6159.799805,6187,6147.100098,6152.399902,1405243200
12-12-2006,6156.399902,6164.799805,6137.799805,6159.799805,1653482500
13-12-2006,6192.5,6196.600098,6149.399902,6156.399902,1783763000
14-12-2006,6228,6230.600098,6192.5,6192.5,1484147000
15-12-2006,6260,6271.399902,6228,6228,2140440800
18-12-2006,6247.399902,6269.100098,6240.100098,6260,1254247400
19-12-2006,6204,6247.399902,6192,6247.399902,1408300800
20-12-2006,6198.600098,6240.100098,6197.899902,6203.899902,1203981100
21-12-2006,6183.700195,6203.5,6171.200195,6198.600098,1068612200
22-12-2006,6190,6191.100098,6175.5,6183.700195,475781200
27-12-2006,6245.200195,6248.100098,6190,6190,606891500
28-12-2006,6241,6258.700195,6232.299805,6245.200195,512698500
29-12-2006,6220.799805,6245.200195,6207.600098,6240.899902,561961400
02-01-2007,6310.899902,6312.5,6220.799805,6220.799805,1074946500
03-01-2007,6319,6322,6296,6310.899902,1606892700
04-01-2007,6287,6319,6261,6319,1902875500
05-01-2007,6220.100098,6287,6220.100098,6287,1622439300
08-01-2007,6194.200195,6246,6187,6220.100098,1326700900
09-01-2007,6196.100098,6218.5,6190.399902,6194.200195,2143699600
10-01-2007,6160.700195,6196.100098,6142,6196.100098,1881991100
11-01-2007,6230.100098,6233.100098,6130.200195,6160.700195,2147062500
12-01-2007,6239,6247.600098,6204.299805,6230.100098,1899868200
15-01-2007,6263.5,6279.700195,6239,6239,1143653000
16-01-2007,6215.700195,6266.399902,6206.399902,6263.5,1613624300
17-01-2007,6204.5,6227,6163.5,6215.700195,1854154500
18-01-2007,6210.299805,6257.200195,6204.5,6204.5,1867057700
19-01-2007,6237.200195,6243.299805,6178,6210.299805,1463593800
22-01-2007,6218.399902,6270.899902,6215.799805,6237.200195,1491780900
23-01-2007,6227.600098,6240.700195,6189.200195,6218.399902,1502967500
24-01-2007,6314.799805,6320.899902,6227.600098,6227.600098,1875850300
25-01-2007,6269.299805,6335.100098,6262.100098,6314.799805,1785913600
26-01-2007,6228,6271.399902,6226.399902,6269.299805,1577128400
29-01-2007,6239.899902,6253.700195,6216,6228,1514653900
30-01-2007,6242,6250.100098,6212.5,6239.899902,1465861700
31-01-2007,6203.100098,6257.299805,6197.5,6242,2141167500
01-02-2007,6282.200195,6300.299805,6203.100098,6203.100098,2143964500
02-02-2007,6310.899902,6329,6282.200195,6282.200195,2146065100
05-02-2007,6317.899902,6328.899902,6294.700195,6310.899902,1300078700
06-02-2007,6346.299805,6369.700195,6317.899902,6317.899902,1863241800
07-02-2007,6369.5,6379.799805,6338.200195,6346.299805,1841128700
08-02-2007,6346.399902,6375,6330.100098,6369.5,1721451200
09-02-2007,6382.799805,6395.399902,6346.399902,6346.399902,1546436100
12-02-2007,6353.5,6383.100098,6344.700195,6382.799805,1494282000
13-02-2007,6381.799805,6381.799805,6353.5,6353.5,1416286800
14-02-2007,6421.200195,6421.200195,6378.600098,6381.799805,1511242500
15-02-2007,6433.299805,6435.299805,6397.200195,6421.200195,1416697700
16-02-2007,6419.5,6439.200195,6407.299805,6433.299805,1382320900
19-02-2007,6444.399902,6451.399902,6419.5,6419.5,924726800
20-02-2007,6412.299805,6448.100098,6392.399902,6444.399902,1556580600
21-02-2007,6357.100098,6430.399902,6352.100098,6412.299805,1769971100
22-02-2007,6380.899902,6416,6357.100098,6357.100098,1757669400
23-02-2007,6401.5,6401.5,6357.100098,6380.899902,1661409900
26-02-2007,6434.700195,6446.799805,6401.5,6401.5,1468711800
27-02-2007,6286.100098,6434.700195,6270.5,6434.700195,2044216200
28-02-2007,6171.5,6286.100098,6166.200195,6286.100098,2147045000
01-03-2007,6116,6230.700195,6038.899902,6171.5,2147378200
02-03-2007,6116.200195,6164.399902,6085.600098,6116,1923026800
05-03-2007,6058.700195,6116.200195,5989.600098,6116.200195,1913736300
06-03-2007,6138.5,6138.5,6058.700195,6058.700195,2123083000
07-03-2007,6156.5,6167.600098,6106.100098,6138.5,1669634400
08-03-2007,6227.700195,6233.100098,6156.5,6156.5,1542604000
09-03-2007,6245.200195,6255.799805,6190.299805,6227.700195,1660715100
12-03-2007,6233.299805,6276.299805,6219.299805,6245.200195,1355450300
13-03-2007,6161.200195,6240.700195,6161.200195,6233.299805,1595964400
14-03-2007,6000.700195,6161.200195,6000.700195,6161.200195,2147069900
15-03-2007,6133.200195,6133.200195,6000.700195,6000.700195,2137773200
16-03-2007,6130.600098,6142.200195,6094.700195,6133.200195,2116076100
19-03-2007,6189.399902,6200.600098,6130.600098,6130.600098,1827203100
20-03-2007,6220.299805,6220.299805,6159.399902,6189.399902,2146044200
21-03-2007,6256.799805,6287.5,6207.700195,6220.299805,1776058600
22-03-2007,6318,6342.100098,6256.799805,6256.799805,2143517900
23-03-2007,6339.399902,6350.399902,6296.600098,6318,2052956900
26-03-2007,6291.899902,6355.299805,6274.100098,6339.399902,1766095700
27-03-2007,6292.600098,6337.700195,6276.799805,6291.899902,1549551300
28-03-2007,6267.200195,6304.899902,6250.100098,6292.600098,1582559800
29-03-2007,6324.200195,6334.700195,6267.200195,6267.200195,1534047800
30-03-2007,6308,6330,6291.100098,6324.200195,1952043600
02-04-2007,6315.5,6342.200195,6293.899902,6308,1360638200
03-04-2007,6366.100098,6366.100098,6315.5,6315.5,1816500000
04-04-2007,6364.700195,6380.5,6345.899902,6366.100098,1749293500
05-04-2007,6397.299805,6398.700195,6350.299805,6364.700195,1373407200
10-04-2007,6417.799805,6431.700195,6394.299805,6397.299805,1604097800
11-04-2007,6413.299805,6445.899902,6401.899902,6417.799805,1995616000
12-04-2007,6416.399902,6419.600098,6376.399902,6413.299805,1491396600
13-04-2007,6462.399902,6462.399902,6416.399902,6416.399902,1515814100
16-04-2007,6516.200195,6516.200195,6462.399902,6462.399902,1504428900
17-04-2007,6497.799805,6516.200195,6456.399902,6516.200195,1558112200
18-04-2007,6449.399902,6497.799805,6440.799805,6497.799805,1490398200
19-04-2007,6440.600098,6451.799805,6386.200195,6449.399902,1447222300
20-04-2007,6486.799805,6508.899902,6440.600098,6440.600098,2142959300
23-04-2007,6479.700195,6504.5,6466.100098,6486.799805,1325337000
24-04-2007,6429.5,6493.100098,6408.399902,6479.700195,2082848400
25-04-2007,6462,6479,6429.5,6429.5,2141341200
26-04-2007,6469.399902,6511.100098,6443.700195,6461.899902,1688938000
27-04-2007,6418.700195,6469.399902,6410.600098,6469.399902,1877732100
30-04-2007,6449.200195,6474.700195,6410.5,6418.700195,1386355100
01-05-2007,6419.600098,6449.200195,6395.5,6449.200195,1036351200
02-05-2007,6484.5,6489,6422.100098,6422.100098,2017407700
03-05-2007,6537.799805,6542.5,6484.5,6484.5,1925600400
04-05-2007,6603.700195,6614.700195,6537.799805,6537.799805,2099882800
08-05-2007,6550.399902,6603.700195,6537.5,6603.700195,1962124100
09-05-2007,6549.600098,6592.399902,6529,6550.399902,1948521500
10-05-2007,6524.100098,6565.100098,6515,6549.600098,1836226400
11-05-2007,6565.700195,6577,6451.899902,6524.100098,2146800700
14-05-2007,6555.5,6596.299805,6530.299805,6565.700195,1234021400
15-05-2007,6568.700195,6579,6532.899902,6555.5,2142701700
16-05-2007,6559.5,6578.600098,6539.399902,6568.600098,1834993000
17-05-2007,6579.299805,6588.700195,6553.600098,6559.5,1987515700
18-05-2007,6640.899902,6656.299805,6579.100098,6579.299805,1971217200
21-05-2007,6636.799805,6675,6619.399902,6640.899902,1562307600
22-05-2007,6606.600098,6641.899902,6594.600098,6636.799805,2147420000
23-05-2007,6616.399902,6643.799805,6602.5,6606.600098,2142740300
24-05-2007,6565.5,6619.5,6560.5,6616.399902,2137269700
25-05-2007,6570.600098,6575.200195,6532.5,6565.399902,1649747200
29-05-2007,6606.5,6613.399902,6570.5,6570.5,2146616100
30-05-2007,6602.100098,6606.5,6533.5,6606.5,2048075500
31-05-2007,6621.5,6650.200195,6602.100098,6602.100098,2067952800
01-06-2007,6676.700195,6676.700195,6621.299805,6621.399902,1746554900
04-06-2007,6664.100098,6686.100098,6641.200195,6676.700195,1276511300
05-06-2007,6632.799805,6686.600098,6625.700195,6664.100098,1790008900
06-06-2007,6522.700195,6636.899902,6511.700195,6632.799805,2034886700
07-06-2007,6505.100098,6574.899902,6478,6522.700195,2145944500
08-06-2007,6505.100098,6519.399902,6451.399902,6505.100098,2147079600
11-06-2007,6567.5,6567.5,6505.100098,6505.100098,1400291100
12-06-2007,6520.5,6586.600098,6513.700195,6567.5,2009952300
13-06-2007,6559.600098,6567.299805,6483.600098,6520.399902,1925533100
14-06-2007,6649.899902,6654.299805,6559.600098,6559.600098,1889536500
15-06-2007,6732.399902,6734.200195,6649.899902,6649.899902,2147134000
18-06-2007,6703.5,6751.299805,6696.799805,6732.399902,1300679100
19-06-2007,6650.200195,6721.399902,6650.200195,6703.5,1713057700
20-06-2007,6649.299805,6692.600098,6647.600098,6650.200195,2139497600
21-06-2007,6596,6649.299805,6563.899902,6649.299805,2146364100
22-06-2007,6567.399902,6612.299805,6562.200195,6596,1591629900
25-06-2007,6588.399902,6591.399902,6522.299805,6567.399902,1919506100
26-06-2007,6559.299805,6593.5,6539.899902,6588.399902,1988701300
27-06-2007,6527.600098,6559.299805,6496.399902,6559.299805,2144115900
28-06-2007,6571.299805,6575.5,6527.600098,6527.600098,2141633300
29-06-2007,6607.899902,6607.899902,6519.600098,6571.299805,2019137900
02-07-2007,6590.600098,6612.799805,6570.5,6607.899902,1617108000
03-07-2007,6639.799805,6645.299805,6590.600098,6590.600098,1863055200
04-07-2007,6673.100098,6682.899902,6639.799805,6639.799805,1208030200
05-07-2007,6635.200195,6691.799805,6625.799805,6673.100098,2094628900
06-07-2007,6690.100098,6690.399902,6635.200195,6635.200195,1579720100
09-07-2007,6712.700195,6725.899902,6690.100098,6690.100098,1314680100
10-07-2007,6630.899902,6734.299805,6620.5,6712.700195,1764305400
11-07-2007,6615.100098,6630.899902,6574.200195,6630.899902,1735622400
12-07-2007,6697.700195,6697.700195,6594.700195,6615.100098,1791645300
13-07-2007,6716.700195,6754.100098,6697.700195,6697.700195,1459319000
16-07-2007,6697.700195,6735.799805,6679.200195,6716.700195,1620914300
17-07-2007,6659.200195,6698.5,6628.100098,6697.700195,1653158200
18-07-2007,6567.100098,6659.100098,6567.100098,6659.100098,1649267200
19-07-2007,6640.200195,6658.799805,6567.100098,6567.100098,1929774700
20-07-2007,6585.200195,6674.299805,6580,6640.200195,1648459300
23-07-2007,6624.399902,6624.399902,6583.5,6585.200195,1450986500
24-07-2007,6498.700195,6624.399902,6498.700195,6624.399902,1858650000
25-07-2007,6454.299805,6533.600098,6436.700195,6498.700195,1877530100
26-07-2007,6251.200195,6474.700195,6251.200195,6454.299805,2146439300
27-07-2007,6215.200195,6315.200195,6192.299805,6251.200195,2146488600
30-07-2007,6206.100098,6256.5,6186.200195,6215.200195,1964464900
31-07-2007,6360.100098,6361.100098,6206.100098,6206.100098,2119510500
01-08-2007,6250.600098,6360.100098,6187.200195,6360.100098,2124592300
02-08-2007,6300.299805,6319.299805,6250.600098,6250.600098,1864279600
03-08-2007,6224.299805,6333.5,6212.200195,6300.299805,1772894000
06-08-2007,6189.100098,6245.899902,6161.5,6224.299805,1727996600
07-08-2007,6308.799805,6308.799805,6189.100098,6189.100098,1775851600
08-08-2007,6393.899902,6406.299805,6308.799805,6308.799805,2102086800
09-08-2007,6271.200195,6393.899902,6228,6393.899902,2146899500
10-08-2007,6038.299805,6271.200195,6038.299805,6271.200195,2146195400
13-08-2007,6219,6237.799805,6038.299805,6038.299805,1990653000
14-08-2007,6143.5,6264.899902,6132.200195,6219,1778694000
15-08-2007,6109.299805,6143.5,6041.700195,6143.5,1773176400
16-08-2007,5858.899902,6109.299805,5858.899902,6109.299805,2122855500
17-08-2007,6064.200195,6134,5821.700195,5858.899902,2146704700
20-08-2007,6078.700195,6163.399902,6064.200195,6064.200195,1481372200
21-08-2007,6086.100098,6118.899902,6031.799805,6078.700195,1563512500
22-08-2007,6196,6196.600098,6086.100098,6086.100098,1720924400
23-08-2007,6196.899902,6287.200195,6194.399902,6196,1710798800
24-08-2007,6220.100098,6232.200195,6182.399902,6196.899902,1064108100
28-08-2007,6102.200195,6220.100098,6083.899902,6220.100098,1251577000
29-08-2007,6132.200195,6137.899902,6056.5,6102.200195,1277810600
30-08-2007,6212,6220.799805,6122.5,6132.200195,1527847700
31-08-2007,6303.299805,6309.5,6212,6212,1405717500
03-09-2007,6315.200195,6334.399902,6303.200195,6303.299805,870994200
04-09-2007,6376.799805,6378,6274.899902,6315.200195,1354080200
05-09-2007,6270.700195,6390.5,6264.5,6376.799805,1382927400
06-09-2007,6313.299805,6327.299805,6217.5,6270.700195,1577759700
07-09-2007,6191.200195,6342.700195,6179.100098,6313.299805,1937698100
10-09-2007,6134.100098,6232.100098,6123.100098,6191.200195,1358041100
11-09-2007,6280.700195,6280.700195,6134.100098,6134.100098,1384826000
12-09-2007,6306.200195,6317.100098,6232,6280.700195,1544617400
13-09-2007,6363.899902,6374.5,6280.200195,6306.200195,1682212000
14-09-2007,6289.299805,6363.899902,6209.100098,6363.899902,2147180800
17-09-2007,6182.799805,6289.299805,6168,6289.299805,2013260400
18-09-2007,6283.299805,6298.5,6158.799805,6182.799805,2111940000
19-09-2007,6460,6512.399902,6283.299805,6283.299805,2145890500
20-09-2007,6429,6460,6395.100098,6460,1959086200
21-09-2007,6456.700195,6481.600098,6409.899902,6429,2138550700
24-09-2007,6465.899902,6494.200195,6437.299805,6456.700195,1788563100
25-09-2007,6396.899902,6465.899902,6367,6465.899902,2147378900
26-09-2007,6433,6484.399902,6396.899902,6396.899902,1958385000
27-09-2007,6486.399902,6508,6433,6433,2081502200
28-09-2007,6466.799805,6500.399902,6411.799805,6486.399902,2147359000
01-10-2007,6506.299805,6514.5,6419.200195,6466.799805,1668930100
02-10-2007,6500.399902,6567,6489.600098,6506.200195,2147328200
03-10-2007,6535.200195,6542.799805,6495,6500.399902,2036551400
04-10-2007,6547.899902,6593.299805,6507.200195,6535.200195,1930898100
05-10-2007,6595.799805,6605.100098,6547.899902,6547.899902,1593592400
08-10-2007,6540.899902,6605.600098,6540.899902,6595.799805,1642300600
09-10-2007,6615.399902,6625.299805,6527.5,6540.899902,1677935600
10-10-2007,6633,6633,6587.700195,6615.399902,1753424500
11-10-2007,6724.5,6730.100098,6633,6633,2147272400
12-10-2007,6730.700195,6730.700195,6660,6724.5,2146771300
15-10-2007,6644.5,6751.700195,6632.100098,6730.700195,1745765000
16-10-2007,6614.299805,6644.5,6596.299805,6644.5,1860730600
17-10-2007,6677.700195,6690.5,6594.899902,6614.299805,1975530700
18-10-2007,6609.399902,6722,6584.899902,6677.700195,1739688000
19-10-2007,6527.899902,6615.799805,6523.600098,6609.399902,1785068800
22-10-2007,6459.299805,6527.899902,6413.399902,6527.899902,1579140900
23-10-2007,6514,6562.700195,6459.299805,6459.299805,1660006500
24-10-2007,6482,6550.899902,6460.899902,6514,1615837000
25-10-2007,6576.299805,6587.600098,6482,6482,1950013600
26-10-2007,6661.299805,6684.100098,6567.100098,6576.299805,2090591800
29-10-2007,6706,6726.899902,6661.299805,6661.299805,1586285000
30-10-2007,6659,6706,6653.799805,6706,1465186500
31-10-2007,6721.600098,6721.600098,6636.899902,6659,1676734200
01-11-2007,6586.100098,6723.700195,6549.700195,6721.600098,1487683600
02-11-2007,6530.600098,6586.100098,6483.399902,6586.100098,1699776600
05-11-2007,6461.399902,6530.600098,6420.399902,6530.600098,1413277800
06-11-2007,6474.899902,6512.100098,6456.399902,6461.399902,1418635300
07-11-2007,6385.100098,6519.200195,6381.299805,6474.899902,1154914700
08-11-2007,6381.899902,6432.299805,6290.299805,6385.100098,2131191000
09-11-2007,6304.899902,6442.899902,6268.899902,6381.899902,1789367900
12-11-2007,6337.899902,6365.200195,6268.600098,6304.899902,1481429700
13-11-2007,6362.399902,6387.399902,6279.700195,6337.899902,1653336100
14-11-2007,6432.100098,6460.799805,6362.399902,6362.399902,1655537300
15-11-2007,6359.600098,6465.399902,6335.5,6432.100098,1246655500
16-11-2007,6291.200195,6359.600098,6283.899902,6359.600098,1354551400
19-11-2007,6120.799805,6331.700195,6120.799805,6291.200195,1375882300
20-11-2007,6226.5,6227.700195,6078.700195,6120.799805,1670519200
21-11-2007,6070.899902,6226.5,6041.799805,6226.5,1450928000
22-11-2007,6155.299805,6155.299805,6026.899902,6070.899902,1057454800
23-11-2007,6262.100098,6262.100098,6153.600098,6155.299805,1164111300
26-11-2007,6180.5,6307.799805,6180.5,6262.100098,1213903300
27-11-2007,6140.700195,6197.100098,6061.799805,6180.5,1521781000
28-11-2007,6306.200195,6307.399902,6109.600098,6140.700195,1556085100
29-11-2007,6349.100098,6363.5,6273.399902,6306.200195,1407106200
30-11-2007,6432.5,6455.799805,6334,6349.100098,1613249500
03-12-2007,6386.600098,6456.100098,6379.899902,6432.5,1170902700
04-12-2007,6315.200195,6398.200195,6289.299805,6386.600098,1207162500
05-12-2007,6493.799805,6493.799805,6315.200195,6315.200195,1330501400
06-12-2007,6485.600098,6591.799805,6437.799805,6493.799805,1518034100
07-12-2007,6554.899902,6577.799805,6485.600098,6485.600098,1102286000
10-12-2007,6565.399902,6596.700195,6523.700195,6554.899902,1022301700
11-12-2007,6536.899902,6597.5,6513.399902,6565.399902,969300700
12-12-2007,6559.799805,6610.899902,6429.5,6536.899902,1582706000
13-12-2007,6364.200195,6559.799805,6364.200195,6559.799805,1406047800
14-12-2007,6397,6426.200195,6336.700195,6364.200195,975937300
17-12-2007,6277.799805,6397,6264.299805,6397,1137995000
18-12-2007,6279.299805,6344.299805,6254.5,6277.799805,1171365900
19-12-2007,6284.5,6319.100098,6251.799805,6279.299805,1065834600
20-12-2007,6345.600098,6367.700195,6284.5,6284.5,1146323000
21-12-2007,6434.100098,6451.799805,6345.600098,6345.600098,1557130900
24-12-2007,6479.299805,6485.600098,6431.200195,6434.100098,145425700
27-12-2007,6497.799805,6504.700195,6468.399902,6479.299805,481185200
28-12-2007,6476.899902,6497.799805,6436.799805,6497.799805,419742800
31-12-2007,6456.899902,6480.200195,6432.799805,6476.899902,193916500
02-01-2008,6416.700195,6512.299805,6402.600098,6456.899902,674073300
03-01-2008,6479.399902,6487.799805,6394.600098,6416.700195,932411700
04-01-2008,6348.5,6534.700195,6333.200195,6479.399902,1182498500
07-01-2008,6335.700195,6376.5,6275.200195,6348.5,1298090800
08-01-2008,6356.5,6399.600098,6335.700195,6335.700195,1418323100
09-01-2008,6272.700195,6356.5,6241.799805,6356.5,1823908900
10-01-2008,6222.700195,6314.5,6213,6272.700195,1561550500
11-01-2008,6202,6251.799805,6147,6222.700195,1584489000
14-01-2008,6215.700195,6247.299805,6173,6202,1141689600
15-01-2008,6025.600098,6215.700195,6025.600098,6215.700195,1633314500
16-01-2008,5942.899902,6031.5,5908.5,6025.600098,1889642300
17-01-2008,5902.399902,6028.399902,5895.399902,5942.899902,1696753100
18-01-2008,5901.700195,6030.899902,5856.799805,5902.399902,2001710300
21-01-2008,5578.200195,5901.700195,5571,5901.700195,2105408800
22-01-2008,5740.100098,5764,5338.700195,5578.200195,2146910000
23-01-2008,5609.399902,5844.899902,5518.299805,5740.100098,2146010500
24-01-2008,5875.799805,5882.299805,5609.299805,5609.299805,2129111100
25-01-2008,5869,5973.299805,5848.5,5875.799805,1647164500
28-01-2008,5788.899902,5869,5705.100098,5869,1232833300
29-01-2008,5885.200195,5885.200195,5788.899902,5788.899902,1144122500
30-01-2008,5837.299805,5885.200195,5818.600098,5885.200195,1122769500
31-01-2008,5879.799805,5899.5,5689.399902,5837.299805,1888867600
01-02-2008,6029.200195,6044.899902,5879.799805,5879.799805,1791034100
04-02-2008,6026.200195,6071.299805,6000.200195,6029.200195,1102822400
05-02-2008,5868,6026.200195,5852.799805,6026.200195,1421468900
06-02-2008,5875.399902,5892.600098,5816.399902,5868,1316366700
07-02-2008,5724.100098,5875.399902,5708.799805,5875.399902,1650915000
08-02-2008,5784,5805.299805,5703.100098,5724.100098,1253695300
11-02-2008,5707.700195,5789.600098,5681.5,5784,1130377400
12-02-2008,5910,5910,5707.700195,5707.700195,1473528100
13-02-2008,5880.100098,5915,5814.799805,5910,1282472300
14-02-2008,5879.299805,5938.5,5859.399902,5880.100098,1312840500
15-02-2008,5787.600098,5915,5763.5,5879.299805,1286214100
18-02-2008,5946.600098,5951.899902,5787.600098,5787.600098,927279200
19-02-2008,5966.899902,6033.700195,5884.799805,5946.600098,1309517400
20-02-2008,5893.600098,5966.899902,5847.399902,5966.899902,1480551900
21-02-2008,5932.200195,6004.399902,5893.600098,5893.600098,1304872400
22-02-2008,5888.5,5970.899902,5863.799805,5932.200195,1249304500
25-02-2008,5999.5,6011.700195,5888.5,5888.5,1211085100
26-02-2008,6087.399902,6092.5,5991.600098,5999.5,1283573200
27-02-2008,6076.5,6104.5,5989,6087.399902,1508230000
28-02-2008,5965.700195,6090.799805,5960.299805,6076.5,1555514800
29-02-2008,5884.299805,5986.200195,5859.299805,5965.700195,1557177300
03-03-2008,5818.600098,5884.299805,5770.100098,5884.299805,1519244300
04-03-2008,5767.700195,5872.899902,5719.799805,5818.600098,1555756600
05-03-2008,5853.5,5860.5,5763.899902,5767.700195,1416583700
06-03-2008,5766.399902,5871.100098,5753.100098,5853.5,1223869700
07-03-2008,5699.899902,5766.399902,5655.700195,5766.399902,1553543800
10-03-2008,5629.100098,5718.799805,5616.600098,5699.899902,1311044000
11-03-2008,5690.399902,5783.399902,5629.100098,5629.100098,1752461600
12-03-2008,5776.399902,5812.700195,5690.399902,5690.399902,1421371500
13-03-2008,5692.399902,5776.399902,5628.899902,5776.399902,1628702300
14-03-2008,5631.700195,5782,5595.799805,5692.399902,1551275000
17-03-2008,5414.399902,5631.700195,5414.399902,5631.700195,2058764200
18-03-2008,5605.799805,5610,5414.399902,5414.399902,1660294700
19-03-2008,5545.600098,5653.600098,5524.799805,5605.799805,2127270700
20-03-2008,5495.200195,5545.600098,5461.899902,5545.600098,2137214900
25-03-2008,5689.100098,5704.299805,5495.200195,5495.200195,1962218800
26-03-2008,5660.399902,5689.100098,5639.100098,5689.100098,1499881500
27-03-2008,5717.5,5735,5650.899902,5660.399902,1419002900
28-03-2008,5692.899902,5747.200195,5673.700195,5717.5,1045046100
31-03-2008,5702.100098,5715.100098,5585.600098,5692.899902,1374906100
01-04-2008,5852.600098,5865.799805,5670.399902,5702.100098,1473810600
02-04-2008,5915.899902,5920.100098,5827.200195,5852.600098,1317727800
03-04-2008,5891.299805,5935.200195,5864,5915.899902,1065812900
04-04-2008,5947.100098,5948,5888,5891.299805,954743500
07-04-2008,6014.799805,6014.799805,5947.100098,5947.100098,946532600
08-04-2008,5990.200195,6014.799805,5942.200195,6014.799805,934849000
09-04-2008,5983.899902,6015.600098,5947.200195,5990.200195,955804900
10-04-2008,5965.100098,6003.200195,5881.899902,5983.899902,1231191200
11-04-2008,5895.5,6016.299805,5866.100098,5965.100098,1228298000
14-04-2008,5831.600098,5895.5,5827,5895.5,1071624800
15-04-2008,5906.899902,5943.299805,5831.600098,5831.600098,1265418200
16-04-2008,6046.200195,6046.200195,5906.899902,5906.899902,1274744100
17-04-2008,5980.399902,6086.399902,5973.899902,6046.200195,1341988600
18-04-2008,6056.600098,6062.100098,5974.299805,5980.399902,1420110900
21-04-2008,6053,6089.5,6021.200195,6056.5,1173183800
22-04-2008,6034.700195,6072,6007.5,6053,1035231500
23-04-2008,6083.600098,6083.600098,5978.799805,6034.700195,1353681300
24-04-2008,6050.700195,6083.600098,5951.899902,6083.600098,1145619200
25-04-2008,6091.399902,6098.799805,6045.5,6050.700195,1147801700
28-04-2008,6090.399902,6134.5,6083.5,6091.399902,781898500
29-04-2008,6089.399902,6133.5,6051.600098,6090.399902,997915900
30-04-2008,6087.299805,6120.299805,6035.799805,6089.399902,1156154900
01-05-2008,6087.299805,6118.200195,6066,6087.299805,579075100
02-05-2008,6215.5,6223.899902,6087.299805,6087.299805,1199047200
06-05-2008,6215.299805,6233.700195,6155.899902,6215.5,1079620600
07-05-2008,6261,6275,6214.100098,6215.200195,1036822500
08-05-2008,6270.799805,6273.299805,6217,6256.5,1054319900
09-05-2008,6204.700195,6270.799805,6167.600098,6270.799805,964963800
12-05-2008,6220.700195,6251.899902,6184.799805,6204.700195,678570800
13-05-2008,6211.899902,6268.100098,6142.299805,6220.600098,1047796100
14-05-2008,6216,6253.100098,6167.899902,6211.899902,1161774500
15-05-2008,6251.799805,6258.5,6168.799805,6216,1137169800
16-05-2008,6304.299805,6348.600098,6251.799805,6251.799805,1197060400
19-05-2008,6376.5,6377,6302.799805,6304.299805,1110917200
20-05-2008,6191.600098,6376.5,6191.600098,6376.5,1350917600
21-05-2008,6198.100098,6257.299805,6183.5,6191.600098,1354508100
22-05-2008,6181.600098,6226.200195,6159.399902,6198.100098,1551634900
23-05-2008,6087.299805,6182.899902,6087.299805,6181.600098,1133052000
27-05-2008,6058.5,6141.700195,6048.700195,6087.299805,1296141700
28-05-2008,6069.600098,6122.200195,6052.5,6058.5,1344845200
29-05-2008,6068.100098,6130.5,6041.100098,6069.600098,1377029000
30-05-2008,6053.5,6111.600098,6044.700195,6068.100098,1650279300
02-06-2008,6007.600098,6060.799805,5978.399902,6053.5,1276716500
03-06-2008,6057.700195,6059,5993.299805,6007.600098,1331720300
04-06-2008,5970.100098,6057.700195,5933.299805,6057.700195,1609778100
05-06-2008,5995.299805,6005.100098,5941,5970.100098,1435388200
06-06-2008,5906.799805,6074.5,5906.5,5995.299805,1377027700
09-06-2008,5877.600098,5938.5,5869.600098,5902.899902,1309997000
10-06-2008,5827.299805,5873.200195,5813.399902,5869.799805,1327050900
11-06-2008,5723.299805,5859.399902,5708.299805,5847.399902,1940035400
12-06-2008,5790.5,5797.799805,5719.799805,5725.5,1871306800
13-06-2008,5802.799805,5818.299805,5719.5,5793.700195,1353586500
16-06-2008,5794.600098,5832.600098,5759.600098,5802.799805,1256900700
17-06-2008,5861.899902,5930.299805,5794.600098,5794.600098,1313063800
18-06-2008,5756.899902,5861.899902,5735.399902,5861.899902,1316636300
19-06-2008,5708.399902,5786.399902,5707.200195,5756.899902,1438710400
20-06-2008,5620.799805,5731.899902,5597,5708.399902,1691661700
23-06-2008,5667.200195,5679.200195,5603.200195,5620.799805,1288587600
24-06-2008,5634.700195,5693.799805,5581.600098,5667.200195,1606101000
25-06-2008,5666.100098,5669.600098,5634.700195,5634.700195,1527032700
26-06-2008,5518.200195,5666.100098,5518.200195,5666.100098,1603238500
27-06-2008,5530,5555.200195,5470.899902,5518.200195,1672463300
30-06-2008,5625.899902,5625.899902,5520.200195,5529.899902,1411196700
01-07-2008,5479.899902,5625.899902,5466.299805,5625.899902,1766869500
02-07-2008,5426.299805,5566.799805,5426.299805,5479.899902,1775171700
03-07-2008,5476.600098,5490.600098,5358.5,5426.299805,1778459100
04-07-2008,5412.799805,5490.200195,5394,5476.600098,964763400
07-07-2008,5512.700195,5516.399902,5400.100098,5412.799805,1185721300
08-07-2008,5440.5,5512.700195,5358.700195,5512.700195,1556629000
09-07-2008,5529.600098,5538.200195,5440.5,5440.5,1482113500
10-07-2008,5406.799805,5529.600098,5392.600098,5529.600098,1468540900
11-07-2008,5261.600098,5461.799805,5261.600098,5406.799805,1686940500
14-07-2008,5300.399902,5373.200195,5261.600098,5261.600098,1328602600
15-07-2008,5171.899902,5300.399902,5119,5300.399902,2028827300
16-07-2008,5150.600098,5210.100098,5071.100098,5171.899902,2107222500
17-07-2008,5286.299805,5320.5,5150.600098,5150.600098,2068339400
18-07-2008,5376.399902,5376.399902,5216.600098,5286.299805,2061723500
21-07-2008,5404.299805,5445.799805,5334.600098,5376.399902,1609590000
22-07-2008,5364.200195,5404.299805,5282.799805,5404.299805,1931906300
23-07-2008,5449.899902,5467.200195,5364.100098,5364.100098,2126534100
24-07-2008,5362.299805,5463.700195,5345.100098,5449.899902,1729970900
25-07-2008,5352.600098,5375.200195,5291.399902,5362.299805,1662768600
28-07-2008,5312.600098,5365.799805,5308.399902,5352.600098,1076152400
29-07-2008,5319.200195,5354.600098,5261.399902,5312.600098,1507025700
30-07-2008,5420.700195,5435.899902,5319.200195,5319.200195,1458308300
31-07-2008,5411.899902,5456.100098,5371.299805,5420.700195,1768570800
01-08-2008,5354.700195,5411.899902,5321.299805,5411.899902,1341947000
04-08-2008,5320.200195,5414.700195,5310.299805,5354.700195,972098300
05-08-2008,5454.5,5454.5,5299.700195,5320.200195,1655153000
06-08-2008,5486.100098,5498.600098,5440.100098,5454.5,1634412000
07-08-2008,5477.5,5539.299805,5450.899902,5486.100098,1552156300
08-08-2008,5489.200195,5507.200195,5410.799805,5477.5,1416347700
11-08-2008,5541.799805,5541.799805,5477.700195,5489.200195,1121815600
12-08-2008,5534.5,5569.200195,5491.299805,5541.799805,1249922700
13-08-2008,5448.600098,5534.5,5437.100098,5534.5,1399163100
14-08-2008,5497.5,5539.600098,5445.600098,5448.600098,1127815700
15-08-2008,5454.799805,5538.799805,5432.200195,5497.399902,964805800
18-08-2008,5450.200195,5498.700195,5425.299805,5454.799805,727068400
19-08-2008,5320.399902,5450.200195,5317.100098,5450.200195,1162376400
20-08-2008,5371.799805,5384.200195,5320.399902,5320.399902,1086011900
21-08-2008,5370.200195,5408,5311.399902,5371.799805,1011026700
22-08-2008,5505.600098,5505.600098,5368,5370.200195,1024330800
26-08-2008,5470.700195,5505.600098,5369.299805,5505.600098,963908000
27-08-2008,5528.200195,5540.799805,5434.700195,5470.700195,879705700
28-08-2008,5601.200195,5634,5496.899902,5528.100098,1096926400
29-08-2008,5636.600098,5649.100098,5587.399902,5601.200195,1109943000
01-09-2008,5602.799805,5636.600098,5573.799805,5636.600098,590551600
02-09-2008,5620.700195,5646.5,5574.899902,5602.799805,1346424400
03-09-2008,5499.700195,5620.700195,5492.100098,5620.700195,1257405100
04-09-2008,5362.100098,5541.700195,5362.100098,5499.700195,1422706900
05-09-2008,5240.700195,5362.100098,5227.600098,5362.100098,1653449200
08-09-2008,5446.299805,5447.600098,5240.700195,5240.700195,808056600
09-09-2008,5415.600098,5524.799805,5386.899902,5446.299805,2008764300
10-09-2008,5366.200195,5419.5,5327.799805,5415.600098,1580677400
11-09-2008,5318.399902,5377.899902,5258.100098,5366.200195,1448798000
12-09-2008,5416.700195,5416.700195,5318.399902,5318.399902,1375294800
15-09-2008,5204.200195,5416.700195,5124.899902,5416.700195,2087491500
16-09-2008,5025.600098,5204.200195,4961.200195,5204.200195,2146099200
17-09-2008,4912.399902,5124.399902,4903.299805,5025.600098,2146561800
18-09-2008,4880,5015.899902,4860.700195,4912.399902,2145521500
19-09-2008,5311.299805,5351.200195,4857.100098,4880,2147443000
22-09-2008,5236.299805,5339.299805,5236.299805,5311.299805,1294511600
23-09-2008,5136.100098,5236.299805,5076.299805,5236.299805,1502159100
24-09-2008,5095.600098,5167.399902,5087.299805,5136.100098,1257289700
25-09-2008,5197,5211.600098,5060.700195,5095.600098,1427808500
26-09-2008,5088.5,5197,5057.299805,5197,1124378400
29-09-2008,4818.799805,5088.5,4818.799805,5088.5,1511330500
30-09-2008,4902.5,4953.399902,4671,4818.799805,1767073100
01-10-2008,4959.600098,5012.200195,4891.5,4902.5,1532944200
02-10-2008,4870.299805,5052,4862.100098,4959.600098,1320100800
03-10-2008,4980.299805,5003.899902,4832.100098,4870.299805,1565085200
06-10-2008,4589.200195,4980.299805,4549.700195,4980.299805,1787422600
07-10-2008,4605.200195,4745,4517.5,4589.200195,2142946900
08-10-2008,4366.700195,4654.200195,4245.299805,4605.200195,2146613600
09-10-2008,4313.799805,4512.5,4274.399902,4366.700195,1899237600
10-10-2008,3932.100098,4313.799805,3874,4313.799805,2146499000
13-10-2008,4256.899902,4256.899902,3932.100098,3932.100098,2075277200
14-10-2008,4394.200195,4534.399902,4256.899902,4256.899902,2146346200
15-10-2008,4079.600098,4394.200195,4052,4394.200195,1647590200
16-10-2008,3861.399902,4079.600098,3808.100098,4079.600098,1996479500
17-10-2008,4063,4077.600098,3861.300049,3861.399902,1843477100
20-10-2008,4282.700195,4282.700195,4063,4063,1455710000
21-10-2008,4229.700195,4347.700195,4212.399902,4282.700195,1277220500
22-10-2008,4040.899902,4229.700195,4031.800049,4229.700195,1446139800
23-10-2008,4087.800049,4108.399902,3927.600098,4040.899902,1459891500
24-10-2008,3883.399902,4087.800049,3715.199951,4087.800049,1831994500
27-10-2008,3852.600098,3911.600098,3665.199951,3883.399902,1399046900
28-10-2008,3926.399902,4034,3847.600098,3852.600098,1592948500
29-10-2008,4242.5,4242.5,3926.399902,3926.399902,1667125900
30-10-2008,4291.700195,4352.5,4200.200195,4242.5,1362674800
31-10-2008,4377.299805,4383.899902,4195.200195,4291.700195,1679929300
03-11-2008,4443.299805,4443.299805,4348.299805,4377.299805,1234386600
04-11-2008,4639.5,4639.5,4404.200195,4443.299805,1491548400
05-11-2008,4530.700195,4639.5,4495.700195,4639.5,1154229400
06-11-2008,4272.399902,4530.700195,4260.299805,4530.700195,1680698800
07-11-2008,4365,4408.100098,4263.799805,4272.399902,1296014000
10-11-2008,4403.899902,4524.899902,4365,4365,1094586600
11-11-2008,4246.700195,4403.899902,4231.5,4403.899902,1320599800
12-11-2008,4182,4333.399902,4134.5,4246.700195,1441079400
13-11-2008,4169.200195,4198.700195,4079.600098,4182,1418693100
14-11-2008,4233,4342.299805,4169.200195,4169.200195,1228154100
17-11-2008,4132.200195,4236.399902,4110.700195,4233,1089892900
18-11-2008,4208.600098,4208.600098,4033.399902,4132.200195,1316071900
19-11-2008,4005.699951,4213.200195,3999.100098,4208.600098,1387899700
20-11-2008,3875,4005.699951,3812.199951,4005.699951,1571801800
21-11-2008,3781,3946.699951,3734.100098,3875,1618276800
24-11-2008,4153,4153.100098,3781,3781,1635116900
25-11-2008,4171.299805,4268.299805,4069.300049,4153,1901669700
26-11-2008,4152.700195,4198.700195,4050.699951,4171.299805,1167340700
27-11-2008,4226.100098,4241.700195,4152.700195,4152.700195,781558100
28-11-2008,4288,4288,4192.5,4226.100098,941523500
01-12-2008,4065.5,4288,4038.5,4288,1041732400
02-12-2008,4122.899902,4137.100098,3973.300049,4065.5,1586775900
03-12-2008,4170,4190.899902,4042.300049,4122.899902,1201073200
04-12-2008,4163.600098,4261.100098,4090,4170,1270801100
05-12-2008,4049.399902,4163.600098,4002.199951,4163.600098,1116563100
08-12-2008,4300.100098,4318,4049.399902,4049.399902,1243254600
09-12-2008,4381.299805,4413,4232.600098,4300.100098,1106828700
10-12-2008,4367.299805,4407.100098,4330,4381.299805,1097104600
11-12-2008,4388.700195,4430.299805,4307.799805,4367.299805,1054034600
12-12-2008,4280.399902,4388.700195,4201.899902,4388.700195,1101084700
15-12-2008,4277.600098,4340.700195,4238.899902,4280.399902,871526200
16-12-2008,4309.100098,4330.100098,4246.100098,4277.600098,929308900
17-12-2008,4324.200195,4341.100098,4231.100098,4309.100098,1135986200
18-12-2008,4330.700195,4352.700195,4282.600098,4324.200195,1089176000
19-12-2008,4286.899902,4330.700195,4200.700195,4330.700195,1576532200
22-12-2008,4249.200195,4305.399902,4219.799805,4286.899902,767254400
23-12-2008,4256,4307.100098,4244.200195,4249.200195,607289600
24-12-2008,4216.600098,4256,4205.200195,4256,158371000
29-12-2008,4319.399902,4326.299805,4216.600098,4216.600098,441106800
30-12-2008,4392.700195,4406.100098,4319.399902,4319.399902,430343900
31-12-2008,4434.200195,4456.200195,4392.700195,4392.700195,241902200
02-01-2009,4561.799805,4561.799805,4430,4434.200195,407295500
05-01-2009,4579.600098,4618.100098,4520.799805,4561.799805,836676100
06-01-2009,4638.899902,4675.700195,4562,4579.600098,1036086000
07-01-2009,4507.5,4638.899902,4478,4638.899902,1059568400
08-01-2009,4505.399902,4514.700195,4410.5,4507.5,923008000
09-01-2009,4448.5,4534.799805,4431.899902,4505.399902,979530100
12-01-2009,4426.200195,4471.299805,4402.299805,4448.5,785473900
13-01-2009,4399.200195,4426.200195,4321.299805,4426.200195,928429000
14-01-2009,4180.600098,4426.5,4115.399902,4399.200195,1309107200
15-01-2009,4121.100098,4199.399902,4090.899902,4180.600098,1247030300
16-01-2009,4147.100098,4251.700195,4121.100098,4121.100098,1380947500
19-01-2009,4108.5,4251.899902,4032.399902,4147.100098,1879365100
20-01-2009,4091.399902,4184.299805,4060.600098,4108.5,2078463800
21-01-2009,4059.899902,4112.799805,4001.399902,4091.399902,2068435600
22-01-2009,4052.199951,4153.899902,4046.399902,4059.899902,1614858900
23-01-2009,4052.5,4070.800049,3956.699951,4052.199951,1508583500
26-01-2009,4209,4225.200195,4039.399902,4052.5,1524347800
27-01-2009,4194.399902,4211,4130.799805,4209,1264648400
28-01-2009,4295.200195,4317.600098,4194.399902,4194.399902,1714540500
29-01-2009,4190.100098,4295.200195,4147.700195,4295.200195,1387667200
30-01-2009,4149.600098,4228,4125.200195,4190.100098,1496062700
02-02-2009,4077.800049,4149.600098,4036.899902,4149.600098,929235800
03-02-2009,4164.5,4173.200195,4043.399902,4077.800049,1085343300
04-02-2009,4228.600098,4262.700195,4160.399902,4164.5,1196794000
05-02-2009,4228.899902,4235.299805,4133.5,4228.600098,1216188700
06-02-2009,4291.899902,4330.700195,4225.600098,4228.899902,1412522900
09-02-2009,4307.600098,4334,4244,4291.899902,1158075200
10-02-2009,4213.100098,4309.5,4210.5,4307.600098,1113424800
11-02-2009,4234.299805,4244.5,4182.100098,4213.100098,977770500
12-02-2009,4202.200195,4234.299805,4135.100098,4234.299805,1326826700
13-02-2009,4189.600098,4291.600098,4168,4202.200195,1461771800
16-02-2009,4134.799805,4189.600098,4127.299805,4189.600098,765927300
17-02-2009,4034.100098,4134.799805,3995.399902,4134.799805,1226667200
18-02-2009,4006.800049,4056.5,3938.100098,4034.100098,1275963400
19-02-2009,4018.399902,4045.199951,3983.899902,4006.800049,1173914600
20-02-2009,3889.100098,4018.399902,3877.800049,4018.399902,1300936100
23-02-2009,3850.699951,3960,3844.899902,3889.100098,985111800
24-02-2009,3816.399902,3852.300049,3772.5,3850.699951,1082778200
25-02-2009,3849,3884.100098,3803.899902,3816.399902,1190213600
26-02-2009,3915.600098,3948.199951,3849,3849,2078195900
27-02-2009,3830.100098,3915.600098,3760.699951,3915.600098,1662560900
02-03-2009,3625.800049,3830.100098,3625.800049,3830.100098,1489096600
03-03-2009,3512.100098,3676.899902,3497.300049,3625.800049,1550463500
04-03-2009,3645.899902,3649.5,3512.100098,3512.100098,1282906500
05-03-2009,3529.899902,3645.899902,3526.399902,3645.899902,1517533900
06-03-2009,3530.699951,3590.199951,3492.100098,3529.899902,1594394000
09-03-2009,3542.399902,3564.800049,3460.699951,3530.699951,1567503300
10-03-2009,3715.199951,3726.300049,3516.300049,3542.399902,1622535500
11-03-2009,3693.800049,3763.199951,3652,3715.199951,1596496900
12-03-2009,3712.100098,3725.600098,3616.5,3693.800049,1414332600
13-03-2009,3753.699951,3816,3712.100098,3712.100098,1333680700
16-03-2009,3864,3864,3753.699951,3753.699951,1178182100
17-03-2009,3857.100098,3864,3793.100098,3864,1176227300
18-03-2009,3805,3901.699951,3768.5,3857.100098,1211937900
19-03-2009,3816.899902,3912.600098,3793.699951,3805,2067532600
20-03-2009,3842.899902,3854.899902,3777.699951,3816.899902,2098960900
23-03-2009,3952.800049,3978.600098,3842.899902,3842.899902,1437096700
24-03-2009,3911.5,3992.399902,3878.399902,3952.800049,1405266400
25-03-2009,3900.300049,3939.199951,3853,3911.5,1320622600
26-03-2009,3925.199951,3929.5,3877.800049,3900.300049,1425099300
27-03-2009,3898.899902,3950.300049,3877.600098,3925.199951,1489157700
30-03-2009,3762.899902,3898.899902,3762.899902,3898.899902,1236805000
31-03-2009,3926.100098,3930.600098,3762.899902,3762.899902,1504770600
01-04-2009,3955.600098,3972.699951,3838.199951,3926.100098,1290451600
02-04-2009,4125,4137.899902,3955.600098,3955.600098,1638677500
03-04-2009,4029.699951,4132.899902,4015.600098,4125,1372120500
06-04-2009,3993.5,4097.200195,3959.600098,4029.699951,1210070400
07-04-2009,3930.5,4039.5,3909.899902,3993.5,1084360400
08-04-2009,3925.5,3940.399902,3876.100098,3930.5,1093133700
09-04-2009,3983.699951,3986.300049,3912,3925.5,1119752000
14-04-2009,3989,4039.699951,3939.600098,3983.699951,1385019700
15-04-2009,3968.399902,4023.399902,3941.600098,3989,1214774200
16-04-2009,4053,4053,3963.600098,3968.399902,1235529000
17-04-2009,4092.800049,4114.299805,4043.199951,4053,1554328000
20-04-2009,3990.899902,4112.799805,3962.899902,4092.800049,1222655500
21-04-2009,3987.5,4019.199951,3897.300049,3990.899902,1470716700
22-04-2009,4030.699951,4036,3948.199951,3987.5,1289423600
23-04-2009,4018.199951,4082.300049,3999.100098,4030.699951,1098268000
24-04-2009,4156,4156,4018.199951,4018.199951,1272567300
27-04-2009,4167,4179.200195,4088.699951,4156,975338500
28-04-2009,4096.399902,4167,4058.699951,4167,976964600
29-04-2009,4189.600098,4193.299805,4089.5,4096.399902,1154592800
30-04-2009,4243.700195,4293.600098,4189.600098,4189.600098,1479187400
01-05-2009,4243.200195,4251.600098,4210.799805,4243.700195,600337900
05-05-2009,4336.899902,4375.399902,4243.200195,4243.200195,1521395300
06-05-2009,4396.5,4437.600098,4317.100098,4336.899902,1450005700
07-05-2009,4398.700195,4520.799805,4380.299805,4396.5,2082793400
08-05-2009,4462.100098,4487.5,4398.700195,4398.700195,1374720300
11-05-2009,4435.5,4470.100098,4401.5,4462.100098,1174313500
12-05-2009,4425.5,4457.5,4397.399902,4435.5,1233368000
13-05-2009,4331.399902,4448,4328.200195,4425.5,1484087100
14-05-2009,4362.600098,4371.299805,4295.200195,4331.399902,1162939200
15-05-2009,4348.100098,4400.700195,4317.200195,4362.600098,1035803800
18-05-2009,4446.5,4446.5,4307.700195,4348.100098,959145100
19-05-2009,4482.299805,4512.700195,4445.5,4446.5,1385942800
20-05-2009,4468.399902,4504.200195,4445.100098,4482.299805,1326948700
21-05-2009,4345.5,4468.399902,4325.799805,4468.399902,1220946400
22-05-2009,4365.299805,4393.100098,4335,4345.5,995791300
26-05-2009,4411.700195,4423.600098,4295,4365.299805,981618600
27-05-2009,4416.200195,4439.799805,4390.200195,4411.700195,921207800
28-05-2009,4387.5,4416.200195,4341.100098,4416.200195,899986300
29-05-2009,4417.899902,4469.399902,4387.5,4387.5,1114677900
01-06-2009,4506.200195,4517.600098,4417.899902,4417.899902,945032300
02-06-2009,4477,4506.200195,4435.899902,4506.200195,1387225400
03-06-2009,4383.399902,4477.200195,4359.299805,4477,1223091600
04-06-2009,4386.899902,4436.299805,4359.700195,4383.399902,1011577800
05-06-2009,4438.600098,4495.899902,4386.899902,4386.899902,1214146300
08-06-2009,4405.200195,4438.600098,4370.600098,4438.600098,1217751600
09-06-2009,4404.799805,4445.5,4387.299805,4405.200195,984357200
10-06-2009,4436.799805,4505.899902,4404.799805,4404.799805,1183525400
11-06-2009,4461.899902,4478.399902,4409.200195,4436.799805,1081565400
12-06-2009,4442,4472,4427.200195,4461.899902,988502000
15-06-2009,4326,4442,4319.799805,4442,975059400
16-06-2009,4328.600098,4372.899902,4321.600098,4326,1170139200
17-06-2009,4278.5,4328.700195,4254.600098,4328.600098,1167328700
18-06-2009,4280.899902,4305.399902,4239.700195,4278.5,1222104700
19-06-2009,4345.899902,4370.299805,4279.899902,4280.899902,1830416700
22-06-2009,4234.100098,4345.899902,4234.100098,4345.899902,1126564100
23-06-2009,4230,4264,4214.899902,4234.100098,1057649000
24-06-2009,4280,4293,4218.399902,4230,1121205000
25-06-2009,4252.600098,4290.399902,4213.399902,4280,1082815700
26-06-2009,4241,4307.200195,4216.5,4252.600098,1021123100
29-06-2009,4294,4303.600098,4235.200195,4241,1086737200
30-06-2009,4249.200195,4311.200195,4230.600098,4294,1281583500
01-07-2009,4340.700195,4353,4249.200195,4249.200195,1191886800
02-07-2009,4234.299805,4340.700195,4230.799805,4340.700195,1271763500
03-07-2009,4236.299805,4264.799805,4221.200195,4234.299805,905300700
06-07-2009,4194.899902,4236.299805,4172.299805,4236.299805,874675400
07-07-2009,4187,4242.100098,4184.399902,4194.899902,847664200
08-07-2009,4140.200195,4197.600098,4130.600098,4187,1051898200
09-07-2009,4158.700195,4186.399902,4140.200195,4140.200195,900471600
10-07-2009,4127.200195,4160.5,4123.5,4158.700195,814402200
13-07-2009,4202.100098,4209.299805,4096.100098,4127.200195,833668500
14-07-2009,4237.700195,4256.399902,4198.700195,4202.100098,867775400
15-07-2009,4346.5,4346.5,4237.700195,4237.700195,916566200
16-07-2009,4361.799805,4385.200195,4329.399902,4346.5,924481400
17-07-2009,4388.799805,4411.899902,4361.799805,4361.799805,1076386600
20-07-2009,4443.600098,4464.799805,4388.799805,4388.799805,953645400
21-07-2009,4481.200195,4502.100098,4437.799805,4443.600098,1080316400
22-07-2009,4493.700195,4498,4449.200195,4481.200195,928783400
23-07-2009,4559.799805,4566.799805,4472.100098,4493.700195,1104970700
24-07-2009,4576.600098,4603.200195,4536.5,4559.799805,1145016600
27-07-2009,4586.100098,4615.100098,4553.100098,4576.600098,874599400
28-07-2009,4528.799805,4616.399902,4520.299805,4586.100098,966741400
29-07-2009,4547.5,4581.799805,4512.100098,4528.799805,895089400
30-07-2009,4631.600098,4646.899902,4547.5,4547.5,1158922100
31-07-2009,4608.399902,4645.5,4599.700195,4631.600098,1120900900
03-08-2009,4682.5,4710.200195,4595.600098,4608.399902,1178151400
04-08-2009,4671.399902,4682.5,4627.700195,4682.5,958905100
05-08-2009,4647.100098,4696.600098,4630.600098,4671.399902,1392568600
06-08-2009,4690.5,4729.600098,4647.100098,4647.100098,1312467700
07-08-2009,4731.600098,4743.600098,4632.200195,4690.5,1528840500
10-08-2009,4722.200195,4731.600098,4688.799805,4731.600098,892251700
11-08-2009,4671.299805,4744.100098,4657.799805,4722.200195,1051822100
12-08-2009,4716.799805,4722.600098,4631.700195,4671.299805,1010701400
13-08-2009,4755.5,4790,4716.799805,4716.799805,1013328800
14-08-2009,4714,4790.200195,4699.5,4755.5,871182600
17-08-2009,4645,4714,4610.299805,4714,800042900
18-08-2009,4685.799805,4688.200195,4645,4645,732863000
19-08-2009,4689.700195,4698.5,4625.399902,4685.799805,773947300
20-08-2009,4756.600098,4766.899902,4689.700195,4689.700195,943369300
21-08-2009,4850.899902,4858.5,4735.799805,4756.600098,1320141100
24-08-2009,4896.200195,4911.399902,4850.899902,4850.899902,900326900
25-08-2009,4916.799805,4923.299805,4858.899902,4896.200195,1044396100
26-08-2009,4890.600098,4927.100098,4872.399902,4916.799805,907787400
27-08-2009,4869.399902,4906.200195,4855.299805,4890.600098,912983500
28-08-2009,4908.899902,4944.200195,4869.399902,4869.399902,1070450000
01-09-2009,4819.700195,4921.200195,4819.700195,4908.899902,1150970500
02-09-2009,4817.600098,4821.899902,4776.5,4819.700195,1274571700
03-09-2009,4796.799805,4841.5,4788.899902,4817.600098,965052400
04-09-2009,4851.700195,4873.799805,4796.799805,4796.799805,938072800
07-09-2009,4933.200195,4941.700195,4851.700195,4851.700195,762580200
08-09-2009,4947.299805,4972,4926.100098,4933.200195,1104404400
09-09-2009,5004.299805,5004.299805,4928.399902,4947.299805,913778900
10-09-2009,4987.700195,5035.299805,4956.600098,5004.299805,1108534200
11-09-2009,5011.5,5038.799805,4987.700195,4987.700195,1012630100
14-09-2009,5018.899902,5020.899902,4953.700195,5011.5,707999300
15-09-2009,5042.100098,5062.700195,4996.5,5018.899902,880588100
16-09-2009,5124.100098,5131.299805,5042.100098,5042.100098,1133393000
17-09-2009,5164,5173.100098,5124.100098,5124.100098,1020059900
18-09-2009,5172.899902,5183.899902,5147.100098,5164,1596938600
21-09-2009,5134.399902,5182.200195,5107.700195,5172.899902,957357100
22-09-2009,5142.600098,5189.899902,5134.399902,5134.399902,796945500
23-09-2009,5139.399902,5175.100098,5126.600098,5142.600098,1012734000
24-09-2009,5079.299805,5165.399902,5073.399902,5139.399902,1161742300
25-09-2009,5082.200195,5121.899902,5079,5079.299805,972278200
28-09-2009,5165.700195,5170.799805,5050.799805,5082.200195,925739600
29-09-2009,5159.700195,5184.100098,5136.5,5165.700195,906053800
30-09-2009,5133.899902,5190,5092.799805,5159.700195,1216010800
01-10-2009,5047.799805,5164.399902,5044,5133.899902,1109157300
02-10-2009,4988.700195,5047.799805,4955,5047.799805,1337511400
05-10-2009,5024.299805,5024.299805,4976.899902,4988.700195,934716900
06-10-2009,5138,5149.899902,5024.299805,5024.299805,1041875400
07-10-2009,5108.899902,5156.200195,5104.5,5138,926710300
08-10-2009,5154.600098,5172.799805,5108.899902,5108.899902,1182270200
09-10-2009,5161.899902,5171.5,5130.399902,5154.600098,930745000
12-10-2009,5210.200195,5231.200195,5161.899902,5161.899902,779456100
13-10-2009,5154.200195,5221.700195,5154.200195,5210.200195,1120979200
14-10-2009,5256.100098,5261.299805,5154.200195,5154.200195,1217384100
15-10-2009,5223,5267.899902,5218.899902,5256.100098,1109682700
16-10-2009,5190.200195,5272.899902,5176.399902,5223,1178422600
19-10-2009,5281.5,5281.5,5190.200195,5190.200195,827031100
20-10-2009,5243.399902,5298.5,5243.399902,5281.5,1072976900
21-10-2009,5257.899902,5268,5174.5,5243.399902,1133964200
22-10-2009,5207.399902,5257.899902,5166.5,5257.899902,1018440500
23-10-2009,5242.600098,5299.600098,5207.399902,5207.399902,983285500
26-10-2009,5191.700195,5281.100098,5166.399902,5242.600098,934834000
27-10-2009,5201,5230.600098,5181.899902,5191.700195,1445543900
28-10-2009,5080.399902,5201,5074.100098,5201,1417096300
29-10-2009,5137.700195,5145.600098,5042.700195,5080.399902,1347176900
30-10-2009,5044.600098,5169.899902,5024.399902,5137.700195,1400463200
02-11-2009,5104.5,5115.700195,5022.5,5044.600098,1039674900
03-11-2009,5037.200195,5104.5,4985.100098,5104.5,1355407200
04-11-2009,5107.899902,5120.799805,5037.200195,5037.200195,959549700
05-11-2009,5125.600098,5154.600098,5036.899902,5107.100098,1004107700
06-11-2009,5142.700195,5159,5077.899902,5125.600098,1026864200
09-11-2009,5235.200195,5240,5142.700195,5142.700195,866590200
10-11-2009,5230.600098,5264.299805,5221.5,5235.200195,1093802700
11-11-2009,5266.799805,5301.100098,5230.600098,5230.600098,1048756700
12-11-2009,5276.5,5304.899902,5254.100098,5266.799805,1021883100
13-11-2009,5296.399902,5297.399902,5251.299805,5276.5,825549600
16-11-2009,5382.700195,5397,5296.399902,5296.399902,786345500
17-11-2009,5345.899902,5382.700195,5337,5382.700195,861148200
18-11-2009,5342.100098,5372.100098,5331.600098,5345.899902,1023292500
19-11-2009,5267.700195,5343.799805,5254.200195,5342.100098,969706000
20-11-2009,5251.399902,5309.399902,5224,5267.700195,1164314900
23-11-2009,5355.5,5379.5,5251.399902,5251.399902,721784600
24-11-2009,5324,5374.899902,5309.100098,5355.5,1133815900
25-11-2009,5364.799805,5372.200195,5324,5324,1022719500
26-11-2009,5194.100098,5364.799805,5189.399902,5364.799805,1110331200
27-11-2009,5245.700195,5271,5103.799805,5194.100098,1511711600
30-11-2009,5190.700195,5270.399902,5190.700195,5245.700195,1274511100
01-12-2009,5312.200195,5312.200195,5190.700195,5190.700195,1351286000
02-12-2009,5327.399902,5348.5,5283,5312.200195,1535114100
03-12-2009,5313,5372.399902,5311.899902,5327.399902,1471991200
04-12-2009,5322.399902,5373.899902,5272.799805,5313,1344174000
07-12-2009,5310.700195,5328.799805,5251,5322.399902,1072522900
08-12-2009,5223.100098,5323.399902,5206.399902,5310.700195,1303308500
09-12-2009,5203.899902,5245.899902,5175.700195,5223.100098,1211440700
10-12-2009,5244.399902,5254.5,5194.5,5203.899902,1108489400
11-12-2009,5261.600098,5312,5244.399902,5244.399902,972486700
14-12-2009,5315.299805,5331,5261.600098,5261.600098,1090034400
15-12-2009,5285.799805,5328.100098,5250.799805,5315.299805,822309600
16-12-2009,5320.299805,5335.299805,5283.899902,5285.799805,890712700
17-12-2009,5217.600098,5320.299805,5217.600098,5320.299805,1163068400
18-12-2009,5196.799805,5287.600098,5196.799805,5217.600098,2130863400
21-12-2009,5294,5320,5196.799805,5196.799805,791039900
22-12-2009,5328.700195,5361.899902,5294,5294,555721800
23-12-2009,5372.399902,5386.600098,5328.700195,5328.700195,482896200
24-12-2009,5402.399902,5402.399902,5367.799805,5372.399902,231029600
29-12-2009,5437.600098,5445.200195,5402.399902,5402.399902,387897900
30-12-2009,5397.899902,5442.799805,5390.600098,5437.600098,345719700
31-12-2009,5412.899902,5431.899902,5390.399902,5397.899902,173847600
04-01-2010,5500.299805,5500.299805,5410.799805,5412.899902,750942000
05-01-2010,5522.5,5536.399902,5480.700195,5500.299805,1149301200
06-01-2010,5530,5536.5,5497.700195,5522.5,998295300
07-01-2010,5526.700195,5551.700195,5499.799805,5530,1162933700
08-01-2010,5534.200195,5549.299805,5494.799805,5526.700195,1006420600
11-01-2010,5538.100098,5600.5,5527.899902,5534.200195,901194900
12-01-2010,5498.700195,5549.600098,5459.899902,5538.100098,957401700
13-01-2010,5473.5,5509.700195,5450.899902,5498.700195,849923000
14-01-2010,5498.200195,5521.899902,5473.5,5473.5,928036100
15-01-2010,5455.399902,5527,5450.399902,5498.200195,1743437800
18-01-2010,5494.399902,5504,5454.299805,5455.399902,776795200
19-01-2010,5513.100098,5531.899902,5431.299805,5494.399902,1107801600
20-01-2010,5420.799805,5513.100098,5404,5513.100098,1199200900
21-01-2010,5335.100098,5468.399902,5331.600098,5420.799805,1345500500
22-01-2010,5303,5345.600098,5253,5335.100098,1645842400
25-01-2010,5260.299805,5330.600098,5252.899902,5303,1024448800
26-01-2010,5276.899902,5276.899902,5215.700195,5260.299805,1015919800
27-01-2010,5217.5,5276.899902,5192.600098,5276.899902,1271716800
28-01-2010,5145.700195,5280.399902,5145.700195,5217.5,1294378400
29-01-2010,5188.5,5230.200195,5145.700195,5145.700195,1281845800
01-02-2010,5247.399902,5250.100098,5163.600098,5188.5,934766100
02-02-2010,5283.299805,5289.100098,5208.200195,5247.399902,1105691000
03-02-2010,5253.200195,5305.399902,5237.700195,5283.299805,1140388100
04-02-2010,5139.299805,5262.200195,5123.899902,5253.200195,1725801600
05-02-2010,5060.899902,5139.299805,5033.799805,5139.299805,1930760100
08-02-2010,5092.299805,5118.100098,5033,5060.899902,1326821100
09-02-2010,5111.799805,5132.899902,5084.799805,5092.299805,1284674100
10-02-2010,5132,5181.200195,5105.299805,5111.799805,1191910000
11-02-2010,5161.5,5201.799805,5114.5,5132,1565807200
12-02-2010,5142.5,5207.700195,5117.399902,5161.5,1285903300
15-02-2010,5167.5,5194.299805,5142.5,5142.5,591532800
16-02-2010,5244.100098,5248.100098,5167.5,5167.5,1098282000
17-02-2010,5276.600098,5304.5,5244.100098,5244.100098,1205018000
18-02-2010,5325.100098,5326.399902,5261.700195,5276.600098,966085200
19-02-2010,5358.200195,5366.100098,5281.399902,5325.100098,1469031000
22-02-2010,5352.100098,5387,5348.200195,5358.200195,961342400
23-02-2010,5315.100098,5395.5,5302,5352.100098,1063966500
24-02-2010,5342.899902,5357.899902,5298.200195,5315.100098,953221200
25-02-2010,5278.200195,5370.399902,5259.700195,5342.899902,1951587200
26-02-2010,5354.5,5367.799805,5278.200195,5278.200195,1700847600
01-03-2010,5405.899902,5420.799805,5354.5,5354.5,1423330600
02-03-2010,5484.100098,5485,5403.700195,5405.899902,1218498700
03-03-2010,5533.200195,5541.799805,5465.299805,5484.100098,1108893100
04-03-2010,5527.200195,5544.200195,5501.100098,5533.200195,1075263000
05-03-2010,5599.799805,5605.399902,5527.200195,5527.200195,1001732100
08-03-2010,5606.700195,5621.200195,5579.200195,5599.799805,837350700
09-03-2010,5602.299805,5618.399902,5563.100098,5606.700195,993738400
10-03-2010,5640.600098,5645.299805,5585.399902,5602.299805,997893900
11-03-2010,5617.299805,5642.899902,5594.700195,5640.600098,889812900
12-03-2010,5625.700195,5646.700195,5612.399902,5617.299805,1292880400
15-03-2010,5593.899902,5627,5588.200195,5625.700195,818311200
16-03-2010,5620.399902,5637.700195,5593.899902,5593.899902,878179400
17-03-2010,5644.600098,5657.799805,5620.399902,5620.399902,930653500
18-03-2010,5642.600098,5661,5619.200195,5644.600098,919829700
19-03-2010,5650.100098,5691.200195,5633.5,5642.600098,2488301900
22-03-2010,5644.5,5650.100098,5583.5,5650.100098,886165700
23-03-2010,5673.600098,5695.899902,5644.5,5644.5,969327600
24-03-2010,5677.899902,5698.899902,5636,5673.600098,1118840000
25-03-2010,5727.700195,5737.100098,5673.100098,5677.899902,1098678300
26-03-2010,5703,5727.700195,5695.5,5727.700195,1031531100
29-03-2010,5710.700195,5733.100098,5684.600098,5703,1015977100
30-03-2010,5672.299805,5742.799805,5662.799805,5710.700195,930757400
31-03-2010,5679.600098,5698.5,5646.299805,5672.299805,1105283700
01-04-2010,5744.899902,5744.899902,5679.5,5679.600098,807719900
06-04-2010,5780.399902,5790.399902,5744.600098,5744.899902,845433900
07-04-2010,5762.100098,5782.299805,5753.399902,5780.399902,828676900
08-04-2010,5712.700195,5762.100098,5684.5,5762.100098,820356600
09-04-2010,5771,5773.600098,5712.700195,5712.700195,704070300
12-04-2010,5777.700195,5803.700195,5755.799805,5771,595469500
13-04-2010,5761.700195,5778.899902,5741.899902,5777.700195,668939800
14-04-2010,5796.299805,5812.799805,5761.700195,5761.700195,868022000
15-04-2010,5825,5832.299805,5778.399902,5796.299805,1030545900
16-04-2010,5744,5833.700195,5726.399902,5825,1634478500
19-04-2010,5727.899902,5748.299805,5697.200195,5744,889516800
20-04-2010,5783.700195,5796.600098,5727.899902,5727.899902,1081126000
21-04-2010,5723.399902,5797,5721.299805,5783.700195,1148842800
22-04-2010,5665.299805,5761.399902,5652.399902,5723.399902,1139851500
23-04-2010,5723.700195,5740.899902,5665.299805,5665.299805,1002800100
26-04-2010,5753.899902,5800.700195,5723.700195,5723.700195,1036747900
27-04-2010,5603.5,5758.600098,5603.5,5753.899902,1515371800
28-04-2010,5586.600098,5640,5533.600098,5603.5,1832667100
29-04-2010,5617.799805,5638.799805,5579.700195,5586.600098,1206691700
30-04-2010,5553.299805,5643.899902,5540.600098,5617.799805,1439125200
04-05-2010,5411.100098,5566,5398.899902,5553.299805,1735870600
05-05-2010,5341.899902,5428.799805,5304.600098,5411.100098,1997069700
06-05-2010,5261,5371.5,5251.299805,5341.899902,1701801200
07-05-2010,5123,5264.5,5045.299805,5261,2757309100
10-05-2010,5387.399902,5399.799805,5123,5123,2324686400
11-05-2010,5334.200195,5387.399902,5257.200195,5387.399902,1450249400
12-05-2010,5383.5,5401,5284.700195,5334.200195,1513656500
13-05-2010,5433.700195,5436,5381.600098,5383.5,956026300
14-05-2010,5262.899902,5433.700195,5245.399902,5433.700195,1335859200
17-05-2010,5262.5,5327.5,5231.600098,5262.899902,1200727700
18-05-2010,5307.299805,5341.399902,5262.5,5262.5,1111259100
19-05-2010,5158.100098,5307.299805,5158.100098,5307.299805,1381919600
20-05-2010,5073.100098,5230.200195,5000.799805,5158.100098,1700662800
21-05-2010,5062.899902,5084,4957.100098,5073.100098,2015042600
24-05-2010,5069.600098,5109.399902,5021.600098,5062.899902,963073600
25-05-2010,4940.700195,5069.600098,4898.5,5069.600098,1728679200
26-05-2010,5038.100098,5097.899902,4940.5,4940.700195,1832110200
27-05-2010,5195.200195,5195.399902,5038.100098,5038.100098,1582638200
28-05-2010,5188.399902,5240.299805,5186,5195.200195,1335686900
01-06-2010,5163.299805,5192.100098,5063.200195,5188.399902,1325107200
02-06-2010,5151.299805,5163.299805,5072.5,5163.299805,1173782500
03-06-2010,5211.200195,5262.5,5151.299805,5151.299805,1214853200
04-06-2010,5126,5261.700195,5102.100098,5211.200195,1209543600
07-06-2010,5069.100098,5126,5040.299805,5126,900731500
08-06-2010,5028.200195,5084.100098,4984.700195,5069.100098,1199075300
09-06-2010,5085.899902,5085.899902,4998.100098,5028.200195,1094116800
10-06-2010,5132.5,5149.700195,5030.899902,5085.899902,1364944200
11-06-2010,5163.700195,5184.399902,5116.700195,5132.5,1102533300
14-06-2010,5202.100098,5215.200195,5163.700195,5163.700195,947984800
15-06-2010,5217.799805,5242.100098,5149.100098,5202.100098,1005269000
16-06-2010,5237.899902,5257.299805,5209.399902,5217.799805,1026163200
17-06-2010,5253.899902,5293.799805,5233.200195,5237.899902,1139301600
18-06-2010,5250.799805,5289.100098,5239.399902,5253.899902,1528137800
21-06-2010,5299.100098,5331.5,5250.799805,5250.799805,797902600
22-06-2010,5247,5299.100098,5210,5299.100098,1124430700
23-06-2010,5178.5,5247.899902,5165.799805,5247,941044800
24-06-2010,5100.200195,5211.799805,5091,5178.5,979497900
25-06-2010,5046.5,5130.5,5031.700195,5100.200195,1188668800
28-06-2010,5071.700195,5085.700195,5024.700195,5046.5,845187300
29-06-2010,4914.200195,5071.700195,4899,5071.700195,1016390800
30-06-2010,4916.899902,4961.899902,4898.5,4914.200195,1277285100
01-07-2010,4805.799805,4916.899902,4790,4916.899902,1342920500
02-07-2010,4838.100098,4880.899902,4805.799805,4805.799805,1038891400
05-07-2010,4823.5,4863.399902,4821.100098,4838.100098,539451500
06-07-2010,4965,4967.700195,4823.5,4823.5,921871900
07-07-2010,5014.799805,5014.799805,4892,4965,1061086600
08-07-2010,5105.5,5123.5,5014.799805,5014.799805,1130033500
09-07-2010,5132.899902,5150.600098,5098.799805,5105.5,859246500
12-07-2010,5167,5193.200195,5128.600098,5132.899902,622994300
13-07-2010,5271,5272.299805,5167,5167,891506900
14-07-2010,5253.5,5287.299805,5205.799805,5271,839649300
15-07-2010,5211.299805,5268.399902,5187.5,5253.5,833731400
16-07-2010,5158.899902,5273.600098,5153.299805,5211.299805,1068185900
19-07-2010,5148.299805,5196.799805,5111.899902,5158.899902,687707400
20-07-2010,5139.5,5180,5090.600098,5148.299805,830736400
21-07-2010,5214.600098,5244.899902,5139.5,5139.5,966423900
22-07-2010,5313.799805,5319.5,5181,5214.600098,1022077600
23-07-2010,5312.600098,5328.5,5272.700195,5313.799805,872202700
26-07-2010,5351.100098,5351.899902,5301.299805,5312.600098,772356100
27-07-2010,5365.700195,5411.5,5351.100098,5351.100098,1810362700
28-07-2010,5319.700195,5398.100098,5314.600098,5365.700195,1184814900
29-07-2010,5314,5375.200195,5314,5319.700195,792887400
30-07-2010,5258,5322.700195,5245.5,5314,838262600
02-08-2010,5397.100098,5401.700195,5258,5258,955430600
03-08-2010,5396.5,5397.299805,5353.5,5397.100098,849018700
04-08-2010,5386.200195,5406.799805,5318.799805,5396.5,1157313500
05-08-2010,5365.799805,5416.799805,5356.799805,5386.200195,1082479100
06-08-2010,5332.399902,5408.100098,5307.600098,5365.799805,1147370800
09-08-2010,5410.5,5418.600098,5332.399902,5332.399902,635528400
10-08-2010,5376.399902,5411.600098,5348.100098,5410.5,853612000
11-08-2010,5245.200195,5376.399902,5245,5376.399902,1046900300
12-08-2010,5266.100098,5272.5,5210.600098,5245.200195,1058661400
13-08-2010,5275.399902,5308.799805,5225.899902,5266.100098,862502000
16-08-2010,5276.100098,5304.600098,5228.600098,5275.399902,602793800
17-08-2010,5350.600098,5351.5,5276.100098,5276.100098,722264800
18-08-2010,5302.899902,5350.600098,5296.899902,5350.600098,653515300
19-08-2010,5211.299805,5336.399902,5205.600098,5302.899902,825504500
20-08-2010,5195.299805,5233,5160.399902,5211.299805,808561300
23-08-2010,5234.799805,5268.399902,5186.899902,5195.299805,582331200
24-08-2010,5156,5234.799805,5109.899902,5234.799805,863053600
25-08-2010,5109.399902,5168.5,5070.899902,5156,852400800
26-08-2010,5155.799805,5167.799805,5109.399902,5109.399902,699881200
27-08-2010,5201.600098,5211.600098,5121,5155.799805,791004500
31-08-2010,5225.200195,5225.200195,5129.700195,5201.600098,1162231100
01-09-2010,5366.399902,5366.399902,5225.200195,5225.200195,990584200
02-09-2010,5371,5383.700195,5347,5366.399902,836275200
03-09-2010,5428.200195,5454,5371,5371,733985200
06-09-2010,5439.200195,5459.399902,5428.200195,5428.200195,482717500
07-09-2010,5407.799805,5439.200195,5381.100098,5439.200195,698426500
08-09-2010,5429.700195,5445.600098,5361.399902,5407.799805,851371400
09-09-2010,5494.200195,5505.700195,5412.5,5429.700195,936215800
10-09-2010,5501.600098,5511.5,5475.899902,5494.200195,792428300
13-09-2010,5565.5,5571.399902,5501.600098,5501.600098,882318800
14-09-2010,5567.399902,5582.5,5541.5,5565.5,736346400
15-09-2010,5555.600098,5578.700195,5536,5567.399902,764665800
16-09-2010,5540.100098,5564.5,5534,5555.600098,700521300
17-09-2010,5508.5,5612.899902,5508.5,5540.100098,1391565500
20-09-2010,5602.5,5607.299805,5508.5,5508.5,676518800
21-09-2010,5576.200195,5635.700195,5576.200195,5602.5,730333600
22-09-2010,5551.899902,5597.600098,5516.899902,5576.200195,783222600
23-09-2010,5547.100098,5588.799805,5471.700195,5551.899902,795945500
24-09-2010,5598.5,5612.5,5516.5,5547.100098,818644700
27-09-2010,5573.399902,5615.799805,5569.899902,5598.5,600635600
28-09-2010,5578.399902,5582.100098,5506.100098,5573.399902,854163200
29-09-2010,5569.299805,5624.5,5544.700195,5578.399902,799992400
30-09-2010,5548.600098,5650.299805,5539.100098,5569.299805,1012633600
01-10-2010,5592.899902,5615.100098,5547.600098,5548.600098,823630700
04-10-2010,5556,5601.200195,5550.799805,5592.899902,604252100
05-10-2010,5635.799805,5646.100098,5550.600098,5556,830075100
06-10-2010,5681.399902,5695.5,5635.799805,5635.799805,756640400
07-10-2010,5662.100098,5707.299805,5650.799805,5681.399902,947272600
08-10-2010,5657.600098,5663.700195,5606.600098,5662.100098,1047049700
11-10-2010,5672.399902,5686,5655.700195,5657.600098,475637900
12-10-2010,5661.600098,5677,5597.5,5672.399902,637397400
13-10-2010,5747.399902,5760.5,5661.600098,5661.600098,971374300
14-10-2010,5727.200195,5770.899902,5712.899902,5747.399902,1129485800
15-10-2010,5703.399902,5743.899902,5666,5727.200195,996353400
18-10-2010,5742.5,5748.799805,5670.100098,5703.399902,610917600
19-10-2010,5703.899902,5761.899902,5690.600098,5742.5,777665300
20-10-2010,5728.899902,5730,5680.399902,5703.899902,671501800
21-10-2010,5757.899902,5786.700195,5698,5728.899902,1023125900
22-10-2010,5741.399902,5758,5724.299805,5757.899902,656563500
25-10-2010,5752,5794.299805,5741.399902,5741.399902,772475900
26-10-2010,5707.299805,5754.200195,5677.200195,5752,812401800
27-10-2010,5646,5707.299805,5630.899902,5707.299805,787759900
28-10-2010,5677.899902,5711.799805,5646,5646,767341000
29-10-2010,5675.200195,5699.200195,5647.100098,5677.899902,836504200
01-11-2010,5694.600098,5733,5667.399902,5675.200195,641764000
02-11-2010,5757.399902,5771.600098,5690.399902,5694.600098,805488200
03-11-2010,5749,5773.700195,5730.5,5757.399902,825699300
04-11-2010,5862.799805,5876,5749,5749,1079039900
05-11-2010,5875.399902,5899.399902,5834,5862.799805,1106801400
08-11-2010,5850,5881,5841.299805,5875.399902,772245200
09-11-2010,5875.200195,5902.100098,5847.399902,5850,951025400
10-11-2010,5816.899902,5877,5796.200195,5875.200195,942150500
11-11-2010,5815.200195,5846.5,5792.600098,5816.899902,1091041700
12-11-2010,5796.899902,5831.799805,5711.700195,5815.200195,983021500
15-11-2010,5820.399902,5832.899902,5755.700195,5796.899902,620872900
16-11-2010,5681.899902,5820.399902,5680.899902,5820.399902,871717200
17-11-2010,5692.600098,5704.399902,5659.700195,5681.899902,761486100
18-11-2010,5768.700195,5783,5692.600098,5692.600098,729396200
19-11-2010,5732.799805,5774.100098,5684.5,5768.700195,732494100
22-11-2010,5680.799805,5783.100098,5668.5,5732.799805,772790500
23-11-2010,5581.299805,5681.100098,5581.299805,5680.799805,1029344700
24-11-2010,5657.100098,5671.899902,5573.299805,5581.299805,907509900
25-11-2010,5698.899902,5707.899902,5654.700195,5657.100098,556473500
26-11-2010,5668.700195,5699,5599.299805,5698.899902,862384300
29-11-2010,5551,5722.700195,5551,5668.700195,1016586000
30-11-2010,5528.299805,5597,5519.200195,5551,1312071800
01-12-2010,5642.5,5656.200195,5528.299805,5528.299805,1141747400
02-12-2010,5767.600098,5770.899902,5642.5,5642.5,1070087500
03-12-2010,5745.299805,5784.299805,5720.200195,5767.600098,758341000
06-12-2010,5770.299805,5785.700195,5728.5,5745.299805,760501400
07-12-2010,5808.5,5850.399902,5769.700195,5770.299805,915796600
08-12-2010,5794.5,5826.600098,5774.299805,5808.5,795433900
09-12-2010,5808,5838,5794.5,5794.5,910240700
10-12-2010,5813,5827.600098,5794.5,5808,611914600
13-12-2010,5860.799805,5873.700195,5812.899902,5813,562916600
14-12-2010,5891.200195,5891.200195,5847.200195,5860.799805,665056300
15-12-2010,5882.200195,5898,5858.100098,5891.200195,781046600
16-12-2010,5881.100098,5907.100098,5862.899902,5882.200195,635565900
17-12-2010,5871.799805,5902.5,5857.299805,5881.100098,1431434300
20-12-2010,5891.600098,5913.799805,5865.5,5871.799805,536148500
21-12-2010,5951.799805,5953.899902,5891.100098,5891.600098,541859600
22-12-2010,5983.5,5991.899902,5936.299805,5951.799805,527260100
23-12-2010,5996.100098,6000.600098,5982.200195,5983.5,314131700
24-12-2010,6008.899902,6008.899902,5978.200195,5996.100098,66767100
29-12-2010,5996.399902,6021.5,5977,6008.899902,329122200
30-12-2010,5971,6009.799805,5969.700195,5996.399902,252316600
31-12-2010,5899.899902,5985.700195,5899.899902,5971,197447000
04-01-2011,6013.899902,6049.5,5899.899902,5899.899902,950390700
05-01-2011,6043.899902,6043.899902,5964.399902,6013.899902,884510500
06-01-2011,6019.5,6090.5,6004.600098,6043.899902,843815800
07-01-2011,5984.299805,6023.700195,5973.399902,6019.5,780033100
10-01-2011,5956.299805,5984.299805,5939.899902,5984.299805,662691000
11-01-2011,6014,6035.899902,5956.299805,5956.299805,861069300
12-01-2011,6050.700195,6050.700195,6013.899902,6014,1021020800
13-01-2011,6023.899902,6055.5,6005.5,6050.700195,921442500
14-01-2011,6002.100098,6031.700195,5948.5,6023.899902,852945600
17-01-2011,5985.700195,6013.399902,5975.600098,6002.100098,599125200
18-01-2011,6056.399902,6065.700195,5985.5,5985.700195,869099100
19-01-2011,5976.700195,6077.100098,5974.799805,6056.399902,882393000
20-01-2011,5867.899902,5977.5,5867.299805,5976.700195,999116500
21-01-2011,5896.299805,5939.299805,5867.899902,5867.899902,1161650600
24-01-2011,5943.899902,5960.600098,5887.600098,5896.299805,918501600
25-01-2011,5917.700195,5964.700195,5904.299805,5943.899902,1034224500
26-01-2011,5969.200195,6003.299805,5917.700195,5917.700195,880021300
27-01-2011,5965.100098,5997.299805,5950.700195,5969.200195,819346500
28-01-2011,5881.399902,5965.799805,5877.899902,5965.100098,968312100
31-01-2011,5862.899902,5881.700195,5815.399902,5881.399902,931414900
01-02-2011,5957.799805,5963.700195,5862.899902,5862.899902,963349500
02-02-2011,6000.100098,6020.5,5957.799805,5957.799805,878318400
03-02-2011,5983.299805,6000.299805,5951.799805,6000.100098,1033274600
04-02-2011,5997.399902,6023.399902,5983.299805,5983.299805,763863300
07-02-2011,6051,6054.100098,5996.600098,5997.399902,694875000
08-02-2011,6091.299805,6091.299805,6032.899902,6051,858439600
09-02-2011,6052.299805,6091.299805,6049.5,6091.299805,923551800
10-02-2011,6020,6052.299805,5986.5,6052.299805,821798100
11-02-2011,6062.899902,6071.399902,5973.399902,6020,822602600
14-02-2011,6060.100098,6091.5,6042.100098,6062.899902,635408300
15-02-2011,6037.100098,6072.100098,6023.799805,6060.100098,873268200
16-02-2011,6085.299805,6095.799805,6033.5,6037.100098,858245200
17-02-2011,6087.399902,6101.399902,6066.700195,6085.299805,1021989100
18-02-2011,6083,6096.799805,6048.799805,6087.399902,802223000
21-02-2011,6014.799805,6105.799805,6013.100098,6083,629790600
22-02-2011,5996.799805,6028.600098,5926.600098,6014.799805,769147500
23-02-2011,5923.5,5996.799805,5915.5,5996.799805,895634900
24-02-2011,5920,5936.700195,5861,5923.5,939695100
25-02-2011,6001.200195,6011.5,5920,5920,836550300
28-02-2011,5994,6022.299805,5963.600098,6001.200195,955595700
01-03-2011,5935.799805,6040.399902,5927.399902,5994,895639800
02-03-2011,5914.899902,5941.799805,5865.899902,5935.799805,891083600
03-03-2011,6005.100098,6017.100098,5914.899902,5914.899902,811030200
04-03-2011,5990.399902,6052.100098,5983.200195,6005.100098,728615500
07-03-2011,5973.799805,6043.100098,5967.700195,5990.399902,651065500
08-03-2011,5974.799805,5999.899902,5911,5973.799805,813024200
09-03-2011,5937.299805,5979.299805,5922.700195,5974.799805,729979100
10-03-2011,5845.299805,5937.299805,5833.200195,5937.299805,950808500
11-03-2011,5828.700195,5845.299805,5796.399902,5845.299805,777919800
14-03-2011,5775.200195,5842,5769,5828.700195,830598200
15-03-2011,5695.299805,5775.200195,5591.600098,5775.200195,1270223400
16-03-2011,5598.200195,5720.899902,5598.200195,5695.299805,1124024300
17-03-2011,5696.100098,5707.700195,5598.200195,5598.200195,931686000
18-03-2011,5718.100098,5758.200195,5696.100098,5696.100098,1379187400
21-03-2011,5786.100098,5798.799805,5718.100098,5718.100098,764087000
22-03-2011,5762.700195,5813.799805,5742.600098,5786.100098,686659100
23-03-2011,5795.899902,5802.399902,5731.399902,5762.700195,906624900
24-03-2011,5880.899902,5888.700195,5780.399902,5795.899902,828355800
25-03-2011,5900.799805,5918.700195,5878.200195,5880.899902,663222900
28-03-2011,5904.5,5923,5900.600098,5900.799805,526577800
29-03-2011,5932.200195,5932.700195,5879.899902,5904.5,669291100
30-03-2011,5948.299805,5971,5932.200195,5932.200195,872031100
31-03-2011,5908.799805,5972.799805,5908.799805,5948.299805,1033616700
01-04-2011,6009.899902,6014.799805,5908.799805,5908.799805,921016700
04-04-2011,6017,6035.100098,5987.700195,6009.899902,683415100
05-04-2011,6007.100098,6026.299805,5989.100098,6017,713905900
06-04-2011,6041.100098,6056.399902,6007.100098,6007.100098,810707000
07-04-2011,6007.399902,6053.100098,6007.399902,6041.100098,710450000
08-04-2011,6055.799805,6066.399902,6007.399902,6007.399902,606794600
11-04-2011,6053.399902,6070.799805,6044.5,6055.799805,659149200
12-04-2011,5964.5,6053.600098,5958.299805,6053.399902,759467900
13-04-2011,6010.399902,6043.399902,5964.5,5964.5,700979400
14-04-2011,5963.799805,6010.5,5943.799805,6010.399902,667918300
15-04-2011,5996,5996.799805,5963.600098,5963.799805,771907100
18-04-2011,5870.100098,5997.5,5858.299805,5996,872742500
19-04-2011,5896.899902,5922.200195,5870.100098,5870.100098,624888900
20-04-2011,6022.299805,6033.799805,5896.899902,5896.899902,704737200
21-04-2011,6018.299805,6049.399902,6005.799805,6022.299805,739317000
26-04-2011,6069.399902,6070.600098,6007,6018.299805,553389400
27-04-2011,6068.200195,6089.399902,6045.899902,6069.399902,707283900
28-04-2011,6069.899902,6091.799805,6051,6068.200195,741068000
03-05-2011,6082.899902,6103.700195,6050.700195,6069.899902,809170900
04-05-2011,5984.100098,6083.799805,5972.799805,6082.899902,1002077100
05-05-2011,5920,6009.100098,5912.600098,5984.100098,1597409800
06-05-2011,5976.799805,5984.899902,5871.600098,5920,1162112200
09-05-2011,5942.700195,5999.899902,5922.200195,5976.799805,803357200
10-05-2011,6018.899902,6023.100098,5940.100098,5942.700195,835132700
11-05-2011,5976,6040.200195,5965.299805,6018.899902,823139400
12-05-2011,5945,5976.399902,5882.399902,5976,868796500
13-05-2011,5925.899902,6001.299805,5919.899902,5945,705255100
16-05-2011,5923.700195,5936.200195,5862.200195,5925.899902,686694200
17-05-2011,5861,5942.799805,5861,5923.700195,756848900
18-05-2011,5923.5,5934.5,5860.700195,5861,702325400
19-05-2011,5956,6003.899902,5923.5,5923.5,849895900
20-05-2011,5948.5,6017.600098,5927.700195,5956,897899600
23-05-2011,5835.899902,5948.5,5833.399902,5948.5,852749200
24-05-2011,5858.399902,5884.700195,5835.899902,5835.899902,985312300
25-05-2011,5870.100098,5881.200195,5810.5,5858.399902,916829300
26-05-2011,5881,5910.799805,5866.700195,5870.100098,863336800
27-05-2011,5938.899902,5951.399902,5881,5881,799337700
31-05-2011,5990,6010,5938.899902,5938.899902,966550600
01-06-2011,5928.600098,5995.200195,5911.700195,5990,830972100
02-06-2011,5847.899902,5928.600098,5847.899902,5928.600098,980195300
03-06-2011,5855,5868.200195,5802.700195,5847.899902,840497300
06-06-2011,5863.200195,5881.100098,5827.5,5855,650699800
07-06-2011,5864.700195,5890.600098,5849.200195,5863.200195,792266800
08-06-2011,5808.899902,5864.700195,5791.799805,5864.700195,848359000
09-06-2011,5856.299805,5861.200195,5795,5808.899902,854520000
10-06-2011,5765.799805,5867,5758.299805,5856.299805,786839200
13-06-2011,5773.5,5793.799805,5763.399902,5765.799805,643227300
14-06-2011,5803.100098,5822.600098,5773.5,5773.5,811563100
15-06-2011,5742.600098,5803.399902,5742.600098,5803.100098,806612100
16-06-2011,5698.799805,5742.600098,5644.399902,5742.600098,1039826800
17-06-2011,5714.899902,5733.200195,5645,5698.799805,1215422800
20-06-2011,5693.399902,5714.899902,5647.200195,5714.899902,746206400
21-06-2011,5775.299805,5778.100098,5693,5693.399902,745714800
22-06-2011,5773,5789.100098,5741.799805,5775.299805,744333700
23-06-2011,5674.399902,5773,5663.299805,5773,893970700
24-06-2011,5697.700195,5768.5,5674.399902,5674.399902,1037392600
27-06-2011,5722.299805,5728.399902,5679.600098,5697.700195,835562500
28-06-2011,5766.899902,5795.100098,5722.299805,5722.299805,798684500
29-06-2011,5856,5860.899902,5766.899902,5766.899902,908814900
30-06-2011,5945.700195,5945.700195,5856,5856,1221084500
01-07-2011,5989.799805,5999,5937,5945.700195,871319600
04-07-2011,6017.5,6030.799805,5985.700195,5989.799805,466358000
05-07-2011,6024,6036.299805,6011.100098,6017.5,654940400
06-07-2011,6002.899902,6026.5,5973.799805,6024,817116300
07-07-2011,6054.600098,6071.700195,6002.899902,6002.899902,833720400
08-07-2011,5990.600098,6084.100098,5981.700195,6054.600098,781326500
11-07-2011,5929.200195,5998.600098,5900.799805,5990.600098,850417100
12-07-2011,5869,5929.200195,5793,5929.200195,1086509700
13-07-2011,5906.399902,5911,5851,5869,830813000
14-07-2011,5847,5906.399902,5841.200195,5906.399902,715477400
15-07-2011,5843.700195,5863.600098,5806,5847,693411600
18-07-2011,5752.799805,5843.700195,5752.799805,5843.700195,848623100
19-07-2011,5790,5802,5752.799805,5752.799805,912096000
20-07-2011,5853.799805,5856.399902,5790,5790,900376300
21-07-2011,5899.899902,5934.299805,5797.5,5853.799805,1051054200
22-07-2011,5935,5966.799805,5899.899902,5899.899902,874525300
25-07-2011,5925.299805,5938.600098,5892.600098,5935,645911000
26-07-2011,5929.700195,5951.299805,5895.600098,5925.299805,631694600
27-07-2011,5856.600098,5932,5841,5929.700195,777353400
28-07-2011,5873.200195,5882.600098,5801.600098,5856.600098,753182900
29-07-2011,5815.200195,5873.200195,5772.399902,5873.200195,1014403400
01-08-2011,5774.399902,5913.5,5767.100098,5815.200195,864009700
02-08-2011,5718.399902,5778.899902,5705.299805,5774.399902,995746800
03-08-2011,5584.5,5718.399902,5557.700195,5718.399902,1094346800
04-08-2011,5393.100098,5644.100098,5393.100098,5584.5,1428457100
05-08-2011,5247,5393.100098,5202.600098,5393.100098,2044242400
08-08-2011,5069,5295.799805,5062.399902,5247,1576389600
09-08-2011,5164.899902,5175.600098,4791,5069,2039085100
10-08-2011,5007.200195,5262.700195,4990.799805,5164.899902,1649746300
11-08-2011,5162.799805,5172.700195,4943,5007.200195,1455126400
12-08-2011,5320,5320,5099.299805,5162.799805,1024505200
15-08-2011,5350.600098,5377.200195,5319.399902,5320,695636400
16-08-2011,5357.600098,5362.200195,5265.799805,5350.600098,716380800
17-08-2011,5331.600098,5371.100098,5279.899902,5357.600098,671941800
18-08-2011,5092.200195,5331.600098,5041.600098,5331.600098,1183381000
19-08-2011,5040.799805,5107.899902,4929.600098,5092.200195,1546098700
22-08-2011,5095.299805,5183,4993.299805,5040.799805,857260000
23-08-2011,5129.399902,5193.200195,5076.700195,5095.299805,904652300
24-08-2011,5205.899902,5250.600098,5098.100098,5129.399902,908821500
25-08-2011,5131.100098,5254.200195,5102.100098,5205.899902,1128589300
26-08-2011,5129.899902,5149.5,5014.799805,5131.100098,1037445400
30-08-2011,5268.700195,5283.600098,5129.899902,5129.899902,910283100
31-08-2011,5394.5,5411.600098,5258.600098,5268.700195,1178142500
01-09-2011,5418.700195,5449.700195,5346.700195,5394.5,975363800
02-09-2011,5292,5418.700195,5258.5,5418.700195,823930000
05-09-2011,5102.600098,5292,5097.700195,5292,788821300
06-09-2011,5156.799805,5190.299805,5086.799805,5102.600098,946079100
07-09-2011,5318.600098,5322.200195,5156.799805,5156.799805,837910500
08-09-2011,5340.399902,5369.799805,5269.700195,5318.600098,922652100
09-09-2011,5214.700195,5352,5202.200195,5340.399902,1048626000
12-09-2011,5129.600098,5214.700195,5059.200195,5214.700195,1009065300
13-09-2011,5174.299805,5203.100098,5069.5,5129.600098,885954000
14-09-2011,5227,5270.399902,5146.399902,5174.299805,1116783000
15-09-2011,5337.5,5366.700195,5227,5227,1124040000
16-09-2011,5368.399902,5406.100098,5337.5,5337.5,1464013700
19-09-2011,5259.600098,5368.399902,5231.600098,5368.399902,721392700
20-09-2011,5363.700195,5377.399902,5219.100098,5259.600098,708695000
21-09-2011,5288.399902,5366.100098,5268.799805,5363.700195,770544200
22-09-2011,5041.600098,5288.399902,5013.600098,5288.399902,1191994800
23-09-2011,5066.799805,5105.399902,4928.100098,5041.600098,1013630400
26-09-2011,5089.399902,5148.799805,4974,5066.799805,1039397000
27-09-2011,5294.100098,5294.100098,5089.399902,5089.399902,960705900
28-09-2011,5217.600098,5314.299805,5191.399902,5294.100098,726670200
29-09-2011,5196.799805,5250.200195,5160.799805,5217.600098,736900100
30-09-2011,5128.5,5197.299805,5068.600098,5196.799805,889500800
03-10-2011,5075.5,5128.5,4983.299805,5128.5,774952000
04-10-2011,4944.399902,5075.5,4868.600098,5075.5,1168273100
05-10-2011,5102.200195,5121.399902,4944.399902,4944.399902,932393600
06-10-2011,5291.299805,5291.299805,5102.200195,5102.200195,1147794400
07-10-2011,5303.399902,5370.899902,5261.399902,5291.299805,864877000
10-10-2011,5399,5413.399902,5303.399902,5303.399902,611583700
11-10-2011,5395.700195,5399,5330.399902,5399,636003500
12-10-2011,5441.799805,5458,5348.200195,5395.700195,833336600
13-10-2011,5403.399902,5456.100098,5368.399902,5441.799805,895898200
14-10-2011,5466.399902,5501.399902,5395.600098,5403.399902,673341300
17-10-2011,5436.700195,5543.700195,5405.200195,5466.399902,720599700
18-10-2011,5410.399902,5436.700195,5348.600098,5436.700195,754537000
19-10-2011,5450.5,5483.799805,5410.399902,5410.399902,723007500
20-10-2011,5384.700195,5450.5,5363.200195,5450.5,796890500
21-10-2011,5488.700195,5500.5,5384.700195,5384.700195,730196100
24-10-2011,5548.100098,5552.799805,5487.200195,5488.700195,677461300
25-10-2011,5525.5,5574.100098,5465.5,5548.100098,777723200
26-10-2011,5553.200195,5576.600098,5498.5,5525.5,705184200
27-10-2011,5713.799805,5747.299805,5553.200195,5553.200195,1454155000
28-10-2011,5702.200195,5746.899902,5685,5713.799805,997001700
31-10-2011,5544.200195,5702.200195,5544.200195,5702.200195,1079784300
01-11-2011,5421.600098,5544.200195,5338.399902,5544.200195,1331043600
02-11-2011,5484.100098,5493.299805,5383.399902,5421.600098,1363052800
03-11-2011,5545.600098,5564.5,5402.600098,5484.100098,1217183500
04-11-2011,5527.200195,5599.5,5495.399902,5545.600098,873169300
07-11-2011,5510.799805,5557.799805,5432.200195,5527.200195,730611300
08-11-2011,5567.299805,5616,5509.600098,5510.799805,885001700
09-11-2011,5460.399902,5615.799805,5426.299805,5567.299805,1074260600
10-11-2011,5444.799805,5497.200195,5360.200195,5460.399902,799967700
11-11-2011,5545.399902,5548.799805,5439.799805,5444.799805,715717500
14-11-2011,5519,5575.200195,5489.299805,5545.399902,687675200
15-11-2011,5517.399902,5551.399902,5428.600098,5519,841524400
16-11-2011,5509,5562.899902,5450.200195,5517.399902,941320000
17-11-2011,5423.100098,5509,5366.100098,5509,1059574700
18-11-2011,5362.899902,5423.100098,5347.899902,5423.100098,826014000
21-11-2011,5222.600098,5362.899902,5221.700195,5362.899902,952410000
22-11-2011,5206.799805,5282,5206.799805,5222.600098,914555700
23-11-2011,5139.799805,5206.799805,5139.799805,5206.799805,1009698000
24-11-2011,5127.600098,5184.299805,5099,5139.799805,856420500
25-11-2011,5164.700195,5200.299805,5075.200195,5127.600098,733865300
28-11-2011,5312.799805,5327.799805,5164.700195,5164.700195,897909200
29-11-2011,5337,5344.200195,5272.399902,5312.799805,794447300
30-11-2011,5505.399902,5539,5275,5337,1647245500
01-12-2011,5489.299805,5553.899902,5486.899902,5505.399902,939174800
02-12-2011,5552.299805,5595.5,5489.100098,5489.299805,984099700
05-12-2011,5568,5602.799805,5545.899902,5552.299805,900658000
06-12-2011,5568.700195,5593,5521.899902,5568,857312600
07-12-2011,5546.899902,5631.899902,5498,5568.700195,932154800
08-12-2011,5483.799805,5605.299805,5483.799805,5546.899902,907438000
09-12-2011,5529.200195,5540.5,5440.899902,5483.799805,841432700
12-12-2011,5427.899902,5529.200195,5427.899902,5529.200195,801332300
13-12-2011,5490.200195,5526,5413.700195,5427.899902,757732000
14-12-2011,5366.799805,5490.200195,5366.799805,5490.200195,860719700
15-12-2011,5400.899902,5434,5366.799805,5366.799805,803271700
16-12-2011,5387.299805,5452.700195,5387.299805,5400.899902,1273215100
19-12-2011,5365,5410.100098,5343.100098,5387.299805,632321300
20-12-2011,5419.600098,5426.299805,5328.700195,5365,779731400
21-12-2011,5389.700195,5479.200195,5371.700195,5419.600098,803794200
22-12-2011,5457,5469,5389.700195,5389.700195,610838400
23-12-2011,5512.700195,5516.600098,5457,5457,204750100
28-12-2011,5507.399902,5567.899902,5491,5512.700195,449839700
29-12-2011,5566.799805,5566.799805,5496.899902,5507.399902,325749000
30-12-2011,5572.299805,5588.399902,5535.200195,5566.799805,188110800
03-01-2012,5699.899902,5699.899902,5572.299805,5572.299805,778529200
04-01-2012,5668.5,5719.799805,5646.399902,5699.899902,696937800
05-01-2012,5624.299805,5689.299805,5614.399902,5668.5,794279400
06-01-2012,5649.700195,5682.799805,5623.399902,5624.299805,705018100
09-01-2012,5612.299805,5673.799805,5604.600098,5649.700195,785646100
10-01-2012,5696.700195,5711.899902,5612.299805,5612.299805,865034500
11-01-2012,5670.799805,5700.799805,5644.799805,5696.700195,893410000
12-01-2012,5662.399902,5699.600098,5640.299805,5670.799805,1382096100
13-01-2012,5636.600098,5709.200195,5583.5,5662.399902,1318584400
16-01-2012,5657.399902,5662.899902,5609.899902,5636.600098,672822900
17-01-2012,5694,5724.399902,5657.399902,5657.399902,1232187300
18-01-2012,5702.399902,5709.899902,5647.899902,5694,792321000
19-01-2012,5741.200195,5743.899902,5693.200195,5702.399902,1404271200
20-01-2012,5728.600098,5749.799805,5721.600098,5741.200195,1315166200
23-01-2012,5782.600098,5789.899902,5723.100098,5728.600098,852459600
24-01-2012,5751.899902,5782.600098,5719.899902,5782.600098,916105000
25-01-2012,5723,5777.700195,5694.100098,5751.899902,884691100
26-01-2012,5795.200195,5806.200195,5722.799805,5723,874328700
27-01-2012,5733.5,5795.200195,5729,5795.200195,790045200
30-01-2012,5671.100098,5733.5,5651.600098,5733.5,778100000
31-01-2012,5681.600098,5730.299805,5671.100098,5671.100098,1018319100
01-02-2012,5790.700195,5790.700195,5680.700195,5681.600098,985247100
02-02-2012,5796.100098,5809.799805,5765.700195,5790.700195,967388600
03-02-2012,5901.100098,5901.100098,5784.200195,5796.100098,1156774200
06-02-2012,5892.200195,5901.100098,5863.600098,5901.100098,828464600
07-02-2012,5890.299805,5906.700195,5850.5,5892.200195,785340700
08-02-2012,5875.899902,5916.200195,5871.299805,5890.299805,809267800
09-02-2012,5895.5,5916.299805,5870.600098,5875.899902,973462200
10-02-2012,5852.399902,5895.5,5839.899902,5895.5,948790300
13-02-2012,5905.700195,5920.100098,5852.399902,5852.399902,641643100
14-02-2012,5899.899902,5920.600098,5877.200195,5905.700195,832567200
15-02-2012,5892.200195,5923.799805,5880.600098,5899.899902,801550200
16-02-2012,5885.399902,5892.399902,5829.399902,5892.200195,751180400
17-02-2012,5905.100098,5923.600098,5885.399902,5885.399902,1101911000
20-02-2012,5945.299805,5956.299805,5905.100098,5905.100098,723669700
21-02-2012,5928.200195,5948.799805,5916.600098,5945.299805,846269200
22-02-2012,5916.600098,5938,5894.600098,5928.200195,872089000
23-02-2012,5937.899902,5952.5,5900.5,5916.600098,1071356900
24-02-2012,5935.100098,5964,5925.5,5937.899902,1010948400
27-02-2012,5915.600098,5935.100098,5865.899902,5935.100098,966771100
28-02-2012,5927.899902,5937,5900,5915.600098,804670300
29-02-2012,5871.5,5944.799805,5871.5,5927.899902,1201161000
01-03-2012,5931.299805,5936.100098,5858.899902,5871.5,900749900
02-03-2012,5911.100098,5940,5908.5,5931.299805,736456500
05-03-2012,5874.799805,5911.100098,5865.399902,5911.100098,873447200
06-03-2012,5765.799805,5874.799805,5758.399902,5874.799805,989886600
07-03-2012,5791.399902,5801.100098,5755.700195,5765.799805,859928000
08-03-2012,5859.700195,5874.299805,5791.399902,5791.399902,828107700
09-03-2012,5887.5,5897.600098,5842.899902,5859.700195,854778900
12-03-2012,5892.799805,5894.100098,5860.399902,5887.5,800492000
13-03-2012,5955.899902,5957.899902,5892.799805,5892.799805,761933800
14-03-2012,5945.399902,5989.100098,5945.399902,5955.899902,1165018000
15-03-2012,5940.700195,5958.200195,5919.200195,5945.399902,1034944400
16-03-2012,5965.600098,5974.100098,5940.700195,5940.700195,1830036200
19-03-2012,5961.100098,5968.899902,5928.5,5965.600098,951065300
20-03-2012,5891.399902,5961.100098,5876.399902,5961.100098,978545300
21-03-2012,5892,5921.700195,5880.799805,5891.399902,907211300
22-03-2012,5845.700195,5892,5825.899902,5892,883155700
23-03-2012,5854.899902,5875.700195,5801.700195,5845.700195,848516900
26-03-2012,5902.700195,5913.100098,5854.5,5854.899902,722858600
27-03-2012,5869.600098,5941.899902,5863.799805,5902.700195,1257297400
28-03-2012,5809,5877.899902,5809,5869.600098,931498400
29-03-2012,5742,5812.200195,5726.5,5809,1084172100
30-03-2012,5768.5,5782.700195,5742,5742,990170000
02-04-2012,5874.899902,5874.899902,5748.600098,5768.5,886248600
03-04-2012,5838.299805,5890.200195,5838.299805,5874.899902,896434000
04-04-2012,5703.799805,5838.299805,5685.700195,5838.299805,1174203100
05-04-2012,5723.700195,5731.700195,5663.299805,5703.799805,905682000
10-04-2012,5595.600098,5723.700195,5595.600098,5723.700195,1008933700
11-04-2012,5634.700195,5655.899902,5576.399902,5595.600098,1132327600
12-04-2012,5710.5,5727.899902,5602.600098,5634.700195,1115210000
13-04-2012,5651.799805,5710.799805,5643.5,5710.5,830223000
16-04-2012,5666.299805,5708,5641.100098,5651.799805,1101926600
17-04-2012,5767,5773.700195,5651.5,5666.299805,856433000
18-04-2012,5745.299805,5783.899902,5730.899902,5767,873962600
19-04-2012,5744.600098,5792.100098,5738.100098,5745.299805,958392100
20-04-2012,5772.200195,5775.700195,5724.200195,5744.600098,847833800
23-04-2012,5665.600098,5772.200195,5637.700195,5772.200195,777185500
24-04-2012,5709.5,5714.200195,5658.5,5665.600098,807899200
25-04-2012,5718.899902,5745,5703.200195,5709.5,859133200
26-04-2012,5748.700195,5761.100098,5691.700195,5718.899902,879956100
27-04-2012,5777.100098,5789,5708,5748.700195,812249700
30-04-2012,5737.799805,5793,5728.899902,5777.100098,784967000
01-05-2012,5812.200195,5819,5732.200195,5737.799805,653605400
02-05-2012,5758.100098,5819.899902,5736.700195,5812.200195,962324800
03-05-2012,5766.600098,5800.799805,5745.200195,5758.100098,788566200
04-05-2012,5655.100098,5766.600098,5639.799805,5766.600098,1013188100
08-05-2012,5554.600098,5668.100098,5550.100098,5655.100098,1052975800
09-05-2012,5530.100098,5571.700195,5464.399902,5554.600098,1006218000
10-05-2012,5544,5566.100098,5490.5,5530.100098,847647600
11-05-2012,5575.5,5585.5,5499.299805,5544,772576800
14-05-2012,5465.5,5575.700195,5436.700195,5575.5,883929300
15-05-2012,5437.600098,5507.700195,5411.799805,5465.5,876368200
16-05-2012,5405.299805,5448.399902,5354,5437.600098,1026459500
17-05-2012,5338.399902,5413.299805,5309.799805,5405.299805,894671500
18-05-2012,5267.600098,5338.399902,5256.600098,5338.399902,1225450800
21-05-2012,5304.5,5324.399902,5253.899902,5267.600098,914314900
22-05-2012,5403.299805,5408.700195,5304.5,5304.5,931864300
23-05-2012,5266.399902,5403.700195,5262.899902,5403.299805,997826100
24-05-2012,5350.100098,5371.799805,5266.399902,5266.399902,737282500
25-05-2012,5351.5,5385.200195,5312.200195,5350.100098,734363700
29-05-2012,5391.100098,5404.700195,5342.5,5356.299805,729588100
30-05-2012,5297.299805,5391.100098,5284.399902,5391.100098,863484700
31-05-2012,5320.899902,5352.100098,5272.700195,5297.299805,1398519800
01-06-2012,5260.200195,5354.5,5229.799805,5320.899902,1056087800
06-06-2012,5384.100098,5388,5260.200195,5260.200195,1098347700
07-06-2012,5447.799805,5494.5,5384.100098,5384.100098,1030125200
08-06-2012,5435.100098,5447.799805,5381.799805,5447.799805,916402400
11-06-2012,5432.399902,5536.299805,5419.600098,5435.100098,950512200
12-06-2012,5473.700195,5478.600098,5414.600098,5432.399902,890749100
13-06-2012,5483.799805,5507.700195,5436.700195,5473.700195,831010500
14-06-2012,5467.100098,5483.799805,5424.399902,5483.799805,985630700
15-06-2012,5478.799805,5522.899902,5465.100098,5467.100098,2307095100
18-06-2012,5491.100098,5555.299805,5461.100098,5478.799805,879532400
19-06-2012,5586.299805,5603.100098,5491,5491.100098,816800600
20-06-2012,5622.299805,5623.899902,5566,5586.299805,903447000
21-06-2012,5566.399902,5622.299805,5564.799805,5622.299805,785237400
22-06-2012,5513.700195,5566.399902,5500,5566.399902,677911200
25-06-2012,5450.700195,5513.700195,5435.5,5513.700195,716161000
26-06-2012,5447,5476.5,5436.299805,5450.700195,631700600
27-06-2012,5523.899902,5525.100098,5447,5447,678486600
28-06-2012,5493.100098,5533.799805,5436.5,5523.899902,1027922600
29-06-2012,5571.200195,5619.700195,5493.100098,5493.100098,1061581800
02-07-2012,5640.600098,5640.600098,5571.200195,5571.200195,696936400
03-07-2012,5687.700195,5689,5636.100098,5640.600098,795293400
04-07-2012,5684.5,5699.899902,5669.700195,5687.700195,445463400
05-07-2012,5692.600098,5727.5,5662.5,5684.5,766719300
06-07-2012,5662.600098,5695.100098,5647.5,5692.600098,602832000
09-07-2012,5627.299805,5669.799805,5610.700195,5662.600098,682352500
10-07-2012,5664.100098,5688.700195,5622.299805,5627.299805,607970100
11-07-2012,5664.5,5674.700195,5625.600098,5664.100098,606669000
12-07-2012,5608.299805,5664.5,5588.799805,5664.5,667049300
13-07-2012,5666.100098,5675.600098,5608.299805,5608.299805,609268500
16-07-2012,5662.399902,5670.600098,5640.899902,5666.100098,569289800
17-07-2012,5629.100098,5676.5,5621.200195,5662.399902,602763200
18-07-2012,5685.799805,5688.299805,5624.5,5629.100098,669962500
19-07-2012,5714.200195,5718.600098,5685.799805,5685.799805,711475200
20-07-2012,5651.799805,5714.200195,5644.899902,5714.200195,961834500
23-07-2012,5533.899902,5651.799805,5510.899902,5651.799805,691607200
24-07-2012,5499.200195,5556.600098,5487,5533.899902,551196900
25-07-2012,5498.299805,5526.100098,5478,5499.200195,621394800
26-07-2012,5573.200195,5594.5,5478,5498.299805,817687800
27-07-2012,5627.200195,5631,5550.899902,5573.200195,732786100
30-07-2012,5693.600098,5706.5,5625.700195,5627.200195,648632900
31-07-2012,5635.299805,5695.5,5635.299805,5693.600098,645790800
01-08-2012,5712.799805,5712.799805,5633,5635.299805,554180400
02-08-2012,5662.299805,5765.799805,5657.299805,5712.799805,805200700
03-08-2012,5787.299805,5794,5662.299805,5662.299805,748571600
06-08-2012,5808.799805,5837.600098,5767.100098,5787.299805,613098000
07-08-2012,5841.200195,5841.200195,5785,5808.799805,779689000
08-08-2012,5845.899902,5845.899902,5801.100098,5841.200195,588922600
09-08-2012,5851.5,5860.200195,5828.399902,5845.899902,741075800
10-08-2012,5847.100098,5858.600098,5827.700195,5851.5,466836800
13-08-2012,5831.899902,5852.799805,5813.600098,5847.100098,410230200
14-08-2012,5864.799805,5876.200195,5831.899902,5831.899902,627904000
15-08-2012,5833,5864.799805,5822.299805,5864.799805,560382800
16-08-2012,5834.5,5846.700195,5811.299805,5833,587033800
17-08-2012,5852.399902,5854.700195,5834.399902,5834.5,731769500
20-08-2012,5824.399902,5857.5,5802.899902,5852.399902,692842000
21-08-2012,5857.5,5872.600098,5824.399902,5824.399902,501843600
22-08-2012,5774.200195,5857.5,5771.200195,5857.5,535193100
23-08-2012,5776.600098,5809.299805,5764,5774.200195,636105200
24-08-2012,5776.600098,5791.399902,5739.399902,5776.600098,487763900
28-08-2012,5775.700195,5779.5,5749.799805,5776.600098,524544700
29-08-2012,5743.5,5775.799805,5739.200195,5775.700195,523480600
30-08-2012,5719.5,5743.5,5705.700195,5743.5,479116800
31-08-2012,5711.5,5763.799805,5708,5719.5,851664900
03-09-2012,5758.399902,5758.399902,5701.100098,5711.5,394561500
04-09-2012,5672,5758.399902,5658.299805,5758.399902,628708300
05-09-2012,5657.899902,5675.899902,5634.899902,5672,737252900
06-09-2012,5777.299805,5786,5657.899902,5657.899902,1097422200
07-09-2012,5794.799805,5807.600098,5772.899902,5777.299805,1271438400
10-09-2012,5793.200195,5806.799805,5777.100098,5794.799805,672891000
11-09-2012,5792.200195,5796.600098,5764.200195,5793.200195,779957800
12-09-2012,5782.100098,5821.200195,5757.600098,5792.200195,1101683900
13-09-2012,5819.899902,5826.600098,5770.299805,5782.100098,819530100
14-09-2012,5915.600098,5932.600098,5819.899902,5819.899902,1506216700
17-09-2012,5893.5,5915.700195,5883.200195,5915.600098,691683900
18-09-2012,5868.200195,5893.5,5837.5,5893.5,802597700
19-09-2012,5888.5,5894.399902,5861,5868.200195,704137700
20-09-2012,5854.600098,5888.5,5824.399902,5888.5,656511300
21-09-2012,5852.600098,5887.600098,5838.899902,5854.600098,1202461200
24-09-2012,5838.799805,5852.600098,5806.100098,5852.600098,736974100
25-09-2012,5859.700195,5869.200195,5828.299805,5838.799805,737347700
26-09-2012,5768.100098,5859.700195,5751.399902,5859.700195,685626300
27-09-2012,5779.399902,5804.100098,5763,5768.100098,545045200
28-09-2012,5742.100098,5807.799805,5740.5,5779.399902,745469400
01-10-2012,5820.5,5843.5,5738.600098,5742.100098,690293800
02-10-2012,5809.5,5840.399902,5781.399902,5820.5,704898700
03-10-2012,5825.799805,5832.5,5785,5809.5,606196800
04-10-2012,5827.799805,5854.200195,5803.200195,5825.799805,817156300
05-10-2012,5871,5885.600098,5827.600098,5827.799805,883077400
08-10-2012,5841.700195,5871,5818.799805,5871,492224100
09-10-2012,5810.299805,5856.399902,5795.200195,5841.700195,574468400
10-10-2012,5776.700195,5810.5,5776.700195,5810.299805,681615400
11-10-2012,5829.799805,5846.299805,5766.700195,5776.700195,693356400
12-10-2012,5793.299805,5829.799805,5793.299805,5829.799805,888088200
15-10-2012,5805.600098,5827.899902,5786,5793.299805,695435700
16-10-2012,5870.5,5878.100098,5805.600098,5805.600098,877624500
17-10-2012,5910.899902,5915.600098,5868.700195,5870.5,903398900
18-10-2012,5917.100098,5928.299805,5896.5,5910.899902,869993300
19-10-2012,5896.200195,5919.700195,5892.200195,5917.100098,829321100
22-10-2012,5882.899902,5911,5869.899902,5896.200195,540270400
23-10-2012,5797.899902,5893.399902,5789,5882.899902,654156800
24-10-2012,5804.799805,5823.200195,5776.600098,5797.899902,953707400
25-10-2012,5805.100098,5840.600098,5802.200195,5804.799805,654435200
26-10-2012,5806.700195,5817.899902,5753.299805,5805.100098,622849800
29-10-2012,5795.100098,5812.700195,5763.5,5806.700195,432888800
30-10-2012,5849.899902,5852.200195,5794.899902,5795.100098,403992400
31-10-2012,5782.700195,5866.700195,5782.700195,5849.899902,874664200
01-11-2012,5861.899902,5866.799805,5778,5782.700195,1042591700
02-11-2012,5868.600098,5890.100098,5844.299805,5861.899902,855128600
05-11-2012,5839.100098,5868.600098,5825.600098,5868.600098,565871300
06-11-2012,5884.899902,5885.200195,5839.100098,5839.100098,774672800
07-11-2012,5791.600098,5921.799805,5789.399902,5884.899902,922666000
08-11-2012,5776.100098,5824.399902,5770.700195,5791.600098,729278400
09-11-2012,5769.700195,5786.399902,5715.200195,5776.100098,708900000
12-11-2012,5767.299805,5795.299805,5762,5769.700195,654357700
13-11-2012,5786.299805,5786.299805,5711,5767.299805,950283500
14-11-2012,5722,5786.299805,5719.600098,5786.299805,865457700
15-11-2012,5677.799805,5722,5674.299805,5722,799767400
16-11-2012,5605.600098,5682.700195,5605.600098,5677.799805,939385600
19-11-2012,5737.700195,5739.700195,5605.600098,5605.600098,745281500
20-11-2012,5748.100098,5751.799805,5706.700195,5737.700195,803266300
21-11-2012,5752,5760.100098,5727.899902,5748.100098,640008800
22-11-2012,5791,5796.5,5752,5752,511821700
23-11-2012,5819.100098,5830.5,5781.399902,5791,427505000
26-11-2012,5786.700195,5819.100098,5773.899902,5819.100098,601954400
27-11-2012,5799.700195,5823.200195,5786.700195,5786.700195,659091000
28-11-2012,5803.299805,5808.299805,5755.200195,5799.700195,610194800
29-11-2012,5870.299805,5884,5803.299805,5803.299805,652938200
30-11-2012,5866.799805,5904.399902,5860.299805,5870.299805,699163600
03-12-2012,5871.200195,5902,5859.600098,5866.799805,512045500
04-12-2012,5869,5885.399902,5852.899902,5871.200195,596025500
05-12-2012,5892.100098,5902.700195,5869,5869,610548500
06-12-2012,5901.399902,5923.899902,5889.700195,5892.100098,637068600
07-12-2012,5914.399902,5923.100098,5889.899902,5901.399902,584102500
10-12-2012,5921.600098,5924,5891.299805,5914.399902,463904100
11-12-2012,5925,5937.899902,5908.299805,5921.600098,514655800
12-12-2012,5945.899902,5948.5,5915.899902,5925,629912400
13-12-2012,5929.600098,5947.899902,5918.600098,5945.899902,557270400
14-12-2012,5921.799805,5944.5,5915.299805,5929.600098,529958300
17-12-2012,5912.200195,5923.899902,5881,5921.799805,533505800
18-12-2012,5935.899902,5946.399902,5911.100098,5912.200195,664063300
19-12-2012,5961.600098,5977.799805,5935.899902,5935.899902,743375800
20-12-2012,5958.299805,5970.899902,5950.100098,5961.600098,596569500
21-12-2012,5940,5958.299805,5894.100098,5958.299805,933059900
24-12-2012,5954.200195,5957.700195,5937.100098,5940,149881300
27-12-2012,5954.299805,5997,5942.399902,5954.200195,340703400
28-12-2012,5925.399902,5976,5915.299805,5954.299805,306906200
31-12-2012,5897.799805,5925.399902,5873.399902,5925.399902,164636500
02-01-2013,6027.399902,6044.600098,5897.799805,5897.799805,652659400
03-01-2013,6047.299805,6051.299805,6016.799805,6027.399902,470665900
04-01-2013,6089.799805,6089.799805,6038,6047.299805,548929200
07-01-2013,6064.600098,6091.5,6060.799805,6089.799805,571661700
08-01-2013,6053.600098,6088.200195,6053.600098,6064.600098,663115700
09-01-2013,6098.700195,6112.299805,6053.600098,6053.600098,812116200
10-01-2013,6101.5,6118.299805,6090.600098,6098.700195,764650200
11-01-2013,6121.600098,6121.600098,6095.100098,6101.5,685724400
14-01-2013,6107.899902,6134.200195,6104.899902,6121.600098,628350000
15-01-2013,6117.299805,6117.299805,6086.200195,6107.899902,700998500
16-01-2013,6104,6117.299805,6076.100098,6117.299805,818412100
17-01-2013,6132.399902,6135.899902,6087.5,6104,622925200
18-01-2013,6154.399902,6172.5,6131.899902,6132.399902,713504600
21-01-2013,6181,6182.200195,6154.399902,6154.399902,401154800
22-01-2013,6179.200195,6188.600098,6149.200195,6181,558352800
23-01-2013,6197.600098,6200.5,6178.5,6179.200195,685179700
24-01-2013,6264.899902,6271.399902,6186.5,6197.600098,655654900
25-01-2013,6284.5,6284.5,6247.299805,6264.899902,585517400
28-01-2013,6294.399902,6311.299805,6277,6284.5,533448800
29-01-2013,6339.200195,6346.399902,6285.799805,6294.399902,641748600
30-01-2013,6323.100098,6354.5,6316.299805,6339.200195,691737600
31-01-2013,6276.899902,6323.100098,6276.899902,6323.100098,809378600
01-02-2013,6347.200195,6354,6275.5,6276.899902,686175200
04-02-2013,6246.799805,6347.299805,6236.700195,6347.200195,765896900
05-02-2013,6282.799805,6296.5,6244.100098,6246.799805,612214600
06-02-2013,6295.299805,6321.5,6265.600098,6282.799805,673857000
07-02-2013,6228.399902,6313,6216.700195,6295.299805,721694500
08-02-2013,6263.899902,6278.100098,6228.399902,6228.399902,589359300
11-02-2013,6277.100098,6294.799805,6252.299805,6263.899902,448134200
12-02-2013,6338.399902,6338.399902,6259.799805,6277.100098,813154300
13-02-2013,6359.100098,6384.700195,6311.600098,6338.399902,756377700
14-02-2013,6327.399902,6364.700195,6302,6359.100098,713898900
15-02-2013,6328.299805,6352.200195,6309.799805,6327.399902,636564400
18-02-2013,6318.200195,6330.200195,6306.799805,6328.299805,459974900
19-02-2013,6379.100098,6385.100098,6304.399902,6318.200195,672871900
20-02-2013,6395.399902,6412.399902,6368.200195,6379.100098,756333900
21-02-2013,6291.5,6395.399902,6278,6395.399902,733017000
22-02-2013,6335.700195,6347.299805,6291.5,6291.5,702828200
25-02-2013,6355.399902,6390.100098,6324,6335.700195,994472400
26-02-2013,6270.399902,6355.399902,6258.600098,6355.399902,772273300
27-02-2013,6325.899902,6335.899902,6269.299805,6270.399902,707922300
28-02-2013,6360.799805,6372,6325.899902,6325.899902,909994200
01-03-2013,6378.600098,6391.700195,6308.600098,6360.799805,1106390100
04-03-2013,6345.600098,6379.299805,6333.200195,6378.600098,704235700
05-03-2013,6432,6437.299805,6344.799805,6345.600098,683437100
06-03-2013,6427.600098,6461,6418.700195,6432,1098361600
07-03-2013,6439.200195,6459.700195,6427.299805,6427.600098,923031500
08-03-2013,6483.600098,6489.5,6439.200195,6439.200195,844774800
11-03-2013,6503.600098,6505.299805,6473.600098,6483.600098,625234000
12-03-2013,6510.600098,6534,6491.799805,6503.600098,616794400
13-03-2013,6481.5,6510.600098,6437.600098,6510.600098,666282400
14-03-2013,6529.399902,6532.600098,6478.5,6481.5,791452600
15-03-2013,6489.700195,6533.799805,6470.100098,6529.399902,1262249400
18-03-2013,6457.899902,6489.700195,6386.200195,6489.700195,748775900
19-03-2013,6441.299805,6474.600098,6414.5,6457.899902,679522800
20-03-2013,6432.700195,6475.600098,6421.299805,6441.299805,724526500
21-03-2013,6388.600098,6435.600098,6364,6432.700195,641944200
22-03-2013,6392.799805,6426.5,6374.5,6388.600098,768806500
25-03-2013,6378.399902,6458.5,6366.600098,6392.799805,768298200
26-03-2013,6399.399902,6404.5,6369.600098,6378.399902,650359300
27-03-2013,6387.600098,6420.899902,6344.200195,6399.399902,755244900
28-03-2013,6411.700195,6447.899902,6382,6387.600098,731507000
02-04-2013,6490.700195,6501.799805,6408.799805,6411.700195,913557400
03-04-2013,6420.299805,6491.799805,6416.700195,6490.700195,676016200
04-04-2013,6344.100098,6426.399902,6341.399902,6420.299805,680161200
05-04-2013,6249.799805,6346.799805,6214.399902,6344.100098,668684100
08-04-2013,6276.899902,6289.600098,6249.799805,6249.799805,650412500
09-04-2013,6313.200195,6326.5,6276.899902,6276.899902,613230800
10-04-2013,6387.399902,6405.200195,6313.200195,6313.200195,678441400
11-04-2013,6416.100098,6423.600098,6377.5,6387.399902,556826000
12-04-2013,6384.399902,6416.100098,6368.200195,6416.100098,521445800
15-04-2013,6343.600098,6384.399902,6300.100098,6384.399902,576452100
16-04-2013,6304.600098,6343.600098,6297.5,6343.600098,609897600
17-04-2013,6244.200195,6334.399902,6225.200195,6304.600098,738341700
18-04-2013,6243.700195,6277.799805,6225.899902,6244.200195,668152700
19-04-2013,6286.600098,6288.700195,6243.700195,6243.700195,694202900
22-04-2013,6280.600098,6342,6259,6286.600098,603305900
23-04-2013,6406.100098,6406.100098,6278.5,6280.600098,719139100
24-04-2013,6431.799805,6438.899902,6396.200195,6406.100098,735699100
25-04-2013,6442.600098,6467.100098,6411.899902,6431.799805,739178900
26-04-2013,6426.399902,6442.600098,6399.399902,6442.600098,560270500
29-04-2013,6458,6458,6419.299805,6426.399902,636101000
30-04-2013,6430.100098,6483.100098,6412.700195,6458,1079343900
01-05-2013,6451.299805,6475.899902,6429.799805,6430.100098,409459900
02-05-2013,6460.700195,6470.299805,6409.799805,6451.299805,744888400
03-05-2013,6521.5,6541.700195,6451.5,6460.700195,768857600
07-05-2013,6557.299805,6563.899902,6521.399902,6521.5,795845400
08-05-2013,6583.5,6587.399902,6547,6557.299805,703446800
09-05-2013,6592.700195,6597.299805,6571.700195,6583.5,750085400
10-05-2013,6625,6637.799805,6591.600098,6592.700195,807522700
13-05-2013,6631.799805,6633.299805,6602.799805,6625,560542000
14-05-2013,6686.100098,6686.100098,6618.399902,6631.799805,618403700
15-05-2013,6693.600098,6701.700195,6669,6686.100098,690863200
16-05-2013,6687.799805,6714.5,6677.200195,6693.600098,766342800
17-05-2013,6723.100098,6726.899902,6669.899902,6687.799805,855145300
20-05-2013,6755.600098,6755.600098,6709.100098,6723.100098,736130700
21-05-2013,6803.899902,6803.899902,6744.200195,6755.600098,763672400
22-05-2013,6840.299805,6875.600098,6781.5,6803.899902,964619800
23-05-2013,6696.799805,6840.299805,6658.799805,6840.299805,987091200
24-05-2013,6654.299805,6720.100098,6640.100098,6696.799805,787892200
28-05-2013,6762,6790.700195,6654.299805,6654.299805,658595500
29-05-2013,6627.200195,6762,6620.799805,6762,613718300
30-05-2013,6657,6657,6611,6627.200195,594003700
31-05-2013,6583.100098,6657.100098,6577.799805,6657,1182587300
03-06-2013,6525.100098,6583.100098,6514.100098,6583.100098,780013000
04-06-2013,6558.600098,6577,6525.100098,6525.100098,806462900
05-06-2013,6419.299805,6558.600098,6419.299805,6558.600098,800986600
06-06-2013,6336.100098,6435.399902,6336.100098,6419.299805,680974000
07-06-2013,6412,6421.399902,6313.600098,6336.100098,786639400
10-06-2013,6400.5,6421.200195,6379.600098,6412,597227000
11-06-2013,6340.100098,6401.200195,6280.100098,6400.5,736368300
12-06-2013,6299.5,6364.299805,6295.899902,6340.100098,693795800
13-06-2013,6304.600098,6311,6205.700195,6299.5,824350700
14-06-2013,6308.299805,6343.5,6290.600098,6304.600098,734161700
17-06-2013,6330.5,6370.799805,6308.299805,6308.299805,575444200
18-06-2013,6374.200195,6397.299805,6311.399902,6330.5,654137300
19-06-2013,6348.799805,6383.600098,6327,6374.200195,723618600
20-06-2013,6159.5,6348.799805,6145,6348.799805,874375000
21-06-2013,6116.200195,6244.200195,6116.200195,6159.5,1508289800
24-06-2013,6029.100098,6136.100098,6023.399902,6116.200195,864109800
25-06-2013,6101.899902,6114.600098,6029.100098,6029.100098,786471900
26-06-2013,6165.5,6177.899902,6089.200195,6101.899902,754668000
27-06-2013,6243.399902,6271.799805,6165.5,6165.5,803972700
28-06-2013,6215.5,6268.799805,6207.700195,6243.399902,920725800
01-07-2013,6307.799805,6317,6215.399902,6215.5,657027100
02-07-2013,6303.899902,6314.100098,6266.5,6307.799805,560698900
03-07-2013,6229.899902,6303.899902,6185.200195,6303.899902,663008700
04-07-2013,6421.700195,6431.399902,6229.899902,6229.899902,824171700
05-07-2013,6375.5,6498.600098,6364.399902,6421.700195,725870000
08-07-2013,6450.100098,6476.100098,6375.5,6375.5,622004000
09-07-2013,6513.100098,6530.899902,6450.100098,6450.100098,658607000
10-07-2013,6505,6535.899902,6472.399902,6513.100098,606500700
11-07-2013,6543.399902,6585.700195,6505,6505,646067300
12-07-2013,6544.899902,6583.899902,6540.200195,6543.399902,595530200
15-07-2013,6586.100098,6605.899902,6544.899902,6544.899902,585046200
16-07-2013,6556.399902,6606.399902,6556.399902,6586.100098,746494800
17-07-2013,6571.899902,6595.600098,6517.399902,6556.399902,694630900
18-07-2013,6634.399902,6657.399902,6555.799805,6571.899902,657400600
19-07-2013,6630.700195,6635.200195,6592.100098,6634.399902,756017500
22-07-2013,6623.200195,6645,6608.200195,6630.700195,502867700
23-07-2013,6597.399902,6657.700195,6597.399902,6623.200195,673295800
24-07-2013,6620.399902,6662.200195,6581.600098,6597.399902,595811200
25-07-2013,6588,6625.399902,6540.399902,6620.399902,505142900
26-07-2013,6554.799805,6629.899902,6535.200195,6588,455317800
29-07-2013,6560.299805,6606.399902,6544.100098,6554.799805,487601100
30-07-2013,6571,6600.700195,6560.299805,6560.299805,696264300
31-07-2013,6621.100098,6659.399902,6556.700195,6571,751660600
01-08-2013,6682,6682,6607.299805,6621.100098,977036100
02-08-2013,6647.899902,6696.600098,6623.899902,6682,660354400
05-08-2013,6619.600098,6685,6590.100098,6647.899902,604089200
06-08-2013,6604.200195,6630.100098,6562.299805,6619.600098,698361800
07-08-2013,6511.200195,6625,6511.200195,6604.200195,641422000
08-08-2013,6529.700195,6558.600098,6507.200195,6511.200195,566013400
09-08-2013,6583.399902,6601.200195,6529.5,6529.700195,632934600
12-08-2013,6574.299805,6598.399902,6547,6583.399902,478927500
13-08-2013,6611.899902,6620.399902,6568.399902,6574.299805,568866800
14-08-2013,6587.399902,6628,6582.600098,6611.899902,678146300
15-08-2013,6483.299805,6587.899902,6460.100098,6587.399902,667125400
16-08-2013,6500,6502.299805,6461.299805,6483.299805,637579900
19-08-2013,6465.700195,6506.600098,6457.700195,6500,467686900
20-08-2013,6453.5,6465.700195,6398.600098,6465.700195,620943400
21-08-2013,6390.799805,6453.600098,6386.700195,6453.5,607065300
22-08-2013,6446.899902,6468.899902,6390.600098,6390.799805,501840600
23-08-2013,6492.100098,6516.700195,6422.399902,6446.899902,485422600
27-08-2013,6441,6494.200195,6424,6492.100098,760395800
28-08-2013,6430.100098,6441,6393.700195,6441,748560000
29-08-2013,6483.100098,6500.5,6430,6430.100098,876297500
30-08-2013,6412.899902,6502.200195,6409.600098,6483.100098,797043300
02-09-2013,6506.200195,6532.299805,6412.899902,6412.899902,596599000
03-09-2013,6468.399902,6523.200195,6457,6506.200195,737860300
04-09-2013,6474.700195,6486.399902,6423.5,6468.399902,717066000
05-09-2013,6532.399902,6543.200195,6461.700195,6474.700195,758348500
06-09-2013,6547.299805,6568.200195,6492.5,6532.399902,606304300
09-09-2013,6530.700195,6555.899902,6508.799805,6547.299805,586569100
10-09-2013,6584,6599.5,6530.700195,6530.700195,730044200
11-09-2013,6588.399902,6589.899902,6559.700195,6584,709330400
12-09-2013,6589,6606.100098,6558.600098,6588.399902,616038700
13-09-2013,6583.799805,6589,6561.799805,6589,495637800
16-09-2013,6622.899902,6652.700195,6583.799805,6583.799805,565475200
17-09-2013,6570.200195,6623,6570.200195,6622.899902,1200508900
18-09-2013,6558.799805,6587.600098,6532.5,6570.200195,793615500
19-09-2013,6625.399902,6659.100098,6558.799805,6558.799805,799392100
20-09-2013,6596.399902,6629.899902,6594.200195,6625.399902,1534434000
23-09-2013,6557.399902,6601.5,6542.700195,6596.399902,592407000
24-09-2013,6571.5,6585.399902,6549.899902,6557.399902,663765500
25-09-2013,6551.5,6588,6526.399902,6571.5,828370800
26-09-2013,6565.600098,6580.899902,6535.799805,6551.5,552698700
27-09-2013,6512.700195,6568.899902,6487.299805,6565.600098,556754000
30-09-2013,6462.200195,6512.700195,6438.700195,6512.700195,667902900
01-10-2013,6460,6466.299805,6424.399902,6462.200195,599067900
02-10-2013,6437.5,6460,6386.200195,6460,575169900
03-10-2013,6449,6472.399902,6436.200195,6437.5,617408100
04-10-2013,6453.899902,6473.600098,6429,6449,528846400
07-10-2013,6437.299805,6453.899902,6391.5,6453.899902,484159000
08-10-2013,6365.799805,6437.700195,6365,6437.299805,718013100
09-10-2013,6337.899902,6372.600098,6316.899902,6365.799805,605274000
10-10-2013,6430.5,6446.200195,6337.899902,6337.899902,631265600
11-10-2013,6487.200195,6489.200195,6430.5,6430.5,545658000
14-10-2013,6507.700195,6507.799805,6464.399902,6487.200195,434972100
15-10-2013,6549.100098,6569.299805,6507.700195,6507.700195,603859700
16-10-2013,6571.600098,6584.399902,6504.299805,6549.100098,663774300
17-10-2013,6576.200195,6576.200195,6529.200195,6571.600098,669589600
18-10-2013,6622.600098,6622.700195,6576.200195,6576.200195,710029000
21-10-2013,6654.200195,6654.200195,6617.799805,6622.600098,494967200
22-10-2013,6695.700195,6719.299805,6653.700195,6654.200195,575007300
23-10-2013,6674.5,6695.899902,6655.200195,6695.700195,643936600
24-10-2013,6713.200195,6719.299805,6674.200195,6674.5,601321000
25-10-2013,6721.299805,6729.700195,6700.399902,6713.200195,569150500
28-10-2013,6725.799805,6739.700195,6704.200195,6721.299805,590265200
29-10-2013,6774.700195,6777.200195,6718.899902,6725.799805,781277300
30-10-2013,6777.700195,6819.899902,6763.700195,6774.700195,656351600
31-10-2013,6731.399902,6778.299805,6719.5,6777.700195,742779000
01-11-2013,6734.700195,6760.899902,6715.299805,6731.399902,675463600
04-11-2013,6763.600098,6780.100098,6734.600098,6734.700195,510147600
05-11-2013,6746.799805,6773.899902,6708.5,6763.600098,723671000
06-11-2013,6741.700195,6768.200195,6735.600098,6746.799805,636589100
07-11-2013,6697.200195,6779.200195,6680,6741.700195,641427800
08-11-2013,6708.399902,6713.899902,6643.899902,6697.200195,598943100
11-11-2013,6728.399902,6744.799805,6702,6708.399902,633862400
12-11-2013,6726.799805,6728.399902,6693.299805,6728.399902,589417300
13-11-2013,6630,6726.799805,6614,6726.799805,723057300
14-11-2013,6666.100098,6696.200195,6630,6630,624125200
15-11-2013,6693.399902,6703.100098,6665.5,6666.100098,587733600
18-11-2013,6723.5,6732.100098,6671.600098,6693.399902,538915700
19-11-2013,6698,6723.5,6677.899902,6723.5,532008000
20-11-2013,6681.100098,6711.399902,6661.700195,6698,558048100
21-11-2013,6681.299805,6697.700195,6643.5,6681.100098,483785600
22-11-2013,6674.299805,6711,6661,6681.299805,495703600
25-11-2013,6694.600098,6709.100098,6674.299805,6674.299805,465826500
26-11-2013,6636.200195,6697,6636.200195,6694.600098,985378000
27-11-2013,6649.5,6664.100098,6635.700195,6636.200195,580621900
28-11-2013,6654.5,6679.5,6642.600098,6649.5,462672900
29-11-2013,6650.600098,6681.600098,6648.5,6654.5,535923900
02-12-2013,6595.299805,6657.399902,6595.200195,6650.600098,559055100
03-12-2013,6532.399902,6595.5,6531.299805,6595.299805,685375800
04-12-2013,6510,6544.700195,6479.700195,6532.399902,780322600
05-12-2013,6498.299805,6518.899902,6487.200195,6510,558155700
06-12-2013,6552,6555.700195,6496.299805,6498.299805,564649300
09-12-2013,6559.5,6568.399902,6534.700195,6552,506215400
10-12-2013,6523.299805,6571.899902,6519,6559.5,553693100
11-12-2013,6507.700195,6555.600098,6507.700195,6523.299805,524482100
12-12-2013,6445.299805,6507.700195,6436,6507.700195,663531400
13-12-2013,6440,6462.799805,6433.5,6445.299805,694450900
16-12-2013,6522.200195,6531.200195,6422.200195,6440,653797800
17-12-2013,6486.200195,6522.200195,6482.600098,6522.200195,584054600
18-12-2013,6492.100098,6524.5,6486.200195,6486.200195,529477900
19-12-2013,6584.700195,6584.700195,6492.100098,6492.100098,648648400
20-12-2013,6606.600098,6616.799805,6576.799805,6584.700195,1096668200
23-12-2013,6678.600098,6678.600098,6606.200195,6606.600098,351999300
24-12-2013,6694.200195,6712.100098,6672.200195,6678.600098,101669600
27-12-2013,6750.899902,6754.100098,6694.200195,6694.200195,291262200
30-12-2013,6731.299805,6768.399902,6718.200195,6750.899902,295360600
31-12-2013,6749.100098,6757,6731.299805,6731.299805,153445200
02-01-2014,6717.899902,6759.399902,6707.5,6749.100098,459529100
03-01-2014,6730.700195,6747.299805,6699.299805,6717.899902,374841500
06-01-2014,6730.700195,6752,6714.600098,6730.700195,524387000
07-01-2014,6755.5,6768.899902,6718.100098,6730.700195,672375600
08-01-2014,6721.799805,6755.5,6713.399902,6755.5,720025300
09-01-2014,6691.299805,6746.399902,6679.299805,6721.799805,782896500
10-01-2014,6739.899902,6769.899902,6691.299805,6691.299805,811611800
13-01-2014,6757.200195,6765.600098,6731,6739.899902,598026900
14-01-2014,6766.899902,6772.600098,6694.100098,6757.200195,568346600
15-01-2014,6819.899902,6825.200195,6766.899902,6766.899902,693715800
16-01-2014,6815.399902,6831.700195,6811.200195,6819.899902,714152700
17-01-2014,6829.299805,6840.5,6800,6815.399902,999744600
20-01-2014,6836.700195,6837.5,6810.600098,6829.299805,424810700
21-01-2014,6834.299805,6867.399902,6822.299805,6836.700195,618281400
22-01-2014,6826.299805,6864.899902,6821.799805,6834.299805,548735700
23-01-2014,6773.299805,6837.200195,6760.600098,6826.299805,668664300
24-01-2014,6663.700195,6784.399902,6654.899902,6773.299805,844748200
27-01-2014,6550.700195,6665.399902,6539.299805,6663.700195,985294600
28-01-2014,6572.299805,6590.700195,6550.700195,6550.700195,675704400
29-01-2014,6544.299805,6645.200195,6482.700195,6572.299805,990211400
30-01-2014,6538.5,6573.899902,6503.299805,6544.299805,755894300
31-01-2014,6510.399902,6548.5,6421.299805,6538.5,751205000
03-02-2014,6465.700195,6538.299805,6460,6510.399902,829888700
04-02-2014,6449.299805,6478.200195,6416.700195,6465.700195,922887700
05-02-2014,6457.899902,6483.700195,6423.799805,6449.299805,810173800
06-02-2014,6558.299805,6566,6457.899902,6457.899902,815148900
07-02-2014,6571.700195,6596.299805,6540.799805,6558.299805,708467800
10-02-2014,6591.600098,6597,6565.299805,6571.700195,593694900
11-02-2014,6672.700195,6672.700195,6591.600098,6591.600098,934913300
12-02-2014,6675,6708.200195,6669.100098,6672.700195,820072000
13-02-2014,6659.399902,6675.200195,6608.100098,6675,1170917600
14-02-2014,6663.600098,6672.200195,6646.5,6659.399902,912852700
17-02-2014,6736,6745.600098,6661.5,6663.600098,630547500
18-02-2014,6796.399902,6802.899902,6716.600098,6736,828311700
19-02-2014,6796.700195,6810.5,6759.899902,6796.399902,793947100
20-02-2014,6813,6813,6732,6796.700195,745785700
21-02-2014,6838.100098,6859.899902,6813,6813,1024984200
24-02-2014,6865.899902,6865.899902,6797.799805,6838.100098,1068068300
25-02-2014,6830.5,6866.399902,6790.899902,6862.700195,1163984100
26-02-2014,6799.200195,6834.100098,6785.299805,6830.5,739193300
27-02-2014,6810.299805,6819.200195,6733.5,6799.200195,860420000
28-02-2014,6809.700195,6833.799805,6785.5,6810.299805,924578400
03-03-2014,6708.399902,6809.700195,6671.899902,6809.700195,829082600
04-03-2014,6823.799805,6827.200195,6708.399902,6708.399902,734136300
05-03-2014,6775.399902,6824.200195,6771.5,6823.799805,630136500
06-03-2014,6788.5,6806.600098,6771,6775.399902,666186300
07-03-2014,6712.700195,6800.700195,6706.399902,6788.5,793752600
10-03-2014,6689.5,6757,6671.600098,6712.700195,820416900
11-03-2014,6685.5,6718.299805,6660.600098,6689.5,868947800
12-03-2014,6620.899902,6685.5,6598.399902,6685.5,891943200
13-03-2014,6553.799805,6631.399902,6552.5,6620.899902,895818900
14-03-2014,6527.899902,6553.799805,6500.399902,6553.799805,847299400
17-03-2014,6568.399902,6592.399902,6527.899902,6527.899902,692708400
18-03-2014,6605.299805,6628.200195,6534.899902,6568.399902,723690100
19-03-2014,6573.100098,6609.5,6566.899902,6605.299805,1051188400
20-03-2014,6542.399902,6573.100098,6492.600098,6573.100098,795074200
21-03-2014,6557.200195,6572.100098,6537.899902,6542.399902,1501522000
24-03-2014,6520.399902,6569,6506.399902,6557.200195,762850300
25-03-2014,6604.899902,6604.899902,6520.399902,6520.399902,674287000
26-03-2014,6605.299805,6643.600098,6601.799805,6604.899902,1429765600
27-03-2014,6588.299805,6605.299805,6561.399902,6605.299805,850226700
28-03-2014,6615.600098,6631.5,6585.700195,6588.299805,1001322600
31-03-2014,6598.399902,6658.399902,6583.100098,6615.600098,868366300
01-04-2014,6652.600098,6660.299805,6598.399902,6598.399902,857737300
02-04-2014,6659,6672.700195,6639.600098,6652.600098,973749400
03-04-2014,6649.100098,6680.799805,6638.5,6659,670678000
04-04-2014,6695.600098,6706.299805,6649.100098,6649.100098,876352600
07-04-2014,6622.799805,6695.600098,6614.700195,6695.600098,667468200
08-04-2014,6590.700195,6625.200195,6549.799805,6622.799805,1056680100
09-04-2014,6635.600098,6654.100098,6590.399902,6590.700195,758993600
10-04-2014,6642,6688.299805,6620.399902,6635.600098,671373100
11-04-2014,6561.700195,6642,6538.799805,6642,817952500
14-04-2014,6583.799805,6583.799805,6507.100098,6561.700195,983152200
15-04-2014,6541.600098,6594.200195,6534.200195,6583.799805,858936000
16-04-2014,6584.200195,6597,6541.600098,6541.600098,686337200
17-04-2014,6625.299805,6627.299805,6559.399902,6584.200195,842349900
22-04-2014,6681.799805,6706.200195,6625.299805,6625.299805,843999800
23-04-2014,6674.700195,6694.799805,6661.399902,6681.799805,637850100
24-04-2014,6703,6724.600098,6667.700195,6674.700195,616106700
25-04-2014,6685.700195,6704.399902,6657.299805,6703,578697500
28-04-2014,6700.200195,6720.299805,6682.899902,6685.700195,652775300
29-04-2014,6769.899902,6769.899902,6700.100098,6700.200195,674490500
30-04-2014,6780,6794.899902,6748.799805,6769.899902,773112200
01-05-2014,6808.899902,6811.600098,6773.700195,6780,649344400
02-05-2014,6822.399902,6838.200195,6798.600098,6808.899902,746449000
06-05-2014,6798.600098,6828.600098,6785.299805,6822.399902,732623500
07-05-2014,6796.399902,6799.299805,6766.799805,6798.600098,768894900
08-05-2014,6839.299805,6840.399902,6796.399902,6796.399902,818478900
09-05-2014,6814.600098,6839.399902,6805.399902,6839.299805,617677000
12-05-2014,6851.799805,6851.799805,6814.600098,6814.600098,565733200
13-05-2014,6873.100098,6877.399902,6846,6851.799805,631554800
14-05-2014,6878.5,6880.100098,6854,6873.100098,529825700
15-05-2014,6840.899902,6894.899902,6821.700195,6878.5,896969900
16-05-2014,6855.799805,6855.899902,6813.5,6840.899902,985979600
19-05-2014,6844.600098,6862.200195,6804.299805,6855.799805,745674100
20-05-2014,6802,6848.399902,6792.5,6844.600098,680773300
21-05-2014,6821,6821,6782.799805,6802,733746900
22-05-2014,6820.600098,6846.600098,6810.200195,6821,564880200
23-05-2014,6815.799805,6825.5,6793.5,6820.600098,485846000
27-05-2014,6844.899902,6857.100098,6815.399902,6815.799805,585487200
28-05-2014,6851.200195,6855.799805,6833.600098,6844.899902,577490600
29-05-2014,6871.299805,6882.100098,6848.100098,6851.200195,403366600
30-05-2014,6844.5,6874.299805,6832,6871.299805,1174009700
02-06-2014,6864.100098,6874.399902,6844.5,6844.5,573724300
03-06-2014,6836.299805,6865.399902,6818,6864.100098,505128700
04-06-2014,6818.600098,6840.600098,6800.100098,6836.299805,575435900
05-06-2014,6813.5,6847,6795.299805,6818.600098,627405700
06-06-2014,6858.200195,6862.899902,6813.5,6813.5,774866500
09-06-2014,6875,6879,6857.700195,6858.200195,388132800
10-06-2014,6873.600098,6875.200195,6835.799805,6875,535388800
11-06-2014,6838.899902,6873.600098,6825.200195,6873.600098,676538600
12-06-2014,6843.100098,6853.200195,6827,6838.899902,527380800
13-06-2014,6777.899902,6843.100098,6758.200195,6843.100098,640614600
16-06-2014,6754.600098,6779.399902,6748,6777.899902,604240100
17-06-2014,6766.799805,6774.899902,6736.100098,6754.600098,577374400
18-06-2014,6778.600098,6799.600098,6766.799805,6766.799805,511450700
19-06-2014,6808.100098,6837.600098,6778.600098,6778.600098,564148400
20-06-2014,6825.200195,6840.600098,6791.200195,6808.100098,1020446400
23-06-2014,6800.600098,6829.799805,6785.799805,6825.200195,466639400
24-06-2014,6787.100098,6824.5,6776.799805,6800.600098,570127000
25-06-2014,6733.600098,6787.100098,6716.399902,6787.100098,585547600
26-06-2014,6735.100098,6753.299805,6701.600098,6733.600098,902551300
27-06-2014,6757.799805,6767.600098,6735.100098,6735.100098,516986900
30-06-2014,6743.899902,6777.100098,6730.5,6757.799805,614336500
01-07-2014,6802.899902,6805.899902,6743.899902,6743.899902,514345100
02-07-2014,6816.399902,6829.5,6796.600098,6802.899902,479498000
03-07-2014,6865.200195,6866.600098,6815.5,6816.399902,523958700
04-07-2014,6866.100098,6875.299805,6856.399902,6865.200195,329363500
07-07-2014,6823.5,6866.399902,6817.600098,6866.100098,389059700
08-07-2014,6738.5,6831,6738.5,6823.5,660675300
09-07-2014,6718,6740.799805,6692.799805,6738.5,602260300
10-07-2014,6672.399902,6724.799805,6643.600098,6718,764873500
11-07-2014,6690.200195,6696.100098,6663.700195,6672.399902,533174800
14-07-2014,6746.100098,6760.700195,6690.200195,6690.200195,468494700
15-07-2014,6710.5,6764,6709.200195,6746.100098,604327700
16-07-2014,6784.700195,6792.600098,6710.5,6710.5,610714400
17-07-2014,6738.299805,6784.700195,6727.700195,6784.700195,631724300
18-07-2014,6749.5,6749.899902,6690.899902,6738.299805,585590200
21-07-2014,6728.399902,6753.399902,6715.799805,6749.5,470701900
22-07-2014,6795.299805,6801.799805,6728.399902,6728.399902,538472400
23-07-2014,6798.200195,6822.700195,6773.100098,6795.299805,589203600
24-07-2014,6821.5,6821.5,6767.299805,6798.200195,541591300
25-07-2014,6791.600098,6830.799805,6780.700195,6821.5,661620000
28-07-2014,6788.100098,6809.600098,6761.799805,6791.600098,528691400
29-07-2014,6807.799805,6833.700195,6784,6788.100098,527703100
30-07-2014,6773.399902,6815.299805,6758.200195,6807.799805,692780400
31-07-2014,6730.100098,6797.100098,6716.299805,6773.399902,919865400
01-08-2014,6679.200195,6730.100098,6624.700195,6730.100098,695334800
04-08-2014,6677.5,6715.600098,6669.899902,6679.200195,522832700
05-08-2014,6682.5,6713.5,6671.5,6677.5,512852200
06-08-2014,6636.200195,6682.5,6588.399902,6682.5,803798800
07-08-2014,6597.399902,6649.100098,6589.799805,6636.200195,565630100
08-08-2014,6567.399902,6597.399902,6528.700195,6597.399902,645423400
11-08-2014,6632.799805,6645.799805,6567.399902,6567.399902,494367000
12-08-2014,6632.399902,6643.700195,6612.5,6632.799805,448281800
13-08-2014,6656.700195,6664.299805,6626,6632.399902,527733500
14-08-2014,6685.299805,6694.600098,6641.799805,6656.700195,512629300
15-08-2014,6689.100098,6742.799805,6685.299805,6685.299805,545581000
18-08-2014,6741.299805,6745.700195,6689.100098,6689.100098,413053500
19-08-2014,6779.299805,6782.899902,6740.700195,6741.299805,463536900
20-08-2014,6755.5,6781.200195,6739.799805,6779.299805,466211000
21-08-2014,6777.700195,6780.700195,6752.700195,6755.5,423431000
22-08-2014,6775.299805,6784.600098,6746.399902,6777.700195,571522600
26-08-2014,6822.799805,6827.299805,6775.299805,6775.299805,538317700
27-08-2014,6830.700195,6830.700195,6813.200195,6822.799805,481233300
28-08-2014,6805.799805,6831.200195,6796.899902,6830.700195,498070100
29-08-2014,6819.799805,6828.899902,6782.600098,6805.799805,720978600
01-09-2014,6825.299805,6825.299805,6798.299805,6819.799805,404272400
02-09-2014,6829.200195,6849.299805,6812.299805,6825.299805,820230900
03-09-2014,6873.600098,6898.600098,6826.700195,6829.200195,674899700
04-09-2014,6878,6904.899902,6866.299805,6873.600098,689038700
05-09-2014,6855.100098,6885,6829.100098,6878,596549800
08-09-2014,6834.799805,6855.100098,6773.799805,6855.100098,754127500
09-09-2014,6829,6846.200195,6812.5,6834.799805,580798600
10-09-2014,6830.100098,6847.799805,6800,6829,585612100
11-09-2014,6799.600098,6857.5,6764.899902,6830.100098,648015500
12-09-2014,6807,6832.200195,6799.399902,6799.600098,552974800
15-09-2014,6804.200195,6813.899902,6771.700195,6807,529231800
16-09-2014,6792.200195,6804.299805,6748.100098,6804.200195,592887700
17-09-2014,6780.899902,6816.899902,6780.899902,6792.200195,596526700
18-09-2014,6819.299805,6822.600098,6769.600098,6780.899902,644480400
19-09-2014,6837.899902,6876,6819.299805,6819.299805,1551957500
22-09-2014,6773.600098,6838.399902,6766.899902,6837.899902,675055200
23-09-2014,6676.100098,6777.299805,6647.200195,6773.600098,762840800
24-09-2014,6706.299805,6707.299805,6652,6676.100098,793646000
25-09-2014,6639.700195,6726.399902,6621.5,6706.299805,927894000
26-09-2014,6649.399902,6664,6615.100098,6639.700195,589221500
29-09-2014,6646.600098,6653.899902,6608.700195,6649.399902,564786600
30-09-2014,6622.700195,6658.899902,6601.600098,6646.600098,882273900
01-10-2014,6557.5,6622.799805,6539.700195,6622.700195,789707300
02-10-2014,6446.399902,6557.700195,6446.399902,6557.5,807089800
03-10-2014,6527.899902,6542.899902,6446.399902,6446.399902,750613100
06-10-2014,6563.700195,6588.299805,6527.899902,6527.899902,722223000
07-10-2014,6495.600098,6563.799805,6495.600098,6563.700195,858099000
08-10-2014,6482.200195,6502.399902,6453.799805,6495.600098,822967200
09-10-2014,6431.899902,6544.200195,6425.200195,6482.200195,864389000
10-10-2014,6340,6431.899902,6328.399902,6431.899902,897708400
13-10-2014,6366.200195,6387.399902,6294.600098,6340,846365400
14-10-2014,6392.700195,6403.399902,6304.299805,6366.200195,831098100
15-10-2014,6211.600098,6405,6211.600098,6392.700195,1137435900
16-10-2014,6195.899902,6283,6072.700195,6211.600098,1697447000
17-10-2014,6310.299805,6313,6188,6195.899902,1106053200
20-10-2014,6267.100098,6320.299805,6238.600098,6310.299805,723302900
21-10-2014,6372.299805,6372.299805,6229.399902,6267.100098,856658100
22-10-2014,6399.700195,6401.5,6341.399902,6372.299805,727170300
23-10-2014,6419.200195,6430.299805,6313.299805,6399.700195,840402100
24-10-2014,6388.700195,6419.200195,6372.399902,6419.200195,717827900
27-10-2014,6363.5,6443.799805,6336.100098,6388.700195,781565600
28-10-2014,6402.200195,6412,6363.5,6363.5,800681500
29-10-2014,6453.899902,6475.399902,6402.200195,6402.200195,700842900
30-10-2014,6463.600098,6483.200195,6378.200195,6453.899902,815851600
31-10-2014,6546.5,6553.399902,6463.600098,6463.600098,1062914700
03-11-2014,6488,6559.600098,6478.5,6546.5,712567500
04-11-2014,6454,6510.299805,6444.899902,6488,816651600
05-11-2014,6539.100098,6539.100098,6454,6454,769396700
06-11-2014,6551.200195,6580.200195,6503.799805,6539.100098,799914900
07-11-2014,6567.200195,6608.200195,6551.200195,6551.200195,764955100
10-11-2014,6611.299805,6611.299805,6566.799805,6567.200195,575418400
11-11-2014,6627.399902,6632.600098,6605.299805,6611.299805,764945500
12-11-2014,6611,6629.299805,6588.899902,6627.399902,703040700
13-11-2014,6635.5,6645.899902,6596.899902,6611,721388700
14-11-2014,6654.399902,6654.399902,6610.100098,6635.5,627535100
17-11-2014,6672,6681.600098,6616.100098,6654.399902,537365300
18-11-2014,6709.100098,6714.100098,6671.799805,6672,653233800
19-11-2014,6696.600098,6718.899902,6678.100098,6709.100098,802689100
20-11-2014,6678.899902,6696.799805,6641.100098,6696.600098,640496600
21-11-2014,6750.799805,6773.100098,6678.899902,6678.899902,845575400
24-11-2014,6729.799805,6764,6720.100098,6750.799805,680406300
25-11-2014,6731.100098,6750.899902,6709.299805,6729.799805,907288200
26-11-2014,6729.200195,6765,6718.5,6731.100098,586890500
27-11-2014,6723.399902,6749.899902,6713.799805,6729.200195,517208400
28-11-2014,6722.600098,6734.700195,6667.100098,6723.399902,839390500
01-12-2014,6656.399902,6722.600098,6637.399902,6722.600098,728046400
02-12-2014,6742.100098,6744.299805,6656.399902,6656.399902,654954300
03-12-2014,6716.600098,6753.200195,6713.799805,6742.100098,707002000
04-12-2014,6679.399902,6734,6672.700195,6716.600098,699897800
05-12-2014,6742.799805,6751.299805,6679.399902,6679.399902,678464700
08-12-2014,6672.200195,6742.799805,6672.200195,6742.799805,513903800
09-12-2014,6529.5,6672.200195,6529.5,6672.200195,951132300
10-12-2014,6500,6565.799805,6500,6529.5,692354700
11-12-2014,6461.700195,6521.700195,6441.299805,6500,757393100
12-12-2014,6300.600098,6461.700195,6297.399902,6461.700195,793966500
15-12-2014,6182.700195,6356.299805,6182.700195,6300.600098,985776000
16-12-2014,6331.799805,6331.799805,6144.700195,6182.700195,1037451400
17-12-2014,6336.5,6359.700195,6240.299805,6331.799805,745851900
18-12-2014,6466,6466,6336.5,6336.5,967411900
19-12-2014,6545.299805,6566.899902,6466,6466,1144608500
22-12-2014,6576.700195,6621,6545.299805,6545.299805,483625300
23-12-2014,6598.200195,6620.5,6576.700195,6576.700195,380283900
24-12-2014,6609.899902,6618.100098,6586.100098,6598.200195,253486900
29-12-2014,6633.5,6652,6587.899902,6609.899902,350346200
30-12-2014,6547,6633.5,6528.899902,6633.5,337948000
31-12-2014,6566.100098,6578.200195,6547,6547,125563600
02-01-2015,6547.799805,6607.899902,6510.600098,6566.100098,367562200
05-01-2015,6417.200195,6576.700195,6404.5,6547.799805,728001100
06-01-2015,6366.5,6452.700195,6328.600098,6417.200195,769463100
07-01-2015,6419.799805,6459.700195,6366.5,6366.5,688211500
08-01-2015,6570,6580.799805,6419.799805,6419.799805,882740200
09-01-2015,6501.100098,6570.200195,6471.399902,6570,738488500
12-01-2015,6501.399902,6542.399902,6447.899902,6501.100098,602313100
13-01-2015,6542.200195,6558.799805,6465.200195,6501.399902,673572900
14-01-2015,6388.5,6542.200195,6353.700195,6542.200195,971256900
15-01-2015,6498.799805,6498.799805,6298.200195,6388.5,980049600
16-01-2015,6550.299805,6553.200195,6443.299805,6498.799805,805741900
19-01-2015,6585.5,6598.899902,6548,6550.299805,537915700
20-01-2015,6620.100098,6640.399902,6585.5,6585.5,677002900
21-01-2015,6728,6728,6620.100098,6620.100098,847589600
22-01-2015,6796.600098,6808.200195,6726.200195,6728,926018400
23-01-2015,6832.799805,6841.700195,6796.600098,6796.600098,839368300
26-01-2015,6852.399902,6855.899902,6790.100098,6832.799805,611915000
27-01-2015,6811.600098,6865,6773.5,6852.399902,713907000
28-01-2015,6825.899902,6863,6777.100098,6811.600098,779603800
29-01-2015,6810.600098,6825.899902,6750.200195,6825.899902,704517100
30-01-2015,6749.399902,6844,6749.399902,6810.600098,799357300
02-02-2015,6782.600098,6795.5,6732,6749.399902,757554400
03-02-2015,6871.799805,6886.299805,6782.399902,6782.600098,855708500
04-02-2015,6860,6883.5,6804.100098,6871.799805,817845800
05-02-2015,6865.899902,6870.100098,6808.200195,6860,731200400
06-02-2015,6853.399902,6886.200195,6835.5,6865.899902,648533700
09-02-2015,6837.200195,6853.399902,6778,6853.399902,620697200
10-02-2015,6829.100098,6843.899902,6788.899902,6837.200195,773108400
11-02-2015,6818.200195,6838.299805,6786.100098,6829.100098,623275800
12-02-2015,6828.100098,6854.600098,6817.200195,6818.200195,809863300
13-02-2015,6873.5,6887.600098,6828.100098,6828.100098,734854200
16-02-2015,6857.100098,6878.700195,6851.799805,6873.5,415979100
17-02-2015,6898.100098,6898.100098,6819.799805,6857.100098,612932700
18-02-2015,6898.100098,6921.299805,6876.299805,6898.100098,677405400
19-02-2015,6888.899902,6907.299805,6858.700195,6898.100098,641759700
20-02-2015,6915.200195,6920.5,6884.799805,6888.899902,764028800
23-02-2015,6912.200195,6943.600098,6885.899902,6915.200195,680805600
24-02-2015,6949.600098,6958.899902,6899.600098,6912.200195,831640000
25-02-2015,6935.399902,6955.399902,6904.899902,6949.600098,697704800
26-02-2015,6949.700195,6950,6920.5,6935.399902,782087000
27-02-2015,6946.700195,6967.200195,6929.799805,6949.700195,881579100
02-03-2015,6940.600098,6974.299805,6924.299805,6946.700195,778879400
03-03-2015,6889.100098,6963.600098,6889.100098,6940.600098,784037600
04-03-2015,6919.200195,6919.200195,6862.899902,6889.100098,741168200
05-03-2015,6961.100098,6968.600098,6914.100098,6919.200195,798406800
06-03-2015,6911.799805,6961.200195,6911.799805,6961.100098,748637900
09-03-2015,6876.5,6911.799805,6859.799805,6911.799805,670579200
10-03-2015,6702.799805,6876.899902,6702.799805,6876.5,887272000
11-03-2015,6721.5,6739,6693.799805,6702.799805,746833900
12-03-2015,6761.100098,6799.799805,6721.5,6721.5,845927100
13-03-2015,6740.600098,6777.799805,6713.5,6761.100098,710321200
16-03-2015,6804.100098,6809.100098,6740.600098,6740.600098,685731900
17-03-2015,6837.600098,6846.899902,6798.5,6804.100098,757362800
18-03-2015,6945.200195,6945.200195,6837.299805,6837.600098,772632700
19-03-2015,6962.299805,6982.799805,6929.700195,6945.200195,809174400
20-03-2015,7022.5,7024.200195,6960.799805,6962.299805,1419421400
23-03-2015,7037.700195,7037.700195,6991.399902,7022.5,673591200
24-03-2015,7019.700195,7065.100098,7012.5,7037.700195,702620900
25-03-2015,6991,7035.100098,6983.899902,7019.700195,645837600
26-03-2015,6895.299805,6991,6876.799805,6991,936518300
27-03-2015,6855,6910.600098,6839.899902,6895.299805,736697300
30-03-2015,6891.399902,6914.600098,6855,6855,639393900
31-03-2015,6773,6910.100098,6765.100098,6891.399902,900335700
01-04-2015,6809.5,6856.399902,6765.399902,6773,800482200
02-04-2015,6833.5,6849.899902,6801.299805,6809.5,575894800
07-04-2015,6961.799805,6967.700195,6833.5,6833.5,704104300
08-04-2015,6937.399902,7012.100098,6931.600098,6961.799805,865524000
09-04-2015,7015.399902,7017,6937.399902,6937.399902,698600800
10-04-2015,7089.799805,7095.399902,7015.399902,7015.399902,801926500
13-04-2015,7064.299805,7089.799805,7046.700195,7089.799805,592637100
14-04-2015,7075.299805,7086.100098,7044.600098,7064.299805,669927300
15-04-2015,7096.799805,7111.700195,7058.299805,7075.299805,722590500
16-04-2015,7060.5,7119.399902,7057.700195,7096.799805,750900800
17-04-2015,6994.600098,7093.5,6979.299805,7060.5,776519900
20-04-2015,7052.100098,7067.799805,6994.600098,6994.600098,583888000
21-04-2015,7062.899902,7105.100098,7030,7052.100098,655787700
22-04-2015,7028.200195,7092.299805,6997.200195,7062.899902,785146300
23-04-2015,7053.700195,7055.200195,6995.799805,7028.200195,714656500
24-04-2015,7070.700195,7102.600098,7051.200195,7053.700195,796682000
27-04-2015,7104,7122.700195,7025.299805,7070.700195,679761700
28-04-2015,7030.5,7104,6984,7104,796371600
29-04-2015,6946.299805,7058.200195,6945.600098,7030.5,767322400
30-04-2015,6960.600098,6970.299805,6906.200195,6946.299805,906266700
01-05-2015,6986,6995.399902,6919.399902,6960.600098,838058900
05-05-2015,6927.600098,7053.200195,6927.600098,6986,1019856100
06-05-2015,6933.700195,6974.799805,6913.5,6927.600098,883946300
07-05-2015,6887,6933.700195,6810.100098,6933.700195,945024800
08-05-2015,7046.799805,7046.799805,6885.799805,6887,1385914100
11-05-2015,7029.899902,7083.700195,7025.200195,7046.799805,792210200
12-05-2015,6933.799805,7029.899902,6887.5,7029.899902,839991900
13-05-2015,6949.600098,6989.899902,6920.700195,6933.799805,795743700
14-05-2015,6973,6977.899902,6884.600098,6949.600098,603503300
15-05-2015,6960.5,7009.399902,6937.100098,6973,703827400
18-05-2015,6968.899902,7015.5,6931.600098,6960.5,614216300
19-05-2015,6995.100098,7011.399902,6968.899902,6968.899902,778022500
20-05-2015,7007.299805,7018.700195,6962.100098,6995.100098,825148300
21-05-2015,7013.5,7026,6994.299805,7007.299805,565597600
22-05-2015,7031.700195,7061.700195,7013.5,7013.5,621811200
26-05-2015,6949,7039.600098,6930.299805,7031.700195,672679700
27-05-2015,7033.299805,7054.100098,6948.600098,6949,648739500
28-05-2015,7040.899902,7049.600098,7005.899902,7033.299805,606689900
29-05-2015,6984.399902,7069.899902,6967.899902,7040.899902,1177305700
01-06-2015,6953.600098,7037.600098,6942.700195,6984.399902,694968900
02-06-2015,6928.299805,6972.299805,6872.100098,6953.600098,864607700
03-06-2015,6950.5,6985.700195,6901.799805,6928.299805,701168000
04-06-2015,6859.200195,6950.5,6839,6950.5,783604900
05-06-2015,6804.600098,6859.200195,6785.200195,6859.200195,754508500
08-06-2015,6790,6827.200195,6781.700195,6804.600098,539187300
09-06-2015,6753.799805,6803.799805,6736.899902,6790,682109200
10-06-2015,6830.299805,6843.600098,6734.200195,6753.799805,818584900
11-06-2015,6846.700195,6870.200195,6807.299805,6830.299805,678574100
12-06-2015,6784.899902,6846.700195,6760.100098,6846.700195,592427400
15-06-2015,6710.5,6784.899902,6708.5,6784.899902,557004700
16-06-2015,6710.100098,6723.5,6656.899902,6710.5,718299200
17-06-2015,6680.600098,6731.5,6666,6710.100098,685273800
18-06-2015,6707.899902,6707.899902,6625.200195,6680.600098,773442100
19-06-2015,6710.5,6759.299805,6691.799805,6707.899902,1273130400
22-06-2015,6825.700195,6825.700195,6710.5,6710.5,749484400
23-06-2015,6834.899902,6856.5,6825.700195,6825.700195,580137000
24-06-2015,6844.799805,6873.399902,6834.299805,6834.899902,668257700
25-06-2015,6807.799805,6869,6798.799805,6844.799805,655333800
26-06-2015,6753.700195,6807.799805,6731.100098,6807.799805,597278600
29-06-2015,6620.5,6753.700195,6598.600098,6753.700195,762752000
30-06-2015,6521,6620.799805,6521,6620.5,882243000
01-07-2015,6608.600098,6637.299805,6521,6521,789588400
02-07-2015,6630.5,6647.700195,6600.399902,6608.600098,590421700
03-07-2015,6585.799805,6630.799805,6572.5,6630.5,448998200
06-07-2015,6535.700195,6585.799805,6506.700195,6585.799805,610644900
07-07-2015,6432.200195,6543.799805,6432.200195,6535.700195,767758000
08-07-2015,6490.700195,6515.100098,6430.399902,6432.200195,913111000
09-07-2015,6581.600098,6594.200195,6490.700195,6490.700195,764973200
10-07-2015,6673.399902,6687.600098,6581.600098,6581.600098,699409100
13-07-2015,6738,6743.100098,6673.399902,6673.399902,643184300
14-07-2015,6753.799805,6753.799805,6710.600098,6738,595318500
15-07-2015,6753.799805,6775.899902,6728.5,6753.799805,549549300
16-07-2015,6796.5,6805.100098,6752.100098,6753.799805,587458400
17-07-2015,6775.100098,6799.799805,6764.799805,6796.5,584213200
20-07-2015,6788.700195,6813.399902,6772.100098,6775.100098,419532500
21-07-2015,6769.100098,6800.100098,6758.799805,6788.700195,556304800
22-07-2015,6667.299805,6769.100098,6653.399902,6769.100098,693476700
23-07-2015,6655,6711.5,6644.899902,6667.299805,632287000
24-07-2015,6579.799805,6684.799805,6574,6655,644793200
27-07-2015,6505.100098,6589.5,6495.700195,6579.799805,678322600
28-07-2015,6555.299805,6569.5,6505.100098,6505.100098,709236100
29-07-2015,6631,6634,6555.299805,6555.299805,820041700
30-07-2015,6668.899902,6697.399902,6631,6631,778087100
31-07-2015,6696.299805,6705.399902,6646.299805,6668.899902,958422600
03-08-2015,6688.600098,6710.799805,6668.200195,6696.299805,679885300
04-08-2015,6686.600098,6715.5,6644.700195,6688.600098,1399430100
05-08-2015,6752.399902,6764.799805,6686.600098,6686.600098,847270800
06-08-2015,6747.100098,6763.299805,6717.5,6752.399902,691613500
07-08-2015,6718.5,6754.799805,6718.5,6747.100098,595585900
10-08-2015,6736.200195,6751.5,6653.700195,6718.5,765478700
11-08-2015,6664.5,6736.200195,6664,6736.200195,727572100
12-08-2015,6571.200195,6664.5,6536.399902,6664.5,1085554700
13-08-2015,6568.299805,6634.700195,6553.5,6571.200195,668900300
14-08-2015,6550.700195,6603.200195,6544.399902,6568.299805,577612000
17-08-2015,6550.299805,6585.899902,6507.799805,6550.700195,471278500
18-08-2015,6526.299805,6564.600098,6505.700195,6550.299805,538348700
19-08-2015,6403.5,6526.5,6403.5,6526.299805,699446800
20-08-2015,6367.899902,6408.600098,6359.700195,6403.5,728564100
21-08-2015,6187.700195,6367.899902,6187.700195,6367.899902,807243600
24-08-2015,5898.899902,6187.700195,5768.200195,6187.700195,1657266300
25-08-2015,6081.299805,6115.700195,5898.899902,5898.899902,1335924300
26-08-2015,5979.200195,6095.100098,5949.899902,6081.299805,991933700
27-08-2015,6192,6212.5,5979.200195,5979.200195,1028065800
28-08-2015,6247.899902,6247.899902,6152,6192,868831700
01-09-2015,6058.5,6247.899902,6028.700195,6247.899902,1001128800
02-09-2015,6083.299805,6161.700195,6021.399902,6058.5,769181300
03-09-2015,6194.100098,6215.700195,6083.299805,6083.299805,735720100
04-09-2015,6042.899902,6194.100098,6040.5,6194.100098,743172100
07-09-2015,6074.5,6125.700195,6042.899902,6042.899902,464760500
08-09-2015,6146.100098,6196.5,6074.5,6074.5,664577700
09-09-2015,6229,6284.200195,6146.100098,6146.100098,734267900
10-09-2015,6155.799805,6229,6127.5,6229,749536800
11-09-2015,6117.799805,6174.299805,6113.100098,6155.799805,584620900
14-09-2015,6084.600098,6191.799805,6065.399902,6117.799805,598665000
15-09-2015,6137.600098,6158.100098,6019.899902,6084.600098,706522000
16-09-2015,6229.200195,6244.899902,6137.600098,6137.600098,818994800
17-09-2015,6187,6239.899902,6182.600098,6229.200195,836839300
18-09-2015,6104.100098,6188.700195,6053.899902,6187,1508172800
21-09-2015,6108.700195,6168.700195,6083.600098,6104.100098,697537600
22-09-2015,5935.799805,6111.600098,5935.799805,6108.700195,941657100
23-09-2015,6032.200195,6067.600098,5933.200195,5935.799805,725707700
24-09-2015,5961.5,6055.600098,5947.200195,6032.200195,867489200
25-09-2015,6109,6120.700195,5961.5,5961.5,837519200
28-09-2015,5958.899902,6110.299805,5958.899902,6109,968395200
29-09-2015,5909.200195,5958.899902,5877.100098,5958.899902,1000021900
30-09-2015,6061.600098,6061.600098,5909.200195,5909.200195,1018944000
01-10-2015,6072.5,6172.799805,6053.299805,6061.600098,847372200
02-10-2015,6130,6176.200195,6051.600098,6072.5,861807200
05-10-2015,6298.899902,6301.100098,6130,6130,863396300
06-10-2015,6326.200195,6343.700195,6255.100098,6298.899902,737901800
07-10-2015,6336.399902,6396.299805,6319.799805,6326.200195,985472100
08-10-2015,6374.799805,6380.299805,6303.5,6336.399902,720040900
09-10-2015,6416.200195,6453.200195,6374.799805,6374.799805,745150000
12-10-2015,6371.200195,6416.200195,6351.299805,6416.200195,535951300
13-10-2015,6342.299805,6371.200195,6303,6371.200195,700891400
14-10-2015,6269.600098,6342.299805,6268.299805,6342.299805,638445300
15-10-2015,6338.700195,6351.399902,6269.600098,6269.600098,644982700
16-10-2015,6378,6398.200195,6338.700195,6338.700195,592309300
19-10-2015,6352.299805,6408.100098,6336.299805,6378,476841500
20-10-2015,6345.100098,6367.799805,6319.299805,6352.299805,574547000
21-10-2015,6348.399902,6387.299805,6316.299805,6345.100098,596747600
22-10-2015,6376.299805,6387.299805,6321.700195,6348.399902,718398200
23-10-2015,6444.100098,6487.899902,6376.299805,6376.299805,749535500
26-10-2015,6417,6453,6405.399902,6444.100098,441044400
27-10-2015,6365.299805,6419.600098,6365.299805,6417,564355600
28-10-2015,6437.799805,6448.5,6355.799805,6365.299805,819718100
29-10-2015,6395.799805,6437.899902,6358.200195,6437.799805,826622300
30-10-2015,6361.100098,6410.299805,6337.700195,6395.799805,716340400
02-11-2015,6361.799805,6364.399902,6317.299805,6361.100098,506603500
03-11-2015,6383.600098,6383.600098,6344.700195,6361.799805,608961200
04-11-2015,6412.899902,6459.5,6383,6383.600098,759872100
05-11-2015,6364.899902,6421.799805,6358.100098,6412.899902,722038900
06-11-2015,6353.799805,6395.200195,6332.700195,6364.899902,711572600
09-11-2015,6295.200195,6380.399902,6292.100098,6353.799805,658685600
10-11-2015,6275.299805,6329.700195,6250.299805,6295.200195,725649900
11-11-2015,6297.200195,6327.200195,6272.700195,6275.299805,618113900
12-11-2015,6178.700195,6300.899902,6178.700195,6297.200195,826908500
13-11-2015,6118.299805,6179,6088.799805,6178.700195,681574100
16-11-2015,6146.399902,6161.899902,6079.799805,6118.299805,602945000
17-11-2015,6268.799805,6269.399902,6146.399902,6146.399902,697486200
18-11-2015,6279,6283.899902,6228.200195,6268.799805,615094500
19-11-2015,6329.899902,6366.899902,6279,6279,752196900
20-11-2015,6334.600098,6360.700195,6311.799805,6329.899902,808632500
23-11-2015,6305.5,6334.600098,6267.100098,6334.600098,585321500
24-11-2015,6277.200195,6305.5,6221.299805,6305.5,854059000
25-11-2015,6337.600098,6348.100098,6277.200195,6277.200195,673258600
26-11-2015,6393.100098,6395.299805,6333.899902,6337.600098,453793700
27-11-2015,6375.200195,6393.100098,6345.299805,6393.100098,471764000
30-11-2015,6356.100098,6387.100098,6329.899902,6375.200195,834458200
01-12-2015,6395.700195,6402.399902,6356.100098,6356.100098,784743400
02-12-2015,6420.899902,6447.299805,6395.200195,6395.700195,566098900
03-12-2015,6275,6444.700195,6275,6420.899902,793356800
04-12-2015,6238.299805,6277.600098,6219.5,6275,662790200
07-12-2015,6223.5,6287.200195,6215.200195,6238.299805,542255600
08-12-2015,6135.200195,6224.899902,6120.700195,6223.5,790574400
09-12-2015,6126.700195,6175.799805,6101.200195,6135.200195,751852900
10-12-2015,6088.100098,6127.100098,6080,6126.700195,838093600
11-12-2015,5952.799805,6088.100098,5949.799805,6088.100098,805984900
14-12-2015,5874.100098,6009.899902,5871.899902,5952.799805,781019600
15-12-2015,6017.799805,6036.700195,5874.100098,5874.100098,811231700
16-12-2015,6061.200195,6089.299805,6016.299805,6017.799805,750664600
17-12-2015,6102.5,6160.799805,6061.200195,6061.200195,725125100
18-12-2015,6052.399902,6105.600098,6051.700195,6102.5,1234966800
21-12-2015,6034.799805,6114,6034.799805,6052.399902,545001400
22-12-2015,6083.100098,6090.600098,6031.799805,6034.799805,424323400
23-12-2015,6241,6248.5,6083.100098,6083.100098,578630000
24-12-2015,6254.600098,6259.899902,6236.899902,6241,108851800
29-12-2015,6314.600098,6314.600098,6245.200195,6254.600098,448441700
30-12-2015,6274.100098,6314.600098,6261.5,6314.600098,327817500
31-12-2015,6242.299805,6278.299805,6233,6274.100098,161427100
04-01-2016,6093.399902,6242.299805,6071,6242.299805,686232700
05-01-2016,6137.200195,6166.299805,6079.200195,6093.399902,624070800
06-01-2016,6073.399902,6137.200195,6018.700195,6137.200195,699957700
07-01-2016,5954.100098,6073.399902,5888,6073.399902,1054315500
08-01-2016,5912.399902,6013.399902,5912.399902,5954.100098,809964200
11-01-2016,5871.799805,5941.899902,5871.799805,5912.399902,817313600
12-01-2016,5929.200195,5985.799805,5866.700195,5871.799805,806737100
13-01-2016,5961,6011.100098,5929.200195,5929.200195,809502200
14-01-2016,5918.200195,5961,5829.299805,5961,1067078800
15-01-2016,5804.100098,5934.600098,5769.200195,5918.200195,1084338100
18-01-2016,5779.899902,5852.100098,5766.5,5804.100098,718879400
19-01-2016,5876.799805,5915.700195,5779.899902,5779.899902,808697900
20-01-2016,5673.600098,5876.799805,5639.899902,5876.799805,1035052400
21-01-2016,5773.799805,5781.200195,5659.200195,5673.600098,1089335700
22-01-2016,5900,5926.899902,5773.799805,5773.799805,879968100
25-01-2016,5877,5933.5,5851.799805,5900,803777200
26-01-2016,5911.5,5919.200195,5771.399902,5877,852296000
27-01-2016,5990.399902,5990.399902,5870.799805,5911.5,875026000
28-01-2016,5931.799805,6020.5,5889.399902,5990.399902,892436800
29-01-2016,6083.799805,6083.799805,5931.799805,5931.799805,988153400
01-02-2016,6060.100098,6115.100098,5993.799805,6083.799805,808643200
02-02-2016,5922,6060.5,5889.600098,6060.100098,986962800
03-02-2016,5837.100098,5924.600098,5791,5922,996202200
04-02-2016,5898.799805,5938.100098,5831.100098,5837.100098,1021666600
05-02-2016,5848.100098,5945.899902,5839.399902,5898.799805,954158300
08-02-2016,5689.399902,5882.399902,5666.100098,5848.100098,995838800
09-02-2016,5632.200195,5739.299805,5596.299805,5689.399902,1146904600
10-02-2016,5672.299805,5712.799805,5616.899902,5632.200195,994634100
11-02-2016,5537,5672.299805,5499.5,5672.299805,1068310100
12-02-2016,5707.600098,5707.600098,5537,5537,1083597100
15-02-2016,5824.299805,5844.5,5707.600098,5707.600098,724655800
16-02-2016,5862.200195,5880.700195,5812.5,5824.299805,771095900
17-02-2016,6030.299805,6030.299805,5862.200195,5862.200195,948753000
18-02-2016,5972,6036.5,5948.299805,6030.299805,809867000
19-02-2016,5950.200195,6001.200195,5916.299805,5972,692901300
22-02-2016,6037.700195,6065.799805,5950.200195,5950.200195,822107000
23-02-2016,5962.299805,6037.700195,5954.200195,6037.700195,747386200
24-02-2016,5867.200195,5966.700195,5845.600098,5962.299805,834682500
25-02-2016,6012.799805,6029,5867.200195,5867.200195,999956900
26-02-2016,6096,6115.399902,6012.799805,6012.799805,858937600
29-02-2016,6097.100098,6105,6033.200195,6096,941705500
01-03-2016,6152.899902,6153.799805,6070.5,6097.100098,933626200
02-03-2016,6147.100098,6194,6097.799805,6152.899902,904552300
03-03-2016,6130.5,6173.700195,6108.399902,6147.100098,902840400
04-03-2016,6199.399902,6204.100098,6130.5,6130.5,866051300
07-03-2016,6182.399902,6216.100098,6125.600098,6199.399902,817955900
08-03-2016,6125.399902,6182.5,6101.899902,6182.399902,913517000
09-03-2016,6146.299805,6174.799805,6118.200195,6125.399902,758331300
10-03-2016,6036.700195,6203.399902,6036.700195,6146.299805,1056246900
11-03-2016,6139.799805,6150.899902,6036.700195,6036.700195,721703700
14-03-2016,6174.600098,6197.799805,6139.799805,6139.799805,688585100
15-03-2016,6140,6174.600098,6114.799805,6174.600098,700313300
16-03-2016,6175.5,6186.200195,6134.299805,6140,700761300
17-03-2016,6201.100098,6220,6125.700195,6175.5,832614900
18-03-2016,6189.600098,6237,6186.200195,6201.100098,1129194800
21-03-2016,6184.600098,6215.299805,6154.100098,6189.600098,532073700
22-03-2016,6192.700195,6193.5,6110.399902,6184.600098,738984400
23-03-2016,6199.100098,6216.799805,6171.100098,6192.700195,621495500
24-03-2016,6106.5,6199.100098,6090,6199.100098,625282200
29-03-2016,6105.899902,6156.700195,6070.799805,6106.5,596325500
30-03-2016,6203.200195,6221.799805,6105.899902,6105.899902,803811000
31-03-2016,6174.899902,6203.399902,6149.799805,6203.200195,746399600
01-04-2016,6146.100098,6174.899902,6076.899902,6174.899902,747479000
04-04-2016,6164.700195,6202,6132.899902,6146.100098,546684700
05-04-2016,6091.200195,6164.700195,6061.899902,6164.700195,826023000
06-04-2016,6161.600098,6161.600098,6091.200195,6091.200195,738661300
07-04-2016,6136.899902,6204.100098,6119.399902,6161.600098,761729900
08-04-2016,6204.399902,6216.299805,6136.899902,6136.899902,622127800
11-04-2016,6200.100098,6229.700195,6165.5,6204.399902,552586500
12-04-2016,6242.399902,6248.299805,6176.299805,6200.100098,690137700
13-04-2016,6362.899902,6362.899902,6242.399902,6242.399902,957136100
14-04-2016,6365.100098,6373.899902,6335.399902,6362.899902,853106400
15-04-2016,6343.799805,6372.5,6328.200195,6365.100098,780841700
18-04-2016,6353.5,6354.899902,6261.700195,6343.799805,594992600
19-04-2016,6405.399902,6418.299805,6353.5,6353.5,808478400
20-04-2016,6410.299805,6421.899902,6367.399902,6405.399902,814753100
21-04-2016,6381.399902,6427.299805,6352.899902,6410.299805,831612200
22-04-2016,6310.399902,6381.600098,6289.299805,6381.399902,675930800
25-04-2016,6260.899902,6324.600098,6249.299805,6310.399902,688678400
26-04-2016,6284.5,6297.899902,6260.899902,6260.899902,776825800
27-04-2016,6319.899902,6319.899902,6255.200195,6284.5,822361600
28-04-2016,6322.399902,6322.399902,6224.5,6319.899902,861757000
29-04-2016,6241.899902,6322.399902,6241.899902,6322.399902,865553800
03-05-2016,6185.600098,6270,6159.899902,6241.899902,869478400
04-05-2016,6112,6185.600098,6100.799805,6185.600098,775563200
05-05-2016,6117.299805,6152.600098,6102.299805,6112,713231200
06-05-2016,6125.700195,6129.899902,6054.700195,6117.299805,698735000
09-05-2016,6114.799805,6177.600098,6108.399902,6125.700195,669494900
10-05-2016,6156.700195,6180.200195,6114.799805,6114.799805,652991800
11-05-2016,6162.5,6172.700195,6131.200195,6156.700195,573062300
12-05-2016,6104.200195,6193.200195,6094.100098,6162.5,698762400
13-05-2016,6138.5,6138.5,6060.100098,6104.200195,646363000
16-05-2016,6151.399902,6157.200195,6092.200195,6138.5,445329500
17-05-2016,6167.799805,6215.899902,6147.200195,6151.399902,758810700
18-05-2016,6165.799805,6169.299805,6116,6167.799805,887529400
19-05-2016,6053.399902,6165.799805,6050.200195,6165.799805,936494700
20-05-2016,6156.299805,6156.5,6053.399902,6053.399902,780582600
23-05-2016,6136.399902,6173.100098,6122.600098,6156.299805,653011400
24-05-2016,6219.299805,6231.899902,6109.600098,6136.399902,833810600
25-05-2016,6262.899902,6270.299805,6219.299805,6219.299805,870436700
26-05-2016,6265.700195,6281.700195,6243.5,6262.899902,665573200
27-05-2016,6270.799805,6275.899902,6250.299805,6265.700195,559788200
31-05-2016,6230.799805,6290.100098,6230.100098,6270.799805,1329032900
01-06-2016,6191.899902,6233.200195,6151.899902,6230.799805,887239300
02-06-2016,6185.600098,6220.299805,6173.100098,6191.899902,892214700
03-06-2016,6209.600098,6251.700195,6168.200195,6185.600098,640902800
06-06-2016,6273.399902,6301.600098,6209.600098,6209.600098,732583800
07-06-2016,6284.5,6322.600098,6273.399902,6273.399902,690004500
08-06-2016,6301.5,6304.5,6263.799805,6284.5,643216300
09-06-2016,6231.899902,6301.700195,6229.100098,6301.5,668485600
10-06-2016,6115.799805,6231.899902,6097.200195,6231.899902,725887400
13-06-2016,6045,6115.799805,6045,6115.799805,827452100
14-06-2016,5923.5,6045,5921.700195,6045,954027400
15-06-2016,5966.799805,6007.5,5923.399902,5923.5,856010000
16-06-2016,5950.5,5966.799805,5900,5966.799805,791476800
17-06-2016,6021.100098,6046.100098,5950.5,5950.5,1274460400
20-06-2016,6204,6236.5,6021.100098,6021.100098,979119000
21-06-2016,6226.600098,6250.200195,6156.200195,6204,816749300
22-06-2016,6261.200195,6315.600098,6222,6226.600098,858110900
23-06-2016,6338.100098,6380.600098,6261.200195,6261.200195,887921000
24-06-2016,6138.700195,6338.600098,5788.700195,6338.100098,3761301300
27-06-2016,5982.200195,6138.700195,5958.700195,6138.700195,2430429000
28-06-2016,6140.399902,6170.299805,5982.200195,5982.200195,1545515100
29-06-2016,6360.100098,6360.100098,6140.399902,6140.399902,1458617500
30-06-2016,6504.299805,6504.299805,6310,6360.100098,1515147700
01-07-2016,6577.799805,6587.399902,6498.600098,6504.299805,1066211600
04-07-2016,6522.299805,6612.100098,6514.799805,6577.799805,748239600
05-07-2016,6545.399902,6561.600098,6472.299805,6522.299805,1142087300
06-07-2016,6463.600098,6580.299805,6432.5,6545.399902,1566032200
07-07-2016,6533.799805,6579.299805,6463.600098,6463.600098,1017465800
08-07-2016,6590.600098,6605.799805,6515.200195,6533.799805,909700100
11-07-2016,6682.899902,6695.100098,6590.600098,6590.600098,939285500
12-07-2016,6680.700195,6703.100098,6663.700195,6682.899902,1130427300
13-07-2016,6670.399902,6717.200195,6654.600098,6680.700195,1028320400
14-07-2016,6654.5,6743.399902,6648.399902,6670.399902,896411400
15-07-2016,6669.200195,6669.200195,6616.5,6654.5,814067900
18-07-2016,6695.399902,6715.600098,6653.700195,6669.200195,851731500
19-07-2016,6697.399902,6711.700195,6660.899902,6695.399902,615693000
20-07-2016,6729,6736.600098,6694.399902,6697.399902,744699200
21-07-2016,6699.899902,6732.100098,6694.5,6729,785375100
22-07-2016,6730.5,6735.899902,6663.700195,6699.899902,694731500
25-07-2016,6710.100098,6756.100098,6691,6730.5,661596700
26-07-2016,6724,6744.799805,6708.600098,6710.100098,715629500
27-07-2016,6750.399902,6780.100098,6723.700195,6724,762916700
28-07-2016,6721.100098,6762.700195,6718.899902,6750.399902,1204906600
29-07-2016,6724.399902,6740.5,6691.100098,6721.100098,896711900
01-08-2016,6694,6769.399902,6678.5,6724.399902,705878400
02-08-2016,6645.399902,6694.100098,6630.799805,6694,797367100
03-08-2016,6634.399902,6673.600098,6621.399902,6645.399902,773167000
04-08-2016,6740.200195,6749.700195,6615.799805,6634.399902,975076700
05-08-2016,6793.5,6802.399902,6738.600098,6740.200195,854685300
08-08-2016,6809.100098,6829.5,6781.5,6793.5,731849100
09-08-2016,6851.299805,6863.100098,6807.799805,6809.100098,843228100
10-08-2016,6866.399902,6866.399902,6820,6851.299805,714543400
11-08-2016,6914.700195,6914.700195,6812.700195,6866.399902,735360000
12-08-2016,6916,6931,6896,6914.700195,666188200
15-08-2016,6941.200195,6955.299805,6907.200195,6916,534981000
16-08-2016,6893.899902,6941.200195,6893.899902,6941.200195,624313400
17-08-2016,6859.200195,6920.799805,6849.899902,6893.899902,694905300
18-08-2016,6869,6893.399902,6850.600098,6859.200195,562282600
19-08-2016,6859,6871.5,6840.899902,6869,682389000
22-08-2016,6828.5,6884.600098,6812.100098,6859,598174100
23-08-2016,6868.5,6885.399902,6828.5,6828.5,714675900
24-08-2016,6835.799805,6868.5,6825.200195,6868.5,725713700
25-08-2016,6816.899902,6836.200195,6779.200195,6835.799805,637936600
26-08-2016,6838.100098,6857.299805,6798.799805,6816.899902,516535900
30-08-2016,6820.799805,6851.799805,6808.100098,6838.100098,721583800
31-08-2016,6781.5,6832.899902,6779.5,6820.799805,914533800
01-09-2016,6746,6826.200195,6723.200195,6781.5,962003800
02-09-2016,6894.600098,6928.299805,6746,6746,1148353400
05-09-2016,6879.399902,6910.700195,6867.100098,6894.600098,556659100
06-09-2016,6826.100098,6887.899902,6819,6879.399902,666479900
07-09-2016,6846.600098,6856.100098,6814.899902,6826.100098,910691300
08-09-2016,6858.700195,6889.600098,6819.799805,6846.600098,784127900
09-09-2016,6777,6862.399902,6762.299805,6858.700195,768674900
12-09-2016,6700.899902,6777,6654.5,6777,861327100
13-09-2016,6665.600098,6724.700195,6665.600098,6700.899902,839927300
14-09-2016,6673.299805,6720.299805,6665.600098,6665.600098,676448700
15-09-2016,6730.299805,6736.799805,6654.799805,6673.299805,747305800
16-09-2016,6710.299805,6746.299805,6692.700195,6730.299805,1346126200
19-09-2016,6813.600098,6814,6710.299805,6710.299805,685155700
20-09-2016,6830.799805,6869.100098,6798,6813.600098,695070600
21-09-2016,6834.799805,6879.799805,6830.5,6830.799805,700988900
22-09-2016,6911.399902,6937.299805,6834.799805,6834.799805,733328200
23-09-2016,6909.399902,6920.200195,6882.600098,6911.399902,738083700
26-09-2016,6818,6909.600098,6806.5,6909.399902,772058900
27-09-2016,6807.700195,6865.5,6768.899902,6818,822515600
28-09-2016,6849.399902,6878.200195,6807.700195,6807.700195,735753900
29-09-2016,6919.399902,6941.100098,6849.399902,6849.399902,833301000
30-09-2016,6899.299805,6919.399902,6809.5,6919.399902,1148617200
03-10-2016,6983.5,6996.399902,6898.100098,6899.299805,723046300
04-10-2016,7074.299805,7121.899902,6983.5,6983.5,1411305400
05-10-2016,7033.299805,7076.700195,7024.100098,7074.299805,941050600
06-10-2016,7000,7049.299805,7000,7033.299805,796980200
07-10-2016,7044.399902,7079.299805,7000,7000,1359993500
10-10-2016,7097.5,7104.5,7024.100098,7044.399902,848672800
11-10-2016,7070.899902,7129.799805,7061.399902,7097.5,954215200
12-10-2016,7024,7079.399902,7015.799805,7070.899902,910363500
13-10-2016,6977.700195,7024,6930,7024,1010365100
14-10-2016,7013.600098,7055.200195,6977.700195,6977.700195,846003100
17-10-2016,6947.600098,7013.600098,6937.399902,7013.600098,705888600
18-10-2016,7000.100098,7033,6946.399902,6947.600098,795838600
19-10-2016,7021.899902,7031.200195,6975.899902,7000.100098,798401200
20-10-2016,7026.899902,7047.600098,6998.799805,7021.899902,819201600
21-10-2016,7020.5,7058.399902,7011.100098,7026.899902,735110600
24-10-2016,6986.399902,7067.299805,6983.399902,7020.5,657275100
25-10-2016,7017.600098,7067.200195,6985.899902,6986.399902,836098700
26-10-2016,6958.100098,7017.600098,6917.799805,7017.600098,911701300
27-10-2016,6986.600098,7003.899902,6924.100098,6958.100098,932928900
28-10-2016,6996.299805,7006.399902,6927.200195,6986.600098,927919200
31-10-2016,6954.200195,6996.299805,6945.299805,6996.299805,786510100
01-11-2016,6917.100098,6993.799805,6903.600098,6954.200195,757445500
02-11-2016,6845.399902,6917.100098,6845.399902,6917.100098,773904700
03-11-2016,6790.5,6873.200195,6790.5,6845.399902,1051387600
04-11-2016,6693.299805,6790.5,6676.600098,6790.5,875842600
07-11-2016,6806.899902,6806.899902,6693.299805,6693.299805,862189600
08-11-2016,6843.100098,6849.299805,6795.100098,6806.899902,807294400
09-11-2016,6911.799805,6911.799805,6696.299805,6843.100098,1364332200
10-11-2016,6828,6997.299805,6799.100098,6911.799805,1691621700
11-11-2016,6730.399902,6849,6709.700195,6828,1079211900
14-11-2016,6753.200195,6814.200195,6730.399902,6730.399902,1053182100
15-11-2016,6792.700195,6820.5,6753.200195,6753.200195,1123112200
16-11-2016,6749.700195,6810.5,6735.700195,6792.700195,850998000
17-11-2016,6794.700195,6798.799805,6745.100098,6749.700195,826252500
18-11-2016,6775.799805,6811.600098,6740.299805,6794.700195,866734900
21-11-2016,6778,6820.899902,6754.200195,6775.799805,781736600
22-11-2016,6819.700195,6851.399902,6778,6778,896754300
23-11-2016,6817.700195,6880.700195,6779.5,6819.700195,773975400
24-11-2016,6829.200195,6831.200195,6790.700195,6817.700195,491417000
25-11-2016,6840.799805,6852.100098,6818.100098,6829.200195,477578100
28-11-2016,6799.5,6841,6769.799805,6840.799805,688383900
29-11-2016,6772,6800.899902,6729.399902,6799.5,772231500
30-11-2016,6783.799805,6845.700195,6765.200195,6772,1331987200
01-12-2016,6752.899902,6789.299805,6688.399902,6783.799805,938011500
02-12-2016,6730.700195,6752.899902,6678.700195,6752.899902,687199300
05-12-2016,6746.799805,6799.5,6697.700195,6730.700195,790521700
06-12-2016,6779.799805,6785.299805,6723.100098,6746.799805,845397500
07-12-2016,6902.200195,6902.200195,6779.799805,6779.799805,1161379200
08-12-2016,6931.600098,6937.5,6892.200195,6902.200195,1019417900
09-12-2016,6954.200195,6962.299805,6929.5,6931.600098,803052200
12-12-2016,6890.399902,6976.799805,6875.399902,6954.200195,917840600
13-12-2016,6968.600098,6978,6877.5,6890.399902,905452400
14-12-2016,6949.200195,6970.5,6942,6968.600098,971286400
15-12-2016,6999,7010.5,6925.899902,6949.200195,1064458500
16-12-2016,7011.600098,7038.399902,6990.399902,6999,1113082800
19-12-2016,7017.200195,7025.700195,6986.399902,7011.600098,626061400
20-12-2016,7044,7045.200195,6992.600098,7017.200195,721985200
21-12-2016,7041.399902,7057,7025.700195,7044,600551300
22-12-2016,7063.700195,7063.700195,7020.100098,7041.399902,468663000
23-12-2016,7068.200195,7071.100098,7054.600098,7063.700195,186159300
28-12-2016,7106.100098,7109.399902,7060.899902,7068.200195,470755300
29-12-2016,7120.299805,7120.299805,7074.5,7106.100098,383620400
30-12-2016,7142.799805,7142.799805,7087.5,7120.299805,316700000
03-01-2017,7177.899902,7205.5,7142.799805,7142.799805,795658400
04-01-2017,7189.700195,7189.700195,7168.799805,7177.899902,742050400
05-01-2017,7195.299805,7212,7172.799805,7189.700195,768721000
06-01-2017,7210.100098,7210.100098,7180.600098,7195.299805,694323700
09-01-2017,7237.799805,7243.799805,7207.399902,7210.100098,705536400
10-01-2017,7275.5,7284.799805,7237.299805,7237.799805,933682800
11-01-2017,7290.5,7328.5,7257.200195,7275.5,878535700
12-01-2017,7292.399902,7302.299805,7263.399902,7290.5,831909900
13-01-2017,7337.799805,7338.5,7292.399902,7292.399902,811899400
16-01-2017,7327.100098,7354.100098,7320.5,7337.799805,633737000
17-01-2017,7220.399902,7329.299805,7220.399902,7327.100098,879279000
18-01-2017,7247.600098,7260.5,7218.399902,7220.399902,795536000
19-01-2017,7208.399902,7249.600098,7191.700195,7247.600098,748413500
20-01-2017,7198.399902,7221,7193.700195,7208.399902,819057000
23-01-2017,7151.200195,7198.399902,7131.5,7198.399902,714162600
24-01-2017,7150.299805,7190.200195,7144.399902,7151.200195,1071108500
25-01-2017,7164.399902,7205.700195,7150.299805,7150.299805,989914700
26-01-2017,7161.5,7184.799805,7151.299805,7164.399902,905662800
27-01-2017,7184.5,7184.700195,7150.799805,7161.5,876491800
30-01-2017,7118.5,7184.700195,7105.700195,7184.5,890006700
31-01-2017,7099.200195,7162.5,7099.200195,7118.5,959011000
01-02-2017,7107.700195,7170.200195,7099.200195,7099.200195,785299200
02-02-2017,7140.799805,7163.899902,7093.600098,7107.700195,880030800
03-02-2017,7188.299805,7202.399902,7133.600098,7140.799805,786535500
06-02-2017,7172.200195,7208.700195,7165.200195,7188.299805,614802900
07-02-2017,7186.200195,7227.200195,7159.600098,7172.200195,770251300
08-02-2017,7188.799805,7195.899902,7147.200195,7186.200195,935233800
09-02-2017,7229.5,7238.700195,7183.100098,7188.799805,781741400
10-02-2017,7258.799805,7274.799805,7229.5,7229.5,875649700
13-02-2017,7278.899902,7298.5,7257.700195,7258.799805,645414300
14-02-2017,7268.600098,7292.700195,7251.799805,7278.899902,756312200
15-02-2017,7302.399902,7313.399902,7268.600098,7268.600098,716447200
16-02-2017,7277.899902,7302.399902,7260.700195,7302.399902,684054500
17-02-2017,7300,7307.100098,7253.200195,7277.899902,801785200
20-02-2017,7299.899902,7329.600098,7283.299805,7300,635938500
21-02-2017,7274.799805,7319,7267.5,7299.899902,896954200
22-02-2017,7302.299805,7314.299805,7274.700195,7274.799805,1146291800
23-02-2017,7271.399902,7310.100098,7262.899902,7302.299805,1065322800
24-02-2017,7243.700195,7271.899902,7192.5,7271.399902,855350300
27-02-2017,7253,7285.200195,7239.700195,7243.700195,831112100
28-02-2017,7263.399902,7284.200195,7246.600098,7253,981918400
01-03-2017,7382.899902,7383.100098,7263.399902,7263.399902,1035866400
02-03-2017,7382.399902,7394.600098,7372.700195,7382.899902,927106800
03-03-2017,7374.299805,7382.399902,7353.600098,7382.399902,850603100
06-03-2017,7350.100098,7374.299805,7338.899902,7374.299805,738066600
07-03-2017,7339,7363.700195,7335.299805,7350.100098,844760300
08-03-2017,7334.600098,7354.5,7315.899902,7339,866234700
09-03-2017,7315,7336.299805,7263.600098,7334.600098,1045803400
10-03-2017,7343.100098,7373,7315,7315,919722100
13-03-2017,7367.100098,7377.399902,7342,7343.100098,687295500
14-03-2017,7357.899902,7386.200195,7339.299805,7367.100098,842511400
15-03-2017,7368.600098,7383.299805,7357.600098,7357.899902,833084500
16-03-2017,7416,7444.600098,7368.600098,7368.600098,1082219200
17-03-2017,7425,7447,7402.600098,7416,1516668800
20-03-2017,7429.799805,7433.700195,7400,7425,611042100
21-03-2017,7378.299805,7440.899902,7360.700195,7429.799805,846963600
22-03-2017,7324.700195,7378.399902,7301.799805,7378.299805,904591800
23-03-2017,7340.700195,7346.399902,7307.700195,7324.700195,786539600
24-03-2017,7336.799805,7351.600098,7322.899902,7340.700195,633190500
27-03-2017,7293.5,7336.799805,7255.799805,7336.799805,779235000
28-03-2017,7343.399902,7349.600098,7285.799805,7293.5,791143500
29-03-2017,7373.700195,7373.700195,7313.899902,7343.399902,779343400
30-03-2017,7369.5,7384.799805,7340.299805,7373.700195,760967600
31-03-2017,7322.899902,7369.600098,7322.899902,7369.5,957012600
03-04-2017,7282.700195,7350.299805,7280.799805,7322.899902,746218600
04-04-2017,7321.799805,7324.600098,7282.700195,7282.700195,786153000
05-04-2017,7331.700195,7362.600098,7321.799805,7321.799805,749886800
06-04-2017,7303.200195,7331.700195,7258.100098,7331.700195,887193100
07-04-2017,7349.399902,7349.399902,7284.700195,7303.200195,780587700
10-04-2017,7348.899902,7359.299805,7337,7349.399902,668786200
11-04-2017,7365.5,7406.399902,7332.600098,7348.899902,796050600
12-04-2017,7349,7402.399902,7348.799805,7365.5,888411200
13-04-2017,7327.600098,7349,7298.899902,7349,715928200
18-04-2017,7147.5,7327.600098,7147.5,7327.600098,1039110900
19-04-2017,7114.399902,7151.200195,7114.399902,7147.5,1018754400
20-04-2017,7118.5,7127.600098,7096.799805,7114.399902,830708700
21-04-2017,7114.600098,7134.5,7104.200195,7118.5,896918700
24-04-2017,7264.700195,7273.899902,7114.600098,7114.600098,1027266000
25-04-2017,7275.600098,7290.799805,7258.700195,7264.700195,835369300
26-04-2017,7288.700195,7302.600098,7262.299805,7275.600098,860455200
27-04-2017,7237.200195,7289.399902,7224.399902,7288.700195,1094741200
28-04-2017,7203.899902,7243.299805,7197.299805,7237.200195,1148718800
02-05-2017,7250.100098,7254.299805,7203.899902,7203.899902,910924000
03-05-2017,7234.5,7250.100098,7218.600098,7250.100098,766336200
04-05-2017,7248.100098,7280.700195,7226.100098,7234.5,918713600
05-05-2017,7297.399902,7297.399902,7222.799805,7248.100098,881277700
08-05-2017,7300.899902,7322.299805,7285.799805,7297.399902,716672700
09-05-2017,7342.200195,7359.600098,7300.899902,7300.899902,707206200
10-05-2017,7385.200195,7398.600098,7331.299805,7342.200195,822815300
11-05-2017,7386.600098,7396.200195,7369.200195,7385.200195,956757900
12-05-2017,7435.399902,7435.399902,7381.700195,7386.600098,852716600
15-05-2017,7454.399902,7460.200195,7434.200195,7435.399902,831966500
16-05-2017,7522,7533.700195,7452.399902,7454.399902,1010009800
17-05-2017,7503.5,7533,7478.899902,7522,989995900
18-05-2017,7436.399902,7503.700195,7389.299805,7503.5,981827100
19-05-2017,7470.700195,7480.299805,7436.399902,7436.399902,820231400
22-05-2017,7496.299805,7518.100098,7470.700195,7470.700195,672758000
23-05-2017,7485.299805,7521.899902,7485.299805,7496.299805,678940100
24-05-2017,7514.899902,7519.600098,7475.100098,7485.299805,823078300
25-05-2017,7517.700195,7529.700195,7497.100098,7514.899902,620554600
26-05-2017,7547.600098,7554.200195,7514.399902,7517.700195,773534000
30-05-2017,7526.5,7547.700195,7497.100098,7547.600098,737736400
31-05-2017,7520,7586.5,7519.700195,7526.5,1864745500
01-06-2017,7543.799805,7558.600098,7518.299805,7520,859764100
02-06-2017,7547.600098,7599,7540,7543.799805,799553200
05-06-2017,7525.799805,7562,7519.100098,7547.600098,606693000
06-06-2017,7525,7527.600098,7502.799805,7525.799805,842102100
07-06-2017,7478.600098,7555.600098,7476.299805,7525,874514700
08-06-2017,7450,7489.700195,7450,7478.600098,867765500
09-06-2017,7527.299805,7545.100098,7449.700195,7450,1079740000
12-06-2017,7511.899902,7540.5,7483.600098,7527.299805,691742100
13-06-2017,7500.399902,7540.100098,7491.899902,7511.899902,759155200
14-06-2017,7474.399902,7545.100098,7474.399902,7500.399902,943048700
15-06-2017,7419.399902,7474.5,7377.899902,7474.399902,985057200
16-06-2017,7463.5,7479,7419.399902,7419.399902,1889237700
19-06-2017,7523.799805,7537.799805,7463.5,7463.5,551165300
20-06-2017,7472.700195,7561.100098,7472.700195,7523.799805,1005340300
21-06-2017,7447.799805,7477.200195,7417.5,7472.700195,843652400
22-06-2017,7439.299805,7448.5,7398.799805,7447.799805,789287000
23-06-2017,7424.100098,7441.799805,7396.799805,7439.299805,608960600
26-06-2017,7446.799805,7481,7424.100098,7424.100098,702710000
27-06-2017,7434.399902,7451.700195,7411.399902,7446.799805,704817400
28-06-2017,7387.799805,7445.299805,7381.399902,7434.399902,833666400
29-06-2017,7350.299805,7452,7341.799805,7387.799805,930392000
30-06-2017,7312.700195,7377.399902,7302.700195,7350.299805,978353300
03-07-2017,7377.100098,7386.100098,7312.299805,7312.700195,704804300
04-07-2017,7357.200195,7383.5,7336.799805,7377.100098,597565700
05-07-2017,7367.600098,7386.899902,7347.5,7357.200195,924489500
06-07-2017,7337.299805,7373.899902,7303.5,7367.600098,767506100
07-07-2017,7350.899902,7359.5,7314.700195,7337.299805,670643200
10-07-2017,7370,7388,7344.299805,7350.899902,597132300
11-07-2017,7329.799805,7386.899902,7304.799805,7370,662989700
12-07-2017,7416.899902,7439.100098,7329.799805,7329.799805,796874200
13-07-2017,7413.399902,7428.200195,7403.799805,7416.899902,941748000
14-07-2017,7378.399902,7419.799805,7363.799805,7413.399902,827118400
17-07-2017,7404.100098,7426.399902,7378.299805,7378.399902,595711600
18-07-2017,7390.200195,7418.5,7357.799805,7404.100098,615471900
19-07-2017,7430.899902,7442.799805,7379.299805,7390.200195,640610900
20-07-2017,7487.899902,7502.700195,7430.899902,7430.899902,706242700
21-07-2017,7452.899902,7515.100098,7433.899902,7487.899902,701091300
24-07-2017,7377.700195,7453.200195,7357.5,7452.899902,1074177600
25-07-2017,7434.799805,7453.700195,7377.700195,7377.700195,774939600
26-07-2017,7452.299805,7487.100098,7434.700195,7434.799805,751804200
27-07-2017,7443,7461.899902,7410.899902,7452.299805,982531200
28-07-2017,7368.399902,7443,7339.399902,7443,798028700
31-07-2017,7372,7425.5,7367.899902,7368.399902,898503100
01-08-2017,7423.700195,7440.100098,7372,7372,718389600
02-08-2017,7411.399902,7434.700195,7388.899902,7423.700195,709413000
03-08-2017,7474.799805,7484.5,7384.200195,7411.399902,795756800
04-08-2017,7511.700195,7519.100098,7465.100098,7474.799805,753461700
07-08-2017,7531.899902,7533.700195,7511.700195,7511.700195,613223700
08-08-2017,7542.700195,7551.899902,7518.5,7531.899902,597542000
09-08-2017,7498.100098,7542.700195,7475.799805,7542.700195,779812300
10-08-2017,7389.899902,7498.100098,7376.700195,7498.100098,713176100
11-08-2017,7310,7390,7296.5,7389.899902,744594900
14-08-2017,7353.899902,7377.700195,7310,7310,536696000
15-08-2017,7383.899902,7399.399902,7353.899902,7353.899902,495314400
16-08-2017,7433,7445,7383.899902,7383.899902,568676900
17-08-2017,7387.899902,7433.700195,7382.200195,7433,576511200
18-08-2017,7324,7387.899902,7302.5,7387.899902,719309100
21-08-2017,7318.899902,7332,7296.799805,7324,536324300
22-08-2017,7381.700195,7387.600098,7318.899902,7318.899902,656086900
23-08-2017,7382.700195,7394.5,7360.299805,7381.700195,593602900
24-08-2017,7407.100098,7437.899902,7382.200195,7382.700195,734674100
25-08-2017,7401.5,7439.5,7401.5,7407.100098,498099600
29-08-2017,7337.399902,7401.600098,7289.200195,7401.5,734574500
30-08-2017,7365.299805,7381.299805,7337.399902,7337.399902,666133700
31-08-2017,7430.600098,7443.700195,7365,7365.299805,761338600
01-09-2017,7438.5,7460.5,7430.100098,7430.600098,536515100
04-09-2017,7411.5,7438.5,7404.100098,7438.5,389133300
05-09-2017,7372.899902,7437.5,7369.600098,7411.5,541337100
06-09-2017,7354.100098,7372.899902,7322.399902,7372.899902,676234700
07-09-2017,7397,7412.700195,7348.399902,7354.100098,643758300
08-09-2017,7377.600098,7397,7358.399902,7397,600535800
11-09-2017,7413.600098,7434.100098,7377.600098,7377.600098,614926800
12-09-2017,7400.700195,7435.799805,7387,7413.600098,745693800
13-09-2017,7379.700195,7401.299805,7336.200195,7400.700195,844049500
14-09-2017,7295.399902,7390.700195,7287.700195,7379.700195,1221676900
15-09-2017,7215.5,7295.399902,7196.600098,7295.399902,1416161300
18-09-2017,7253.299805,7257.5,7215.5,7215.5,712298700
19-09-2017,7275.299805,7285.700195,7243.600098,7253.299805,773526900
20-09-2017,7272,7289.899902,7249.600098,7275.299805,770407100
21-09-2017,7263.899902,7289.200195,7260.100098,7272,786845200
22-09-2017,7310.600098,7320.299805,7242.200195,7263.899902,625557800
25-09-2017,7301.299805,7312.5,7272.5,7310.600098,584594700
26-09-2017,7285.700195,7311.799805,7273.299805,7301.299805,686442500
27-09-2017,7313.5,7327.5,7285.700195,7285.700195,832249800
28-09-2017,7322.799805,7323.299805,7289.799805,7313.5,725911000
29-09-2017,7372.799805,7382.700195,7321.600098,7322.799805,728387400
02-10-2017,7438.799805,7438.799805,7372.700195,7372.799805,864401100
03-10-2017,7468.100098,7469.799805,7426.700195,7438.799805,697184200
04-10-2017,7467.600098,7476.299805,7456.600098,7468.100098,916914900
05-10-2017,7508,7508,7464.399902,7467.600098,756132200
06-10-2017,7522.899902,7527.700195,7508,7508,673882500
09-10-2017,7507.899902,7523.700195,7493.700195,7522.899902,675841500
10-10-2017,7538.299805,7543.899902,7504.600098,7507.899902,797063500
11-10-2017,7533.799805,7550.200195,7519.600098,7538.299805,1212434400
12-10-2017,7556.200195,7565.100098,7526.299805,7533.799805,701114100
13-10-2017,7535.399902,7556.200195,7521.100098,7556.200195,666480800
16-10-2017,7527,7557,7526.700195,7535.399902,715914400
17-10-2017,7516.200195,7550.399902,7506.299805,7527,1003303400
18-10-2017,7542.899902,7555.200195,7516.200195,7516.200195,626374800
19-10-2017,7523,7542.899902,7485.399902,7542.899902,806162200
20-10-2017,7523.200195,7560,7517.100098,7523,732296700
23-10-2017,7524.5,7542,7511.799805,7523.200195,548853900
24-10-2017,7526.5,7535.200195,7508.5,7524.5,657035000
25-10-2017,7447.200195,7528.5,7437.399902,7526.5,894719200
26-10-2017,7486.5,7488.299805,7440.100098,7447.200195,988569400
27-10-2017,7505,7520.799805,7485.200195,7486.5,844552500
30-10-2017,7487.799805,7507,7478.399902,7505,727471900
31-10-2017,7493.100098,7516.899902,7484,7487.799805,708732700
01-11-2017,7488,7532.399902,7488,7493.100098,1172721000
02-11-2017,7555.299805,7562.299805,7478.899902,7488,1002706700
03-11-2017,7560.399902,7581,7541.899902,7555.299805,652248400
06-11-2017,7562.299805,7572.899902,7544.200195,7560.399902,615052400
07-11-2017,7513.100098,7582.899902,7507.799805,7562.299805,731355900
08-11-2017,7529.700195,7534.5,7504.799805,7513.100098,784072500
09-11-2017,7484.100098,7532.200195,7476.899902,7529.700195,834887900
10-11-2017,7433,7500.299805,7421.700195,7484.100098,673856600
13-11-2017,7415.200195,7469.299805,7403,7433,745139300
14-11-2017,7414.399902,7436.600098,7396.899902,7415.200195,1141147200
15-11-2017,7372.600098,7415.100098,7357.100098,7414.399902,891890700
16-11-2017,7386.899902,7393.299805,7368.100098,7372.600098,898881100
17-11-2017,7380.700195,7406.5,7356.200195,7386.899902,710733600
20-11-2017,7389.5,7397.399902,7350.399902,7380.700195,716131100
21-11-2017,7411.299805,7422.200195,7367.899902,7389.5,730690300
22-11-2017,7419,7460.899902,7410.399902,7411.299805,834065800
23-11-2017,7417.200195,7422.700195,7373.299805,7419,560163700
24-11-2017,7409.600098,7425.200195,7389.5,7417.200195,545037100
27-11-2017,7383.899902,7438.399902,7383.899902,7409.600098,636742900
28-11-2017,7460.700195,7469.600098,7374,7383.899902,917737600
29-11-2017,7393.600098,7460.700195,7386.700195,7460.700195,1085338600
30-11-2017,7326.700195,7416.299805,7326.700195,7393.600098,1338402400
01-12-2017,7300.5,7355.399902,7288.700195,7326.700195,839825500
04-12-2017,7339,7369.700195,7300.5,7300.5,745259400
05-12-2017,7327.5,7373.899902,7326.600098,7339,881831300
06-12-2017,7348,7369.700195,7289.399902,7327.5,672957500
07-12-2017,7320.799805,7371.700195,7314.600098,7348,803178700
08-12-2017,7394,7412.200195,7314.200195,7320.799805,1004623500
11-12-2017,7453.5,7458.399902,7393.600098,7394,906705100
12-12-2017,7500.399902,7501.5,7448.299805,7453.5,991599100
13-12-2017,7496.5,7510.799805,7492.600098,7500.399902,998682800
14-12-2017,7448.100098,7496.700195,7448.100098,7496.5,948434600
15-12-2017,7490.600098,7490.600098,7433.799805,7448.100098,1182118000
18-12-2017,7537,7544.299805,7490.600098,7490.600098,568259400
19-12-2017,7544.100098,7563.5,7534.100098,7537,675779500
20-12-2017,7525.200195,7550.600098,7511.5,7544.100098,659315600
21-12-2017,7604,7609.700195,7517.899902,7525.200195,621347000
22-12-2017,7592.700195,7614.399902,7585.5,7604,243831300
27-12-2017,7620.700195,7632.700195,7586.399902,7592.700195,458380900
28-12-2017,7622.899902,7633.600098,7609.799805,7620.700195,311875400
29-12-2017,7687.799805,7697.600098,7620,7622.899902,289238900
02-01-2018,7648.100098,7691.299805,7624.100098,7687.799805,576251800
03-01-2018,7671.100098,7689.899902,7640.5,7648.100098,571662800
04-01-2018,7695.899902,7702.5,7671.100098,7671.100098,705864000
05-01-2018,7724.200195,7727.700195,7689.799805,7695.899902,636035700
08-01-2018,7696.5,7733.399902,7691.799805,7724.200195,635135400
09-01-2018,7731,7733.100098,7696.5,7696.5,709674500
10-01-2018,7748.5,7756.100098,7716.200195,7731,861758600
11-01-2018,7762.899902,7769,7734.600098,7748.5,982791800
12-01-2018,7778.600098,7792.600098,7752.600098,7762.899902,1133867000
15-01-2018,7769.100098,7783.600098,7763.399902,7778.600098,551904700
16-01-2018,7755.899902,7791.799805,7740.600098,7769.100098,824367900
17-01-2018,7725.399902,7755.899902,7711.100098,7755.899902,822508200
18-01-2018,7701,7739.5,7683.700195,7725.399902,765527900
19-01-2018,7730.799805,7731.799805,7694.700195,7701,795594100
22-01-2018,7715.399902,7739.399902,7703.700195,7730.799805,730171300
23-01-2018,7731.799805,7745.200195,7710,7715.399902,742420200
24-01-2018,7643.399902,7732,7643.399902,7731.799805,746643300
25-01-2018,7615.799805,7662.399902,7608.5,7643.399902,713251600
26-01-2018,7665.5,7667.399902,7615.799805,7615.799805,713831300
29-01-2018,7671.5,7689.200195,7663.899902,7665.5,612924000
30-01-2018,7588,7671.700195,7587.100098,7671.5,798999000
31-01-2018,7533.600098,7599,7521.799805,7588,880751700
01-02-2018,7490.399902,7554.700195,7476.5,7533.600098,872509100
02-02-2018,7443.399902,7494.799805,7432.299805,7490.399902,871574000
05-02-2018,7335,7443.399902,7334.799805,7443.399902,888994600
06-02-2018,7141.399902,7335,7079.399902,7335,1354591000
07-02-2018,7279.399902,7311.5,7141.399902,7141.399902,1027400300
08-02-2018,7170.700195,7279.399902,7161.299805,7279.399902,973611300
09-02-2018,7092.399902,7170.700195,7073,7170.700195,927291900
12-02-2018,7177.100098,7199.899902,7092.399902,7092.399902,718740600
13-02-2018,7168,7203,7165.799805,7177.100098,718988800
14-02-2018,7214,7243.200195,7145.700195,7168,940537000
15-02-2018,7234.799805,7268,7206.700195,7214,747830200
16-02-2018,7294.700195,7308,7234.799805,7234.799805,651756200
19-02-2018,7247.700195,7306.200195,7240,7294.700195,511199000
20-02-2018,7246.799805,7264.799805,7202.100098,7247.700195,679057900
21-02-2018,7281.600098,7291.799805,7220.600098,7246.799805,902872700
22-02-2018,7252.399902,7281.600098,7187.799805,7281.600098,926221400
23-02-2018,7244.399902,7262.100098,7220.799805,7252.399902,674864300
26-02-2018,7289.600098,7313,7244.299805,7244.399902,585774600
27-02-2018,7282.5,7326,7272.899902,7289.600098,718147000
28-02-2018,7231.899902,7293.399902,7231.899902,7282.5,919954800
01-03-2018,7175.600098,7231.899902,7153.399902,7231.899902,859756500
02-03-2018,7069.899902,7175.600098,7063.399902,7175.600098,910442200
05-03-2018,7116,7119.200195,7062.100098,7069.899902,941867700
06-03-2018,7146.799805,7197.799805,7115.600098,7116,786141900
07-03-2018,7157.799805,7180.700195,7109.600098,7146.799805,862383600
08-03-2018,7203.200195,7212.100098,7145.700195,7157.799805,712676800
09-03-2018,7224.5,7225.299805,7189.700195,7203.200195,651119000
12-03-2018,7214.799805,7254.899902,7198.200195,7224.5,613077900
13-03-2018,7138.799805,7224.100098,7125.600098,7214.799805,766738500
14-03-2018,7132.700195,7176.5,7122.799805,7138.799805,752181500
15-03-2018,7139.799805,7162.600098,7127.100098,7132.700195,808062300
16-03-2018,7164.100098,7187.299805,7131.299805,7139.799805,1380663300
19-03-2018,7042.899902,7164.200195,7034.899902,7164.100098,728214400
20-03-2018,7061.299805,7081.5,7042.600098,7042.899902,742142200
21-03-2018,7039,7065.700195,7016.799805,7061.299805,762202300
22-03-2018,6952.600098,7039,6914.5,7039,861231600
23-03-2018,6921.899902,6952.799805,6877,6952.600098,879273700
26-03-2018,6888.700195,6958.5,6866.899902,6921.899902,765318100
27-03-2018,7000.100098,7042.399902,6888.700195,6888.700195,690975500
28-03-2018,7044.700195,7044.700195,6923.299805,7000.100098,763193100
29-03-2018,7056.600098,7109.899902,7042.700195,7044.700195,876227900
03-04-2018,7030.5,7065,6996.799805,7056.600098,790532700
04-04-2018,7034,7046.299805,6971.799805,7030.5,794337900
05-04-2018,7199.5,7199.5,7034,7034,794899100
06-04-2018,7183.600098,7214,7163.100098,7199.5,656250500
09-04-2018,7194.799805,7209.700195,7145.600098,7183.600098,671088200
10-04-2018,7266.799805,7266.799805,7194.799805,7194.799805,755081700
11-04-2018,7257.100098,7270.299805,7243.299805,7266.799805,766200800
12-04-2018,7258.299805,7266.600098,7240.799805,7257.100098,666773400
13-04-2018,7264.600098,7275,7249.100098,7258.299805,662868400
16-04-2018,7198.200195,7265.799805,7195.5,7264.600098,862881700
17-04-2018,7226.100098,7240.399902,7189.899902,7198.200195,714046100
18-04-2018,7317.299805,7325.600098,7226.100098,7226.100098,877056200
19-04-2018,7328.899902,7340.700195,7309.399902,7317.299805,788416300
20-04-2018,7368.200195,7368.200195,7323.299805,7328.899902,769512800
23-04-2018,7398.899902,7404.100098,7359.700195,7368.200195,777571800
24-04-2018,7425.399902,7439.600098,7397.299805,7398.899902,836399400
25-04-2018,7379.299805,7427.100098,7334.600098,7425.399902,879795200
26-04-2018,7421.399902,7421.399902,7355,7379.299805,814899700
27-04-2018,7502.200195,7507.100098,7421.299805,7421.399902,750485000
30-04-2018,7509.299805,7546.200195,7497.100098,7502.200195,991178200
01-05-2018,7520.399902,7549.100098,7506.600098,7509.299805,567569600
02-05-2018,7543.200195,7573,7519.600098,7520.399902,829699300
03-05-2018,7502.700195,7555.200195,7492.399902,7543.200195,723643100
04-05-2018,7567.100098,7570.200195,7502.700195,7502.700195,880646600
08-05-2018,7565.799805,7598.5,7550.399902,7567.100098,876829900
09-05-2018,7662.5,7662.5,7565.799805,7565.799805,891351200
10-05-2018,7701,7706.899902,7631.600098,7662.5,878774100
11-05-2018,7724.600098,7728.899902,7691.700195,7701,731924200
14-05-2018,7711,7728,7688.600098,7724.600098,749899600
15-05-2018,7723,7752,7687.5,7711,1027698700
16-05-2018,7734.200195,7745.5,7717.799805,7723,933498300
17-05-2018,7788,7788.200195,7713.899902,7734.200195,781296600
18-05-2018,7778.799805,7791.399902,7753.299805,7788,899946200
21-05-2018,7859.200195,7868.100098,7778.100098,7778.799805,691927400
22-05-2018,7877.5,7903.5,7854.600098,7859.200195,807636300
23-05-2018,7788.399902,7877.5,7765.299805,7877.5,918822700
24-05-2018,7716.700195,7803.5,7716.700195,7788.399902,890463600
25-05-2018,7730.299805,7753.299805,7703.299805,7716.700195,844360200
29-05-2018,7632.600098,7730.299805,7610.700195,7730.299805,1288493000
30-05-2018,7689.600098,7689.600098,7618.100098,7632.600098,923820700
31-05-2018,7678.200195,7727.5,7651.100098,7689.600098,1549063100
01-06-2018,7701.799805,7746.700195,7678.200195,7678.200195,783469400
04-06-2018,7741.299805,7772.100098,7701.700195,7701.799805,722966000
05-06-2018,7686.799805,7744.5,7686.600098,7741.299805,933666200
06-06-2018,7712.399902,7730.5,7671.600098,7686.799805,884617800
07-06-2018,7704.399902,7756.700195,7698.200195,7712.399902,1056744900
08-06-2018,7681.100098,7714.299805,7637.5,7704.399902,755489900
11-06-2018,7737.399902,7756,7681.100098,7681.100098,736070400
12-06-2018,7703.799805,7762.799805,7701.299805,7737.399902,773837800
13-06-2018,7703.700195,7746.700195,7677.200195,7703.799805,852427100
14-06-2018,7765.799805,7793.5,7650.200195,7703.700195,1119081700
15-06-2018,7633.899902,7781,7633.899902,7765.799805,1711560200
18-06-2018,7631.299805,7645.5,7601.600098,7633.899902,664167900
19-06-2018,7603.899902,7631.299805,7548.799805,7631.299805,897872000
20-06-2018,7627.399902,7705.200195,7603.899902,7603.899902,844000100
21-06-2018,7556.399902,7670.799805,7548.100098,7627.399902,777562300
22-06-2018,7682.299805,7689.399902,7556.200195,7556.399902,716273100
25-06-2018,7509.799805,7682.299805,7508.299805,7682.299805,791358000
26-06-2018,7537.899902,7564.100098,7509.799805,7509.799805,1088107300
27-06-2018,7621.700195,7633.899902,7512,7537.899902,1643638600
28-06-2018,7615.600098,7632.200195,7576,7621.700195,790762300
29-06-2018,7636.899902,7706.600098,7615.600098,7615.600098,898931000
02-07-2018,7547.899902,7636.899902,7540.700195,7636.899902,778437000
03-07-2018,7593.299805,7632.100098,7545,7547.899902,1015952400
04-07-2018,7573.100098,7593.299805,7560.799805,7593.299805,574163100
05-07-2018,7603.200195,7624.799805,7572.700195,7573.100098,614456600
06-07-2018,7617.700195,7631.200195,7569.700195,7603.200195,663475300
09-07-2018,7688,7697.5,7617.700195,7617.700195,676761100
10-07-2018,7692,7715.100098,7677.100098,7688,701511200
11-07-2018,7592,7692,7578.200195,7692,793208100
12-07-2018,7651.299805,7663,7592,7592,746183900
13-07-2018,7661.899902,7716.200195,7651.299805,7651.299805,574401200
16-07-2018,7600.5,7667.700195,7565,7661.899902,591161000
17-07-2018,7626.299805,7641.100098,7581.799805,7600.5,724367500
18-07-2018,7676.299805,7685.700195,7625.799805,7626.299805,651377100
19-07-2018,7684,7702.899902,7660,7676.299805,695398600
20-07-2018,7678.799805,7705.799805,7631.700195,7684,685061200
23-07-2018,7655.799805,7678.799805,7621.799805,7678.799805,573514400
24-07-2018,7709.100098,7740.600098,7648.600098,7655.799805,852532800
25-07-2018,7658.299805,7710.299805,7640.600098,7709.100098,677528100
26-07-2018,7663.200195,7684.700195,7640.899902,7658.299805,588851200
27-07-2018,7701.299805,7717.200195,7663.200195,7663.200195,765238000
30-07-2018,7700.899902,7718.100098,7659.899902,7701.299805,732990700
31-07-2018,7748.799805,7782.899902,7695.799805,7700.899902,915075400
01-08-2018,7652.899902,7751.100098,7634.700195,7748.799805,975009600
02-08-2018,7575.899902,7652.899902,7549.299805,7652.899902,1006803400
03-08-2018,7659.100098,7665.200195,7575.899902,7575.899902,649947700
06-08-2018,7663.799805,7681.899902,7636.600098,7659.100098,813731500
07-08-2018,7718.5,7752.100098,7663.200195,7663.799805,675716300
08-08-2018,7776.700195,7790.200195,7707.299805,7718.5,604063500
09-08-2018,7741.799805,7776.799805,7714.5,7776.700195,565689200
10-08-2018,7667,7741.799805,7657.700195,7741.799805,664153400
13-08-2018,7642.5,7667.299805,7614.5,7667,595242100
14-08-2018,7611.600098,7665.200195,7599.700195,7642.5,763645300
15-08-2018,7497.899902,7632.100098,7477.100098,7611.600098,967014400
16-08-2018,7556.399902,7565.200195,7497.899902,7497.899902,771423800
17-08-2018,7558.600098,7577.700195,7514.299805,7556.399902,602739600
20-08-2018,7591.299805,7616.200195,7558.600098,7558.600098,559541000
21-08-2018,7565.700195,7601.700195,7557.299805,7591.299805,543548500
22-08-2018,7574.200195,7607.200195,7531.200195,7565.700195,611259200
23-08-2018,7563.200195,7602.100098,7560.899902,7574.200195,574932100
24-08-2018,7577.5,7587.200195,7557.700195,7563.200195,507869800
28-08-2018,7617.200195,7636.700195,7577.5,7577.5,585715100
29-08-2018,7563.200195,7635.700195,7545.100098,7617.200195,688677800
30-08-2018,7516,7563.200195,7497.5,7563.200195,623166000
31-08-2018,7432.399902,7516.5,7428.700195,7516,812932000
03-09-2018,7504.600098,7516.100098,7432.200195,7432.399902,455166900
04-09-2018,7457.899902,7535.100098,7437.700195,7504.600098,652803100
05-09-2018,7383.299805,7457.899902,7358,7457.899902,769494800
06-09-2018,7319,7397.700195,7313.100098,7383.299805,723693100
07-09-2018,7277.700195,7328.299805,7227.100098,7319,863004900
10-09-2018,7279.299805,7307.899902,7256.5,7277.700195,696321800
11-09-2018,7273.5,7280.5,7220.5,7279.299805,644115800
12-09-2018,7313.399902,7325.299805,7250.799805,7273.5,677165600
13-09-2018,7281.600098,7319.600098,7275.100098,7313.399902,660719700
14-09-2018,7304,7323.799805,7281.600098,7281.600098,577288900
17-09-2018,7302.100098,7318.799805,7267.799805,7304,620997300
18-09-2018,7300.200195,7320.100098,7282,7302.100098,700366200
19-09-2018,7331.100098,7346.100098,7279.899902,7300.200195,762448100
20-09-2018,7367.299805,7368.399902,7324,7331.100098,864910500
21-09-2018,7490.200195,7495.299805,7367.299805,7367.299805,1504423700
24-09-2018,7458.399902,7491.299805,7450.5,7490.200195,689612600
25-09-2018,7507.600098,7515.899902,7455.200195,7458.399902,767955100
26-09-2018,7511.5,7522.100098,7490.200195,7507.600098,672358800
27-09-2018,7545.399902,7552,7490.899902,7511.5,646428000
28-09-2018,7510.200195,7548.399902,7474.700195,7545.399902,915815000
01-10-2018,7495.700195,7526.200195,7466.700195,7510.200195,728276800
02-10-2018,7474.600098,7495.700195,7444.799805,7495.700195,817840400
03-10-2018,7510.299805,7524.100098,7474.600098,7474.600098,824628100
04-10-2018,7418.299805,7510.299805,7411.299805,7510.299805,801963200
05-10-2018,7318.5,7421.100098,7318.5,7418.299805,743757800
08-10-2018,7233.299805,7319.799805,7233.299805,7318.5,675287300
09-10-2018,7237.600098,7247.600098,7184.299805,7233.299805,765996800
10-10-2018,7145.700195,7242.299805,7145.700195,7237.600098,1029488500
11-10-2018,7006.899902,7145.700195,6998,7145.700195,1172373200
12-10-2018,6995.899902,7074,6994.799805,7006.899902,876577500
15-10-2018,7029.200195,7038.200195,6961.299805,6995.899902,657640100
16-10-2018,7059.399902,7062.100098,6998.899902,7029.200195,766800500
17-10-2018,7054.600098,7089,7019.399902,7059.399902,685937100
18-10-2018,7027,7078.799805,7026.700195,7054.600098,672072000
19-10-2018,7049.799805,7070.399902,7012.600098,7027,793925800
22-10-2018,7042.799805,7114.100098,7042.100098,7049.799805,784032400
23-10-2018,6955.200195,7042.799805,6928.700195,7042.799805,983305900
24-10-2018,6963,7049.799805,6955.200195,6955.200195,778187100
25-10-2018,7004.100098,7004.100098,6886,6963,831568200
26-10-2018,6939.600098,7004.200195,6851.600098,7004.100098,779028300
29-10-2018,7026.299805,7085.899902,6939.600098,6939.600098,780563900
30-10-2018,7035.899902,7060.100098,6983.700195,7026.299805,751498500
31-10-2018,7128.100098,7161.5,7035.899902,7035.899902,895391200
01-11-2018,7114.700195,7165.600098,7085.700195,7128.100098,1024684600
02-11-2018,7094.100098,7196.399902,7094.100098,7114.700195,800219300
05-11-2018,7103.799805,7140.399902,7077.399902,7094.100098,553382600
06-11-2018,7040.700195,7117.5,7027.5,7103.799805,646543100
07-11-2018,7117.299805,7136.799805,7040.700195,7040.700195,678581300
08-11-2018,7140.700195,7171.700195,7115,7117.299805,676867200
09-11-2018,7105.299805,7140.700195,7070.799805,7140.700195,652724100
12-11-2018,7053.100098,7186.299805,7053.100098,7105.299805,708713400
13-11-2018,7053.799805,7104,7016.600098,7053.100098,1048825300
14-11-2018,7033.799805,7113.600098,6979.700195,7053.799805,925587100
15-11-2018,7038,7081.899902,6979.600098,7033.799805,1257540400
16-11-2018,7013.899902,7092.399902,6969,7038,1010040200
19-11-2018,7000.899902,7070.5,6997.799805,7013.899902,776442400
20-11-2018,6947.899902,7010.100098,6904.200195,7000.899902,826183700
21-11-2018,7050.200195,7058.600098,6947.899902,6947.899902,841306700
22-11-2018,6960.299805,7050.399902,6945,7050.200195,763217400
23-11-2018,6952.899902,6987.5,6912.299805,6960.299805,686823000
26-11-2018,7036,7051,6952.899902,6952.899902,802145500
27-11-2018,7016.899902,7043.700195,6984,7036,829960500
28-11-2018,7004.5,7057,6987.299805,7016.899902,800840600
29-11-2018,7039,7078.399902,7004.5,7004.5,777115000
30-11-2018,6980.200195,7042.100098,6965.600098,7039,1189062500
03-12-2018,7062.399902,7145.5,6980.200195,6980.200195,864783000
04-12-2018,7022.799805,7095,7002.700195,7062.399902,822570700
05-12-2018,6921.799805,7028.700195,6921.799805,7022.799805,789059300
06-12-2018,6704.100098,6921.799805,6673.600098,6921.799805,1029779500
07-12-2018,6778.100098,6868.299805,6704.100098,6704.100098,819982500
10-12-2018,6721.5,6815.799805,6719.200195,6778.100098,864359000
11-12-2018,6806.899902,6857.600098,6721.5,6721.5,841263500
12-12-2018,6880.200195,6902.200195,6806.899902,6806.899902,1063865300
13-12-2018,6877.5,6908.5,6849,6880.200195,735372600
14-12-2018,6845.200195,6877.5,6788.700195,6877.5,714141000
17-12-2018,6773.200195,6845.200195,6761.399902,6845.200195,734851100
18-12-2018,6701.600098,6773.200195,6701.600098,6773.200195,855040800
19-12-2018,6765.899902,6785.200195,6698.200195,6701.600098,754065600
20-12-2018,6711.899902,6765.899902,6646.5,6765.899902,903273100
21-12-2018,6721.200195,6733,6653.700195,6711.899902,1596669300
24-12-2018,6686,6721.200195,6661,6721.200195,192808000
27-12-2018,6584.700195,6728.5,6536.5,6686,590127000
28-12-2018,6734,6742.5,6584.700195,6584.700195,499812000
31-12-2018,6728.100098,6752.5,6718.299805,6734,225303900
02-01-2019,6734.200195,6753.299805,6599.5,6728.100098,614252000
03-01-2019,6692.700195,6753.100098,6685.100098,6734.200195,674099100
04-01-2019,6837.399902,6850.399902,6692.5,6692.700195,639136700
07-01-2019,6810.899902,6874.100098,6778,6837.399902,736559900
08-01-2019,6861.600098,6901.5,6804.899902,6810.899902,651977000
09-01-2019,6906.600098,6938.299805,6861.600098,6861.600098,860684900
10-01-2019,6942.899902,6948.200195,6860.799805,6906.600098,611434300
11-01-2019,6918.200195,7001.899902,6902.700195,6942.899902,680478600
14-01-2019,6855,6918.200195,6841.700195,6918.200195,683449700
15-01-2019,6895,6910.5,6849.600098,6855,687341200
16-01-2019,6862.700195,6912.399902,6848.600098,6895,787626400
17-01-2019,6834.899902,6862.700195,6799,6862.700195,582654200
18-01-2019,6968.299805,6984.399902,6834.899902,6834.899902,795742900
21-01-2019,6970.600098,6987.899902,6954.5,6968.299805,474827100
22-01-2019,6901.399902,6970.600098,6880.700195,6970.600098,565967800
23-01-2019,6842.899902,6901.600098,6834.299805,6901.399902,646039700
24-01-2019,6819,6854.600098,6802,6842.899902,599978600
25-01-2019,6809.200195,6858.200195,6806.799805,6819,727497200
28-01-2019,6747.100098,6812.5,6734,6809.200195,648213700
29-01-2019,6833.899902,6860.299805,6747.100098,6747.100098,697035900
30-01-2019,6941.600098,6967.700195,6833.899902,6833.899902,748772100
31-01-2019,6968.899902,6994.899902,6941.100098,6941.600098,866316300
01-02-2019,7020.200195,7024.5,6968.899902,6968.899902,630712300
04-02-2019,7034.100098,7046.600098,7002.399902,7020.200195,611990600
05-02-2019,7177.399902,7180.700195,7033.600098,7034.100098,662979300
06-02-2019,7173.100098,7184.200195,7146.700195,7177.399902,599487700
07-02-2019,7093.600098,7187.5,7093.600098,7173.100098,649638500
08-02-2019,7071.200195,7115.799805,7064.899902,7093.600098,532300500
11-02-2019,7129.100098,7149.200195,7071.200195,7071.200195,548318300
12-02-2019,7133.100098,7168.600098,7121.700195,7129.100098,526735100
13-02-2019,7190.799805,7205.100098,7133.100098,7133.100098,561646800
14-02-2019,7197,7232.799805,7183,7190.799805,519107200
15-02-2019,7236.700195,7261.600098,7185.200195,7197,688422300
18-02-2019,7219.5,7242.100098,7209.700195,7236.700195,440062500
19-02-2019,7179.200195,7219.5,7162.799805,7219.5,624124300
20-02-2019,7228.600098,7234.200195,7178,7179.200195,861254900
21-02-2019,7167.399902,7228.799805,7141.899902,7228.600098,798796000
22-02-2019,7178.600098,7220.5,7162.399902,7167.399902,646718000
25-02-2019,7183.700195,7210.700195,7158.200195,7178.600098,644937500
26-02-2019,7151.100098,7183.799805,7091.600098,7183.700195,865719700
27-02-2019,7107.200195,7151.100098,7082.600098,7151.100098,870721000
28-02-2019,7074.700195,7107.200195,7041,7107.200195,979616900
01-03-2019,7106.700195,7129.700195,7074.700195,7074.700195,700825200
04-03-2019,7134.399902,7166.200195,7106.700195,7106.700195,634698800
05-03-2019,7183.399902,7191.700195,7127.200195,7134.399902,795291200
06-03-2019,7196,7211.799805,7170.299805,7183.399902,791979200
07-03-2019,7157.600098,7196,7126.600098,7196,691317400
08-03-2019,7104.299805,7157.600098,7077.899902,7157.600098,622101900
11-03-2019,7130.600098,7181.600098,7104.299805,7104.299805,674285200
12-03-2019,7151.200195,7166.600098,7083.200195,7130.600098,752033900
13-03-2019,7159.200195,7181.899902,7128.700195,7151.200195,744627600
14-03-2019,7185.399902,7215.5,7148.100098,7159.200195,791259700
15-03-2019,7228.299805,7243.799805,7185.399902,7185.399902,1335709200
18-03-2019,7299.200195,7299.200195,7228.200195,7228.299805,642988100
19-03-2019,7324,7350.100098,7294.5,7299.200195,598904100
20-03-2019,7291,7341.600098,7291,7324,748851100
21-03-2019,7355.299805,7370.600098,7290.600098,7291,709429100
22-03-2019,7207.600098,7356.399902,7192.799805,7355.299805,694767600
25-03-2019,7177.600098,7208.100098,7146.799805,7207.600098,586169600
26-03-2019,7196.299805,7221,7169.399902,7177.600098,629605500
27-03-2019,7194.200195,7222.600098,7160.100098,7196.299805,678742500
28-03-2019,7234.299805,7265.5,7190.899902,7194.200195,568044400
29-03-2019,7279.200195,7287.700195,7223.299805,7234.299805,794400900
01-04-2019,7317.399902,7352.200195,7279.200195,7279.200195,697005200
02-04-2019,7391.100098,7403.600098,7316.799805,7317.399902,720842000
03-04-2019,7418.299805,7418.299805,7380.899902,7391.100098,880770400
04-04-2019,7401.899902,7418.399902,7367.399902,7418.299805,675670900
05-04-2019,7446.899902,7461.399902,7400.799805,7401.899902,679960600
08-04-2019,7451.899902,7459.899902,7420.399902,7446.899902,571379100
09-04-2019,7425.600098,7477.600098,7413.299805,7451.899902,652297100
10-04-2019,7421.899902,7441.399902,7409.399902,7425.600098,569746800
11-04-2019,7418,7441.899902,7383.5,7421.899902,629602900
12-04-2019,7437.100098,7454.799805,7415,7418,696895600
15-04-2019,7436.899902,7447.100098,7420.299805,7437.100098,511603500
16-04-2019,7469.899902,7485.899902,7436.899902,7436.899902,623807300
17-04-2019,7471.299805,7479,7445.100098,7469.899902,646326400
18-04-2019,7459.899902,7475.899902,7437.899902,7471.299805,520513300
23-04-2019,7523.100098,7528.899902,7459.899902,7459.899902,772087000
24-04-2019,7471.799805,7523.799805,7456.700195,7523.100098,682647400
25-04-2019,7434.100098,7473.299805,7406,7471.799805,674377600
26-04-2019,7428.200195,7442.200195,7398.600098,7434.100098,839779200
29-04-2019,7440.700195,7456.5,7406.5,7428.200195,491223900
30-04-2019,7418.200195,7451.299805,7394.100098,7440.700195,751088200
01-05-2019,7385.299805,7446.5,7379.700195,7418.200195,336726900
02-05-2019,7351.299805,7393.899902,7339.5,7385.299805,618376400
03-05-2019,7380.600098,7418.200195,7350,7351.299805,462290200
07-05-2019,7260.5,7380.600098,7251,7380.600098,880585900
08-05-2019,7271,7278.299805,7222.899902,7260.5,809211600
09-05-2019,7207.399902,7271,7192.200195,7271,854458400
10-05-2019,7203.299805,7268.200195,7189.899902,7207.399902,618170400
13-05-2019,7163.700195,7217.100098,7150.899902,7203.299805,773553600
14-05-2019,7241.600098,7241.600098,7163.700195,7163.700195,721546200
15-05-2019,7297,7303.700195,7223.100098,7241.600098,811266000
16-05-2019,7353.5,7353.5,7265.799805,7297,655973100
17-05-2019,7348.600098,7354.200195,7307.299805,7353.5,741020200
20-05-2019,7310.899902,7360.299805,7268.600098,7348.600098,732464200
21-05-2019,7328.899902,7370,7310.899902,7310.899902,749358400
22-05-2019,7334.200195,7373.299805,7313.600098,7328.899902,800943900
23-05-2019,7231,7334.200195,7211.299805,7334.200195,795078400
24-05-2019,7277.700195,7303,7231,7231,633553800
28-05-2019,7269,7314.899902,7262.799805,7277.700195,1155168300
29-05-2019,7185.299805,7269,7151.399902,7269,652877900
30-05-2019,7218.200195,7236.700195,7180.600098,7185.299805,638457200
31-05-2019,7161.700195,7218.200195,7130.899902,7218.200195,853980400
03-06-2019,7184.799805,7186.700195,7079.700195,7161.700195,711561100
04-06-2019,7214.299805,7224,7138.100098,7184.799805,829550400
05-06-2019,7220.200195,7259.200195,7201.399902,7216.700195,744999500
06-06-2019,7259.899902,7275.700195,7218.700195,7220.200195,621265600
07-06-2019,7331.899902,7347.399902,7258.200195,7259.899902,592558500
10-06-2019,7375.5,7380.100098,7331.899902,7331.899902,447077300
11-06-2019,7398.5,7420.700195,7375.5,7375.5,669773500
12-06-2019,7367.600098,7398.5,7329.299805,7398.5,800128100
13-06-2019,7368.600098,7398.600098,7351,7367.600098,608751100
14-06-2019,7345.799805,7368.799805,7316.399902,7368.600098,610719800
17-06-2019,7357.299805,7370.700195,7324.5,7345.799805,531721100
18-06-2019,7443,7469.200195,7345.600098,7357.299805,798973400
19-06-2019,7403.5,7454.899902,7399.200195,7443,751391800
20-06-2019,7424.399902,7460.799805,7403.5,7403.5,698596800
21-06-2019,7407.5,7456.799805,7382.899902,7424.399902,1451918700
24-06-2019,7416.700195,7435.5,7399.600098,7407.5,627473100
25-06-2019,7422.399902,7429.700195,7373.200195,7416.700195,607355800
26-06-2019,7416.399902,7435.899902,7405.5,7422.399902,654431900
27-06-2019,7402.299805,7439.399902,7375.5,7416.399902,645884500
28-06-2019,7425.600098,7436.200195,7398.899902,7402.299805,708530400
01-07-2019,7497.5,7530.200195,7425.600098,7425.600098,634652500
02-07-2019,7559.200195,7565.299805,7497.5,7497.5,556375200
03-07-2019,7609.299805,7621,7558.5,7559.200195,682521500
04-07-2019,7603.600098,7622.600098,7601.299805,7609.299805,487717900
05-07-2019,7553.100098,7603.600098,7541.899902,7603.600098,550648200
08-07-2019,7549.299805,7571.299805,7538.700195,7553.100098,538297100
09-07-2019,7536.5,7553.299805,7517.899902,7549.299805,542926500
10-07-2019,7530.700195,7559.100098,7515.600098,7536.5,542296300
11-07-2019,7509.799805,7558.299805,7501.700195,7530.700195,593132000
12-07-2019,7506,7537.100098,7493.799805,7509.799805,501138900
15-07-2019,7531.700195,7548.299805,7487.399902,7506,482521800
16-07-2019,7577.200195,7590.100098,7524.5,7531.700195,607182100
17-07-2019,7535.5,7577.200195,7519.200195,7577.200195,576654300
18-07-2019,7493.100098,7535.5,7482.600098,7535.5,504046800
19-07-2019,7508.700195,7546.700195,7475.5,7493.100098,575615700
22-07-2019,7514.899902,7549.700195,7491.799805,7508.700195,513122700
23-07-2019,7556.899902,7598.600098,7514.899902,7514.899902,634924300
24-07-2019,7501.5,7558,7479.100098,7556.899902,637416200
25-07-2019,7489.100098,7542.600098,7462.700195,7501.5,633546500
26-07-2019,7549.100098,7553.600098,7486.700195,7489.100098,775744000
29-07-2019,7686.600098,7711.299805,7548.899902,7549.100098,759258200
30-07-2019,7646.799805,7727.5,7643.700195,7686.600098,822322600
31-07-2019,7586.799805,7648.200195,7576.100098,7646.799805,1092686800
01-08-2019,7584.899902,7610,7535.899902,7586.799805,817813900
02-08-2019,7407.100098,7585.200195,7397.899902,7584.899902,1031592200
05-08-2019,7223.899902,7407.100098,7200.5,7407.100098,1243484900
06-08-2019,7171.700195,7241.600098,7167,7223.899902,791750700
07-08-2019,7198.700195,7237.899902,7153.899902,7171.700195,735519300
08-08-2019,7285.899902,7285.899902,7191.299805,7198.700195,726060600
09-08-2019,7253.899902,7297.299805,7237.100098,7285.899902,794807200
12-08-2019,7226.700195,7305.600098,7207.5,7253.899902,585461200
13-08-2019,7250.899902,7281.100098,7166.899902,7226.700195,698409600
14-08-2019,7147.899902,7268.700195,7112.100098,7250.899902,811517700
15-08-2019,7067,7148.799805,7020.200195,7147.899902,877816600
16-08-2019,7117.200195,7125.899902,7067,7067,651943200
19-08-2019,7189.700195,7214.200195,7117.200195,7117.200195,612867100
20-08-2019,7125,7231.700195,7121.200195,7189.700195,766076800
21-08-2019,7204,7215.5,7122.100098,7125,605372900
22-08-2019,7128.200195,7204,7103.700195,7204,653343400
23-08-2019,7095,7188.600098,7095,7128.200195,643009300
27-08-2019,7089.600098,7110.799805,7044.700195,7095,851399100
28-08-2019,7114.700195,7131.200195,7050,7089.600098,675638900
29-08-2019,7184.299805,7199.200195,7103.100098,7114.700195,635681800
30-08-2019,7207.200195,7240.399902,7179.700195,7184.299805,727868800
02-09-2019,7281.899902,7315.299805,7206.899902,7207.200195,497764900
03-09-2019,7268.200195,7301.5,7239.100098,7281.899902,626095300
04-09-2019,7311.299805,7334.600098,7268.200195,7268.200195,677444300
05-09-2019,7271.200195,7330.700195,7250.600098,7311.299805,711302800
06-09-2019,7282.299805,7284.100098,7244.100098,7271.200195,692287900
09-09-2019,7235.799805,7325.200195,7206,7282.299805,794831900
10-09-2019,7268,7270.5,7199.399902,7235.799805,1031549500
11-09-2019,7338,7346.700195,7268,7268,829121400
12-09-2019,7344.700195,7369.299805,7303.200195,7338,725259800
13-09-2019,7367.5,7380.299805,7318.200195,7344.700195,1003827600
16-09-2019,7321.399902,7378.299805,7321.399902,7367.5,908260500
17-09-2019,7320.399902,7350.200195,7292.200195,7321.399902,698421800
18-09-2019,7314.100098,7350.5,7300.399902,7320.399902,642716000
19-09-2019,7356.399902,7373.100098,7290.700195,7314.100098,632737400
20-09-2019,7344.899902,7376.299805,7322,7356.399902,1656288000
23-09-2019,7326.100098,7362.299805,7284.799805,7344.899902,489660300
24-09-2019,7291.399902,7349,7281.899902,7326.100098,588772200
25-09-2019,7290,7292,7213,7291.399902,704553100
26-09-2019,7351.100098,7387.100098,7277.200195,7290,704707500
27-09-2019,7426.200195,7440.799805,7351,7351.100098,584318800
30-09-2019,7408.200195,7439.600098,7402.200195,7426.200195,655556100
01-10-2019,7360.299805,7433.200195,7352.799805,7408.200195,734563400
02-10-2019,7122.5,7360.299805,7119.700195,7360.299805,747799600
03-10-2019,7077.600098,7129,7004.399902,7122.5,635551800
04-10-2019,7155.399902,7157.799805,7077.399902,7077.600098,588776100
07-10-2019,7197.899902,7206.899902,7133,7155.399902,551391300
08-10-2019,7143.200195,7223.899902,7143.200195,7197.899902,692866200
09-10-2019,7166.5,7196.399902,7139.899902,7143.200195,582025200
10-10-2019,7186.399902,7212.899902,7130.5,7166.5,700021400
11-10-2019,7247.100098,7250.100098,7144.700195,7186.399902,1507692000
14-10-2019,7213.5,7251.799805,7194.200195,7247.100098,780579200
15-10-2019,7211.600098,7242.399902,7176.700195,7213.5,1123687400
16-10-2019,7168,7217.600098,7149.799805,7211.600098,1000484300
17-10-2019,7182.299805,7237.799805,7162,7168,1126096700
18-10-2019,7150.600098,7197.100098,7146.100098,7182.299805,869346100
21-10-2019,7163.600098,7197.5,7139.399902,7150.600098,853632700
22-10-2019,7212.5,7230.200195,7146.700195,7163.600098,800741400
23-10-2019,7260.700195,7265.899902,7194.100098,7212.5,764933300
24-10-2019,7328.299805,7338.899902,7255.5,7260.700195,733646100
25-10-2019,7324.5,7331.200195,7279.799805,7328.299805,580305100
28-10-2019,7331.299805,7346.899902,7291.600098,7324.5,676041800
29-10-2019,7306.299805,7335.700195,7264.700195,7331.299805,710020700
30-10-2019,7330.799805,7334,7278.200195,7306.299805,672191900
31-10-2019,7248.399902,7335.200195,7245.200195,7330.799805,847657500
01-11-2019,7302.399902,7307.200195,7248.399902,7248.399902,582078600
04-11-2019,7369.700195,7392.700195,7302.399902,7302.399902,582661700
05-11-2019,7388.100098,7402.799805,7369.600098,7369.700195,673186900
06-11-2019,7396.700195,7398.799805,7363.600098,7388.100098,618514700
07-11-2019,7406.399902,7431.899902,7396,7396.700195,668773400
08-11-2019,7359.399902,7406.799805,7349.100098,7406.399902,551986100
11-11-2019,7328.5,7359.399902,7258.5,7359.399902,828425100
12-11-2019,7365.399902,7390,7328.200195,7328.5,754644000
13-11-2019,7351.200195,7365.399902,7301.700195,7365.399902,695720800
14-11-2019,7292.799805,7351.299805,7292.799805,7351.200195,675226500
15-11-2019,7302.899902,7335.600098,7243.200195,7292.799805,770473200
18-11-2019,7307.700195,7335.399902,7293.399902,7302.899902,764459700
19-11-2019,7323.799805,7404.5,7307.700195,7307.700195,605672300
20-11-2019,7262.5,7323.799805,7219.100098,7323.799805,814232500
21-11-2019,7238.600098,7262.5,7197.299805,7262.5,608185000
22-11-2019,7326.799805,7343.299805,7238.5,7238.600098,611242800
25-11-2019,7396.299805,7401.799805,7326.799805,7326.799805,570982800
26-11-2019,7403.100098,7421.299805,7385,7396.299805,1058651500
27-11-2019,7429.799805,7446,7400.399902,7403.100098,626246700
28-11-2019,7416.399902,7429.799805,7385.299805,7429.799805,605369500
29-11-2019,7346.5,7421.399902,7346.5,7416.399902,627336500
02-12-2019,7285.899902,7400.299805,7277,7346.5,928558400
03-12-2019,7158.799805,7285.899902,7134.899902,7285.899902,824932200
04-12-2019,7188.5,7190,7139.899902,7158.799805,688011100
05-12-2019,7137.899902,7194.799805,7131.200195,7188.5,650618500
06-12-2019,7239.700195,7241.5,7137.899902,7137.899902,516373000
09-12-2019,7233.899902,7255.700195,7217.799805,7239.700195,619399300
10-12-2019,7213.799805,7234.399902,7137.799805,7233.899902,703527300
11-12-2019,7216.299805,7250.700195,7195.5,7213.799805,820837400
12-12-2019,7273.5,7307.399902,7216.100098,7216.299805,727087300
13-12-2019,7353.399902,7429,7223.399902,7273.5,1906667700
16-12-2019,7519.100098,7552.700195,7353.200195,7353.399902,1045291600
17-12-2019,7525.299805,7537.700195,7497.200195,7519.100098,1096514900
18-12-2019,7540.799805,7557.100098,7515.200195,7525.299805,679287600
19-12-2019,7573.799805,7575.899902,7526.100098,7540.799805,661933000
20-12-2019,7582.5,7599.5,7564.600098,7573.799805,1159724000
23-12-2019,7623.600098,7628.200195,7559.600098,7582.5,539145700
24-12-2019,7632.200195,7636.200195,7608.200195,7623.600098,185671600
27-12-2019,7644.899902,7665.399902,7622.5,7632.200195,311117100
30-12-2019,7587.100098,7644.899902,7587.100098,7644.899902,304247900
31-12-2019,7542.399902,7587.399902,7532.399902,7587.100098,212142200
02-01-2020,7604.299805,7624.799805,7542.399902,7542.399902,482206700
03-01-2020,7622.399902,7626.399902,7551,7604.299805,475628900
06-01-2020,7575.299805,7622.399902,7528.100098,7622.399902,516783400
07-01-2020,7573.899902,7604.600098,7562.100098,7575.299805,511576100
08-01-2020,7574.899902,7579.5,7525,7573.899902,606225000
09-01-2020,7598.100098,7627.799805,7574.899902,7574.899902,653838100
10-01-2020,7587.899902,7632,7585.100098,7598.100098,651315600
13-01-2020,7617.600098,7635.799805,7582.5,7587.899902,659019400
14-01-2020,7622.399902,7650.700195,7588.799805,7617.600098,697648200
15-01-2020,7642.799805,7642.799805,7609.399902,7622.399902,730575200
16-01-2020,7609.799805,7653.600098,7595.299805,7642.799805,573564200
17-01-2020,7674.600098,7689.700195,7609.799805,7609.799805,631970100
20-01-2020,7651.399902,7682.799805,7639.600098,7674.600098,358980900
21-01-2020,7610.700195,7651.399902,7550.5,7651.399902,656519300
22-01-2020,7571.899902,7637.399902,7563.5,7610.700195,604636000
23-01-2020,7507.700195,7572.100098,7503.200195,7571.899902,668616300
24-01-2020,7586,7642.200195,7507.600098,7507.700195,605760000
27-01-2020,7412.100098,7586,7392.799805,7586,679457100
28-01-2020,7480.700195,7491.399902,7410.399902,7412.100098,535852000
29-01-2020,7483.600098,7514.700195,7462.200195,7480.700195,525036700
30-01-2020,7382,7483.600098,7357.600098,7483.600098,685501900
31-01-2020,7286,7398.299805,7275,7382,714049600
03-02-2020,7326.299805,7360,7285.200195,7286,645846700
04-02-2020,7439.799805,7442.100098,7326.299805,7326.299805,696703600
05-02-2020,7482.5,7512.399902,7408.5,7439.799805,818911400
06-02-2020,7504.799805,7533.600098,7482.5,7482.5,673947900
07-02-2020,7466.700195,7506.299805,7441.100098,7504.799805,705974200
10-02-2020,7446.899902,7466.700195,7427.899902,7466.700195,612817500
11-02-2020,7499.399902,7529.5,7446.899902,7446.899902,700689800
12-02-2020,7534.399902,7547.700195,7499,7499.399902,573044200
13-02-2020,7452,7534.399902,7406.899902,7534.399902,823565400
14-02-2020,7409.100098,7472.899902,7403.700195,7452,629855000
17-02-2020,7433.299805,7450,7409.100098,7409.100098,394565700
18-02-2020,7382,7433.299805,7353.399902,7433.299805,786827200
19-02-2020,7457,7462,7382,7382,602975900
20-02-2020,7436.600098,7480.5,7436.600098,7457,780481500
21-02-2020,7403.899902,7436.700195,7370.600098,7436.600098,872594700
24-02-2020,7156.799805,7403.899902,7114.5,7403.899902,1081479400
25-02-2020,7017.899902,7198.200195,7004.899902,7156.799805,976469000
26-02-2020,7042.5,7044.700195,6871.899902,7017.899902,982409600
27-02-2020,6796.399902,7042.5,6730,7042.5,1224827000
28-02-2020,6580.600098,6796.399902,6460.100098,6796.399902,1979835300
02-03-2020,6654.899902,6775.200195,6496,6580.600098,1770844200
03-03-2020,6718.200195,6846.299805,6654.899902,6654.899902,1277190200
04-03-2020,6815.600098,6856.299805,6700.200195,6718.200195,1115783100
05-03-2020,6705.399902,6834.100098,6662.600098,6815.600098,1146893100
06-03-2020,6462.600098,6705.399902,6431.399902,6705.399902,1377953500
09-03-2020,5965.799805,6462.600098,5891.600098,6462.600098,2098798700
10-03-2020,5960.200195,6231.100098,5927.899902,5965.799805,1729622400
11-03-2020,5876.5,6088.5,5860.799805,5960.200195,1507518600
12-03-2020,5237.5,5876.5,5237.5,5876.5,2209275500
13-03-2020,5366.100098,5696.5,5237.5,5237.5,1935105000
16-03-2020,5151.100098,5366.100098,4898.799805,5366.100098,2111567500
17-03-2020,5294.899902,5309,4978.799805,5151.100098,1941164900
18-03-2020,5080.600098,5294.899902,5006.200195,5294.899902,1837075100
19-03-2020,5151.600098,5181,4942.399902,5080.600098,1963412200
20-03-2020,5190.799805,5419.299805,5151.600098,5151.600098,2585565700
23-03-2020,4993.899902,5194.799805,4922.799805,5190.799805,1629604900
24-03-2020,5446,5446,4993.899902,4993.899902,1582421000
25-03-2020,5688.200195,5741.399902,5400.5,5446,1860995600
26-03-2020,5815.700195,5815.700195,5503.399902,5688.200195,1536739000
27-03-2020,5510.299805,5815.700195,5407.100098,5815.700195,1457210400
30-03-2020,5563.700195,5567.200195,5351.799805,5510.299805,1136875400
31-03-2020,5672,5702.700195,5545.899902,5563.700195,1602112800
01-04-2020,5454.600098,5672,5414.700195,5672,1670362100
02-04-2020,5480.200195,5552.399902,5395.100098,5454.600098,1554286900
03-04-2020,5415.5,5486.299805,5396.700195,5480.200195,1180517400
06-04-2020,5582.399902,5590.600098,5415.5,5415.5,1207951800
07-04-2020,5704.5,5780.200195,5582.399902,5582.399902,1563928500
08-04-2020,5677.700195,5704.5,5589.700195,5704.5,1133735000
09-04-2020,5842.700195,5842.700195,5677.700195,5677.700195,1290301300
14-04-2020,5791.299805,5894.700195,5779,5842.700195,1056846100
15-04-2020,5597.700195,5791.700195,5576.399902,5791.299805,1375971300
16-04-2020,5628.399902,5657.600098,5577.799805,5597.700195,1073687700
17-04-2020,5787,5839.299805,5628.399902,5628.399902,1204085900
20-04-2020,5812.799805,5823.899902,5707.700195,5787,822613800
21-04-2020,5641,5812.799805,5641,5812.799805,888662400
22-04-2020,5770.600098,5777.100098,5641,5641,866999300
23-04-2020,5826.600098,5843.600098,5735.899902,5770.600098,882116400
24-04-2020,5752.200195,5827.200195,5728.799805,5826.600098,808821600
27-04-2020,5846.799805,5855.600098,5752.200195,5752.200195,792246400
28-04-2020,5958.5,5977.799805,5835.899902,5846.799805,1196850700
29-04-2020,6115.299805,6129.600098,5950.799805,5958.5,1288097400
30-04-2020,5901.200195,6151.600098,5897.899902,6115.299805,1933348900
01-05-2020,5763.100098,5901.200195,5746.100098,5901.200195,781328900
04-05-2020,5753.799805,5792.899902,5702,5763.100098,1038977200
05-05-2020,5849.399902,5869.5,5753.799805,5753.799805,969041200
06-05-2020,5853.799805,5897.399902,5839.600098,5849.399902,973242800
07-05-2020,5936,5941.899902,5853.600098,5853.799805,967707400
11-05-2020,5939.700195,5999.100098,5898.299805,5936,1041393600
12-05-2020,5994.799805,6013,5911.399902,5939.700195,939767700
13-05-2020,5904.100098,5994.799805,5893.399902,5994.799805,1055705500
14-05-2020,5741.5,5904.100098,5661.100098,5904.100098,1152459900
15-05-2020,5799.799805,5837.899902,5741.5,5741.5,927433300
18-05-2020,6048.600098,6058.200195,5799.600098,5799.799805,930325200
19-05-2020,6002.200195,6112,5965.100098,6048.600098,1001641500
20-05-2020,6067.200195,6074.5,5961.600098,6002.200195,925383600
21-05-2020,6015.299805,6093.700195,6004.100098,6067.200195,1135941900
22-05-2020,5993.299805,6015.299805,5888.600098,6015.299805,986007000
26-05-2020,6067.799805,6130.100098,5993.299805,5993.299805,1252539600
27-05-2020,6144.299805,6168,6067.799805,6067.799805,1559401400
28-05-2020,6218.799805,6234,6144.299805,6144.299805,1210102000
29-05-2020,6076.600098,6218.799805,6060.200195,6218.799805,2246313300
01-06-2020,6166.399902,6179.299805,6076.600098,6076.600098,742112200
02-06-2020,6220.100098,6238.299805,6165.100098,6166.399902,1192259900
03-06-2020,6382.399902,6394.700195,6220.100098,6220.100098,1232836600
04-06-2020,6341.399902,6402.600098,6314.600098,6382.399902,1041769100
05-06-2020,6484.299805,6490,6341.399902,6341.399902,1398374600
08-06-2020,6472.600098,6511.799805,6423.100098,6484.299805,1305560800
09-06-2020,6335.700195,6475,6325.100098,6472.600098,1322614400
10-06-2020,6329.100098,6387.399902,6293.799805,6335.700195,1115769600
11-06-2020,6076.700195,6329.100098,6076.700195,6329.100098,1117426600
12-06-2020,6105.200195,6184.299805,5993.200195,6076.700195,1059920700
15-06-2020,6064.700195,6105.200195,5952.399902,6105.200195,907815700
16-06-2020,6242.799805,6299,6064.700195,6064.700195,1028926100
17-06-2020,6253.299805,6309.700195,6233.200195,6242.799805,863307200
18-06-2020,6224.100098,6285,6184.899902,6253.299805,782893800
19-06-2020,6292.600098,6319.799805,6224.100098,6224.100098,1685754500
22-06-2020,6244.600098,6309,6225.5,6292.600098,793214300
23-06-2020,6320.100098,6342.200195,6244.600098,6244.600098,685327800
24-06-2020,6123.700195,6320.100098,6123.700195,6320.100098,768655700
25-06-2020,6147.100098,6162.399902,6029.299805,6123.700195,813511600
26-06-2020,6159.299805,6262.100098,6147.100098,6147.100098,698906500
29-06-2020,6225.799805,6252,6123,6159.299805,720430800
30-06-2020,6169.700195,6237.5,6147,6225.799805,827284200
01-07-2020,6158,6202,6084.5,6169.700195,724502100
02-07-2020,6240.399902,6258.600098,6158,6158,806189500
03-07-2020,6157.299805,6262.700195,6137.100098,6240.399902,504568000
06-07-2020,6285.899902,6304.200195,6157.299805,6157.299805,697122600
07-07-2020,6189.899902,6285.899902,6180,6285.899902,600362300
08-07-2020,6156.200195,6208.399902,6144.5,6189.899902,625796600
09-07-2020,6049.600098,6176.799805,6040.299805,6156.200195,670967000
10-07-2020,6095.399902,6108.200195,6003.200195,6049.600098,685330800
13-07-2020,6176.200195,6187.299805,6095.399902,6095.399902,614241100
14-07-2020,6179.799805,6179.799805,6093.200195,6176.200195,717546900
15-07-2020,6292.700195,6323.600098,6179.799805,6179.799805,747302000
16-07-2020,6250.700195,6296.799805,6227.299805,6292.700195,521796200
17-07-2020,6290.299805,6293.700195,6230,6250.700195,687096800
20-07-2020,6261.5,6297.600098,6222.200195,6290.299805,494263500
21-07-2020,6269.700195,6315.700195,6253.899902,6261.5,753531600
22-07-2020,6207.100098,6271,6197.5,6269.700195,745230100
23-07-2020,6211.399902,6273.600098,6202.899902,6207.100098,605739200
24-07-2020,6123.799805,6211.399902,6099.100098,6211.399902,679819200
27-07-2020,6104.899902,6127.600098,6086.600098,6123.799805,704383900
28-07-2020,6129.299805,6149.899902,6083.700195,6104.899902,612575200
29-07-2020,6131.5,6155.100098,6116.700195,6129.299805,718093000
30-07-2020,5990,6145.799805,5924.700195,6131.5,1229813400
31-07-2020,5897.799805,6046.299805,5897.799805,5990,1007598800
03-08-2020,6032.899902,6038.799805,5857.100098,5897.799805,948540800
04-08-2020,6036,6056.5,5986.799805,6032.899902,766666900
05-08-2020,6104.700195,6111.5,6036,6036,715558400
06-08-2020,6026.899902,6104.700195,5980.399902,6104.700195,629266500
07-08-2020,6032.200195,6046,5996.700195,6026.899902,540972400
10-08-2020,6050.600098,6099.5,6028.5,6032.200195,558064500
11-08-2020,6154.299805,6206,6050.600098,6050.600098,758790700
12-08-2020,6280.100098,6297.200195,6151.600098,6154.299805,680848000
13-08-2020,6185.600098,6280.100098,6185.600098,6280.100098,515765800
14-08-2020,6090,6185.600098,6036.100098,6185.600098,513442300
17-08-2020,6127.399902,6140.200195,6061.5,6090,500314600
18-08-2020,6076.600098,6162.700195,6062.600098,6127.399902,502242600
19-08-2020,6112,6114.799805,6045,6076.600098,425040900
20-08-2020,6013.299805,6112,6009.600098,6112,505170900
21-08-2020,6001.899902,6036.5,5948.799805,6013.299805,545211700
24-08-2020,6104.700195,6119.799805,6001.899902,6001.899902,452722200
25-08-2020,6037,6173.5,6032.100098,6104.700195,538992400
26-08-2020,6045.600098,6050.799805,5992.200195,6037,405657200
27-08-2020,6000,6062.5,6000,6045.600098,496427000
28-08-2020,5963.600098,6033,5962.5,6000,928308900
01-09-2020,5862.100098,5972.5,5824,5963.600098,1041226100
02-09-2020,5941,5974.700195,5862.100098,5862.100098,670603500
03-09-2020,5850.899902,5996.200195,5838,5941,698951400
04-09-2020,5799.100098,5904.200195,5778.399902,5850.899902,672211400
07-09-2020,5937.399902,5946.899902,5798.5,5799.100098,542562600
08-09-2020,5930.299805,5985.299805,5868.899902,5937.399902,741088100
09-09-2020,6012.799805,6031.299805,5923.399902,5930.299805,670411100
10-09-2020,6003.299805,6028.799805,5950.600098,6012.799805,602947200
11-09-2020,6032.100098,6057.700195,5992.899902,6003.299805,532206600
14-09-2020,6026.299805,6080,6011.799805,6032.100098,599027600
15-09-2020,6105.5,6123.700195,6026.200195,6026.299805,696475100
16-09-2020,6078.5,6119.200195,6057.600098,6105.5,712218600
17-09-2020,6049.899902,6078.5,5998.700195,6078.5,614989900
18-09-2020,6007.100098,6055.200195,6006.299805,6049.899902,1606438900
21-09-2020,5804.299805,6007.100098,5779.200195,6007.100098,989724600
22-09-2020,5829.5,5871.299805,5794.5,5804.299805,793986600
23-09-2020,5899.299805,5974.899902,5829.5,5829.5,745841800
24-09-2020,5822.799805,5899.299805,5805.299805,5899.299805,707125700
25-09-2020,5842.700195,5843.700195,5771.5,5822.799805,742745800
28-09-2020,5927.899902,5954.399902,5842.700195,5842.700195,915339300
29-09-2020,5897.5,5927.899902,5862.899902,5927.899902,677894800
30-09-2020,5866.100098,5931.399902,5854.5,5897.5,831982500
01-10-2020,5879.5,5925.799805,5849.799805,5866.100098,729252500
02-10-2020,5902.100098,5902.100098,5809.600098,5879.5,708115400
05-10-2020,5942.899902,5974.200195,5902.100098,5902.100098,637260500
06-10-2020,5949.899902,5971.5,5903.399902,5942.899902,911383000
07-10-2020,5946.299805,5977.200195,5929.200195,5949.899902,762006800
08-10-2020,5978,6004.200195,5929.399902,5946.299805,741665900
09-10-2020,6016.700195,6040.5,5978,5978,676779000
12-10-2020,6001.399902,6037.100098,5995.100098,6016.700195,600961600
13-10-2020,5969.700195,6008,5950,6001.399902,786877800
14-10-2020,5935.100098,6009.799805,5926.5,5969.700195,613220800
15-10-2020,5832.5,5935.100098,5786.200195,5935.100098,667215200
16-10-2020,5919.600098,5933.799805,5832.5,5832.5,669807200
19-10-2020,5884.700195,5959.700195,5872,5919.600098,522720700
20-10-2020,5889.200195,5915.5,5861.799805,5884.700195,576524900
21-10-2020,5776.5,5903.399902,5769.600098,5889.200195,632347400
22-10-2020,5785.700195,5796.399902,5716.399902,5776.5,664916300
23-10-2020,5860.299805,5885.399902,5781.799805,5785.700195,852798000
26-10-2020,5792,5868.399902,5782.399902,5860.299805,870052100
27-10-2020,5729,5806.200195,5728.200195,5792,756732600
28-10-2020,5582.799805,5729,5525.5,5729,1107558600
29-10-2020,5581.799805,5616.600098,5534.700195,5582.799805,964959700
30-10-2020,5577.299805,5593.399902,5534.100098,5581.799805,823613300
02-11-2020,5655,5665.299805,5554.700195,5577.299805,755064600
03-11-2020,5786.799805,5787.600098,5655,5655,803790300
04-11-2020,5883.299805,5885.700195,5711.200195,5786.799805,781517600
05-11-2020,5906.200195,5933.100098,5881.899902,5883.299805,900001200
06-11-2020,5910,5950.200195,5858.5,5906.200195,848478100
09-11-2020,6186.299805,6258.299805,5910,5910,2067706200
10-11-2020,6296.899902,6307,6180.5,6186.299805,1717346100
11-11-2020,6382.100098,6397.299805,6293.200195,6296.899902,1283397300
12-11-2020,6338.899902,6382.100098,6295.799805,6382.100098,1014492200
13-11-2020,6316.399902,6339,6280.399902,6338.899902,1010712500
16-11-2020,6421.299805,6463.5,6316.399902,6316.399902,1293581100
17-11-2020,6365.299805,6424.5,6309,6421.299805,1225248200
18-11-2020,6385.200195,6395.899902,6326.700195,6365.299805,979740000
19-11-2020,6334.399902,6385.200195,6314.299805,6385.200195,929024200
20-11-2020,6351.5,6386.700195,6324.600098,6334.399902,821112500
23-11-2020,6333.799805,6392.100098,6325.200195,6351.5,943708400
24-11-2020,6432.200195,6432.399902,6333.700195,6333.799805,1301560700
25-11-2020,6391.100098,6468.700195,6375.299805,6432.200195,1129314000
26-11-2020,6362.899902,6412.700195,6349.5,6391.100098,736272500
27-11-2020,6367.600098,6375.899902,6302.200195,6362.899902,1448127900
30-11-2020,6266.200195,6404,6266.200195,6367.600098,1355075300
01-12-2020,6384.700195,6400.200195,6263.600098,6266.200195,839858300
02-12-2020,6463.399902,6468.600098,6367.5,6384.700195,936842800
03-12-2020,6490.299805,6491.5,6430.299805,6463.399902,943214500
04-12-2020,6550.200195,6559.200195,6489.799805,6490.299805,1073110600
07-12-2020,6555.399902,6601.100098,6519.799805,6550.200195,1058250500
08-12-2020,6558.799805,6567.600098,6518.399902,6555.399902,758186800
09-12-2020,6564.299805,6623,6558.799805,6558.799805,769345300
10-12-2020,6599.799805,6640.700195,6561.100098,6564.299805,1109877200
11-12-2020,6546.799805,6607.399902,6520.5,6599.799805,1069085700
14-12-2020,6531.799805,6583.700195,6524.700195,6546.799805,870265400
15-12-2020,6513.299805,6558.200195,6484,6531.799805,737394700
16-12-2020,6570.899902,6598.399902,6513.299805,6513.299805,860333700
17-12-2020,6551.100098,6601.600098,6551.100098,6570.899902,725533900
18-12-2020,6529.200195,6604.5,6518.299805,6551.100098,1200513100
21-12-2020,6416.299805,6529.200195,6315.299805,6529.200195,1118314800
23-12-2020,6495.799805,6497.299805,6431.200195,6453.200195,807695400
24-12-2020,6502.100098,6530.299805,6479.600098,6495.799805,477470700
29-12-2020,6602.700195,6676.600098,6502.100098,6502.100098,824116800
30-12-2020,6555.799805,6623,6552.5,6602.700195,425493000
31-12-2020,6460.5,6555.799805,6439.399902,6555.799805,316943900
04-01-2021,6571.899902,6662.700195,6460.5,6460.5,965097800
05-01-2021,6612.299805,6622.799805,6544.299805,6571.899902,718950800
06-01-2021,6841.899902,6859.100098,6611.899902,6612.299805,1249709500
07-01-2021,6857,6903.600098,6795.100098,6841.899902,939652600
08-01-2021,6873.299805,6886.299805,6836.100098,6857,850778500
11-01-2021,6798.5,6873.299805,6768.700195,6873.299805,707799500
12-01-2021,6754.100098,6816.700195,6738.200195,6798.5,648158800
13-01-2021,6745.5,6772.600098,6736,6754.100098,619448200
14-01-2021,6802,6802,6736.799805,6745.5,685978100
15-01-2021,6735.700195,6802.100098,6676.600098,6802,740665600
18-01-2021,6720.700195,6741.5,6709.299805,6735.700195,359826900
19-01-2021,6713,6770.700195,6697.700195,6720.700195,618144700
20-01-2021,6740.399902,6751.799805,6697.5,6713,687499600
21-01-2021,6715.399902,6776.899902,6715.399902,6740.399902,621554400
22-01-2021,6695.100098,6715.700195,6651.700195,6715.399902,693954900
25-01-2021,6638.899902,6714.600098,6610.299805,6695.100098,761260500
26-01-2021,6654,6702.399902,6636.299805,6638.899902,683485900
27-01-2021,6567.399902,6661.299805,6505.799805,6654,982451100
28-01-2021,6526.200195,6567.399902,6439.600098,6567.399902,869048100
29-01-2021,6407.5,6526.200195,6397.200195,6526.200195,870670500
01-02-2021,6466.399902,6495.600098,6407.5,6407.5,746038100
02-02-2021,6516.700195,6523.5,6466.399902,6466.399902,719054200
03-02-2021,6507.799805,6573.100098,6489.5,6516.700195,717525200
04-02-2021,6503.700195,6553.399902,6478.200195,6507.799805,989919900
05-02-2021,6489.299805,6518.700195,6457.600098,6503.700195,984403300
08-02-2021,6523.5,6567.700195,6489.299805,6489.299805,818871300
09-02-2021,6531.600098,6541,6501,6523.5,544655300
10-02-2021,6524.399902,6577,6481,6531.600098,782043000
11-02-2021,6528.700195,6554.200195,6514.899902,6524.399902,673184700
12-02-2021,6589.799805,6589.799805,6485.100098,6528.700195,495851300
15-02-2021,6756.100098,6775.399902,6589.799805,6589.799805,825488200
16-02-2021,6748.899902,6799.899902,6736.899902,6756.100098,817289800
17-02-2021,6710.899902,6760.299805,6701.600098,6748.899902,755390100
18-02-2021,6617.200195,6721.799805,6591.399902,6710.899902,847018200
19-02-2021,6624,6646.200195,6600.600098,6617.200195,976444700
22-02-2021,6612.200195,6624.700195,6545.899902,6624,846468100
23-02-2021,6625.899902,6675.399902,6555.899902,6612.200195,1154639900
24-02-2021,6659,6669.899902,6572.299805,6625.899902,1141083000
25-02-2021,6652,6702.899902,6644.700195,6659,852469800
26-02-2021,6483.399902,6652,6465.600098,6652,1279039900
01-03-2021,6588.5,6612.700195,6483.399902,6483.399902,708419900
02-03-2021,6613.799805,6660.799805,6560.899902,6588.5,682614300
03-03-2021,6675.5,6705.299805,6613.799805,6613.799805,937329300
04-03-2021,6650.899902,6675.5,6581.200195,6675.5,938807000
05-03-2021,6630.5,6710.799805,6560.799805,6650.899902,1027477500
08-03-2021,6719.100098,6726.399902,6612.700195,6630.5,972755300
09-03-2021,6730.299805,6786.799805,6689.899902,6719.100098,952946800
10-03-2021,6725.600098,6740.799805,6677,6730.299805,725796800
11-03-2021,6737,6755.299805,6699.299805,6725.600098,714706900
12-03-2021,6761.5,6766.399902,6709,6737,706134500
15-03-2021,6749.700195,6804.899902,6723.700195,6761.5,670767900
16-03-2021,6803.600098,6812.799805,6749.600098,6749.700195,8494800
17-03-2021,6762.700195,6805.700195,6753.799805,6803.600098,8378200
18-03-2021,6779.700195,6791.799805,6740.5,6762.700195,825204500
19-03-2021,6708.700195,6779.700195,6664.600098,6779.700195,1819149000
22-03-2021,6726.100098,6732.700195,6651,6708.700195,811558900
23-03-2021,6699.200195,6726.100098,6664.799805,6726.100098,861618700
24-03-2021,6712.899902,6722.600098,6649.399902,6699.200195,942724200
25-03-2021,6674.799805,6729.899902,6618.600098,6712.899902,768539700
26-03-2021,6740.600098,6742.100098,6674.799805,6674.799805,748208300
29-03-2021,6736.200195,6758.799805,6705.399902,6740.600098,624496600
30-03-2021,6772.100098,6792.200195,6729.5,6736.200195,664395600
31-03-2021,6713.600098,6775.700195,6713.600098,6772.100098,854819600
01-04-2021,6737.299805,6766.5,6713.600098,6713.600098,592371100
06-04-2021,6823.600098,6843.700195,6737.299805,6737.299805,773873100
07-04-2021,6885.299805,6898.399902,6823.600098,6823.600098,708769700
08-04-2021,6942.200195,6942.200195,6884.799805,6885.299805,792318200
09-04-2021,6915.799805,6949.600098,6906.399902,6942.200195,615052100
12-04-2021,6889.100098,6916.100098,6853.799805,6915.799805,639363600
13-04-2021,6890.5,6895.100098,6859.700195,6889.100098,572405700
14-04-2021,6939.600098,6942.299805,6880.700195,6890.5,596867000
15-04-2021,6983.5,6994.899902,6939.299805,6939.600098,651402900
16-04-2021,7019.5,7037.700195,6983.5,6983.5,742505700
19-04-2021,7000.100098,7040.299805,6979.200195,7019.5,529712700
20-04-2021,6859.899902,7001.299805,6857.100098,7000.100098,825253600
21-04-2021,6895.299805,6914.899902,6859.600098,6859.899902,662064600
22-04-2021,6938.200195,6941.100098,6889.299805,6895.299805,647196400
23-04-2021,6938.600098,6938.600098,6891.799805,6938.200195,582223700
26-04-2021,6963.100098,6971.5,6913.399902,6938.600098,511633400
27-04-2021,6945,6975.100098,6929.799805,6963.100098,658634400
28-04-2021,6963.700195,6986.700195,6944.100098,6945,990231900
29-04-2021,6961.5,7019.799805,6953.899902,6963.700195,657930300
30-04-2021,6969.799805,7009.5,6946,6961.5,831625600
04-05-2021,6923.200195,7034.299805,6912.299805,6969.799805,911981600
05-05-2021,7039.299805,7047.799805,6923.200195,6923.200195,734979800
06-05-2021,7076.200195,7076.200195,7026.799805,7039.299805,764405400
07-05-2021,7129.700195,7143.5,7076.200195,7076.200195,624763100
10-05-2021,7123.700195,7164.200195,7104.399902,7129.700195,744129400
11-05-2021,6948,7123.700195,6912.399902,7123.700195,933225500
12-05-2021,7004.600098,7028.100098,6945.299805,6948,743459700
13-05-2021,6963.299805,7004.600098,6823.600098,7004.600098,660813600
14-05-2021,7043.600098,7048.700195,6963.299805,6963.299805,845954300
17-05-2021,7032.899902,7066.799805,6989.100098,7043.600098,582188300
18-05-2021,7034.200195,7102.600098,7030.399902,7032.899902,736327300
19-05-2021,6950.200195,7034.200195,6897.100098,7034.200195,729532000
20-05-2021,7019.799805,7019.799805,6926.899902,6950.200195,626003200
21-05-2021,7018.100098,7028.200195,6973.299805,7019.799805,803607300
24-05-2021,7051.600098,7054.600098,7013.5,7018.100098,422927700
25-05-2021,7029.799805,7067.600098,7029.799805,7051.600098,619367600
26-05-2021,7026.899902,7050.899902,6998.200195,7029.799805,619965100
27-05-2021,7019.700195,7044,7008.5,7026.899902,1422973500
28-05-2021,7022.600098,7054.899902,7019.600098,7019.700195,786614400
01-06-2021,7080.5,7118,7022.600098,7022.600098,726701500
02-06-2021,7108,7122.5,7074.100098,7080.5,570341500
03-06-2021,7064.399902,7108,7013.899902,7108,617182900
04-06-2021,7069,7071.799805,7039.700195,7064.399902,425216000
07-06-2021,7077.200195,7098.299805,7042.200195,7069,963131300
08-06-2021,7095.100098,7120.700195,7074.899902,7077.200195,550005100
09-06-2021,7081,7095.700195,7046,7095.100098,575133700
10-06-2021,7088.200195,7117.700195,7080,7081,574917100
11-06-2021,7134.100098,7140.700195,7088.200195,7088.200195,509040600
14-06-2021,7146.700195,7188.299805,7131.799805,7134.100098,551244200
15-06-2021,7172.5,7189.600098,7142.700195,7146.700195,779379400
16-06-2021,7185,7217.5,7169.200195,7172.5,723106300
17-06-2021,7153.399902,7185,7133,7185,724679900
18-06-2021,7017.5,7154.600098,7008.700195,7153.399902,1553511000
21-06-2021,7062.299805,7065.100098,6948.600098,7017.5,820495800
22-06-2021,7090,7098.700195,7061.100098,7062.299805,522524500
23-06-2021,7074.100098,7129.399902,7074.100098,7090,567367400
24-06-2021,7110,7119.399902,7070.899902,7074.100098,726332500
25-06-2021,7136.100098,7139.100098,7109.799805,7110,609038400
28-06-2021,7073,7136.200195,7072,7136.100098,682531900
29-06-2021,7087.600098,7120.799805,7071.899902,7073,531015400
30-06-2021,7037.5,7100.700195,7010.600098,7087.600098,659209600
01-07-2021,7125.200195,7134.200195,7037.5,7037.5,631273700
02-07-2021,7123.299805,7162.200195,7110.299805,7125.200195,520006400
05-07-2021,7164.899902,7168,7111.5,7123.299805,384449600
06-07-2021,7100.899902,7170.600098,7075.700195,7164.899902,635763200
07-07-2021,7151,7153.700195,7100.899902,7100.899902,600040700
08-07-2021,7030.700195,7151,6981.600098,7151,741526200
09-07-2021,7121.899902,7121.899902,7030.200195,7030.700195,577541200
12-07-2021,7125.399902,7134.899902,7066.200195,7121.899902,484702100
13-07-2021,7124.700195,7152.399902,7116.299805,7125.399902,613836900
14-07-2021,7091.200195,7124.700195,7073.600098,7124.700195,565377200
15-07-2021,7012,7111.799805,7005,7091.200195,612974400
16-07-2021,7008.100098,7056.700195,6978.100098,7012,617556700
19-07-2021,6844.399902,7008.100098,6813,7008.100098,817237100
20-07-2021,6881.100098,6929.899902,6827.299805,6844.399902,941993900
21-07-2021,6998.299805,7007.799805,6881.100098,6881.100098,784895600
22-07-2021,6968.299805,7019,6956.200195,6998.299805,497512000
23-07-2021,7027.600098,7033.299805,6968.299805,6968.299805,461681400
26-07-2021,7025.399902,7038.700195,6980.700195,7027.600098,524700700
27-07-2021,6996.100098,7028.399902,6929.600098,7025.399902,516983900
28-07-2021,7016.600098,7023.399902,6974.799805,6996.100098,595315800
29-07-2021,7078.399902,7093.899902,7008.700195,7016.600098,789496800
30-07-2021,7032.299805,7078.399902,6996.899902,7078.399902,674951500
02-08-2021,7081.700195,7111.700195,7032.299805,7032.299805,526271100
03-08-2021,7105.700195,7119.200195,7074.299805,7081.700195,613947100
04-08-2021,7123.899902,7142.5,7105.700195,7105.700195,618704700
05-08-2021,7120.399902,7130.399902,7099,7123.899902,814802900
06-08-2021,7123,7135.399902,7103.700195,7120.399902,677358200
09-08-2021,7132.299805,7138.799805,7089.700195,7123,525136800
10-08-2021,7161,7166.700195,7115.899902,7132.299805,559144000
11-08-2021,7220.100098,7220.100098,7157.700195,7161,536436100
12-08-2021,7193.200195,7220.700195,7182.899902,7220.100098,574940100
13-08-2021,7218.700195,7224.5,7193.100098,7193.200195,501180000
16-08-2021,7154,7218.700195,7117.799805,7218.700195,522255500
17-08-2021,7181.100098,7188.600098,7118.700195,7154,573595700
18-08-2021,7169.299805,7198.799805,7143.600098,7181.100098,792002500
19-08-2021,7058.899902,7169.299805,6993.100098,7169.299805,602767800
20-08-2021,7087.899902,7095.600098,7032.5,7058.899902,549551400
23-08-2021,7109,7147.799805,7087.899902,7087.899902,493195600
24-08-2021,7125.799805,7129.700195,7076.100098,7109,582751900
25-08-2021,7150.100098,7151.799805,7121.299805,7125.799805,510382500
26-08-2021,7125,7150.100098,7095.399902,7150.100098,391705500
27-08-2021,7148,7157.600098,7108.5,7125,425583800
31-08-2021,7119.700195,7160.5,7092,7148,1002276600
01-09-2021,7149.799805,7187.299805,7119.700195,7119.700195,522902700
02-09-2021,7163.899902,7168.799805,7129.700195,7149.799805,538705600
03-09-2021,7138.399902,7182.200195,7123.899902,7163.899902,499092300
06-09-2021,7187.200195,7195.600098,7138.399902,7138.399902,306418900
07-09-2021,7149.399902,7187.200195,7147.899902,7187.200195,466824500
08-09-2021,7095.5,7149.399902,7061.100098,7149.399902,567994400
09-09-2021,7024.200195,7095.5,6998.600098,7095.5,695389400
10-09-2021,7029.200195,7055.200195,7014.399902,7024.200195,492655900
13-09-2021,7068.399902,7090.799805,7029.200195,7029.200195,545721200
14-09-2021,7034.100098,7068.5,7020.100098,7068.399902,678394800
15-09-2021,7016.5,7047.299805,7016.5,7034.100098,772561700
16-09-2021,7027.5,7059,7016.299805,7016.5,667606300
17-09-2021,6963.600098,7092.700195,6941.700195,7027.5,1627774500
20-09-2021,6903.899902,6963.600098,6828.299805,6963.600098,905908000
21-09-2021,6981,7004.899902,6903.899902,6903.899902,811822000
22-09-2021,7083.399902,7090.5,6981,6981,623048700
23-09-2021,7078.399902,7131.399902,7070.700195,7083.399902,731206400
24-09-2021,7051.5,7080.200195,7041.299805,7078.399902,836348200
27-09-2021,7063.399902,7122.100098,7043.200195,7051.5,900413700
28-09-2021,7028.100098,7071.399902,7015.600098,7063.399902,819400500
29-09-2021,7108.200195,7117.5,7026.899902,7028.100098,810850000
30-09-2021,7086.399902,7159.600098,7072.600098,7108.200195,868050200
01-10-2021,7027.100098,7086.399902,6989.600098,7086.399902,815417000
04-10-2021,7011,7072.5,7002.700195,7027.100098,792854800
05-10-2021,7077.100098,7084.5,7011,7011,846145500
06-10-2021,6995.899902,7077.100098,6945.5,7077.100098,944014100
07-10-2021,7078,7094.899902,6995.899902,6995.899902,709629100
08-10-2021,7095.600098,7109.299805,7070.5,7078,707356500
11-10-2021,7146.899902,7146.899902,7085.899902,7095.600098,709511700
12-10-2021,7130.200195,7146.899902,7063.399902,7146.899902,815613600
13-10-2021,7141.799805,7152.899902,7087.899902,7130.200195,1041234500
14-10-2021,7207.700195,7216.200195,7141.799805,7141.799805,785955800
15-10-2021,7234,7243.899902,7206.299805,7207.700195,813605700
18-10-2021,7203.799805,7234,7180.200195,7234,580835500
19-10-2021,7217.5,7223.299805,7189.5,7203.799805,677316100
20-10-2021,7223.100098,7229.299805,7199.299805,7217.5,655710900
21-10-2021,7190.299805,7227.100098,7181.700195,7223.100098,615511300
22-10-2021,7204.600098,7235.200195,7190.299805,7190.299805,482745100
25-10-2021,7222.799805,7247.5,7204.600098,7204.600098,590620500
26-10-2021,7277.600098,7281.200195,7222.799805,7222.799805,683335400
27-10-2021,7253.299805,7280.5,7247.299805,7277.600098,606503800
28-10-2021,7249.5,7257.899902,7219.700195,7253.299805,677063000
29-10-2021,7237.600098,7249.5,7192.100098,7249.5,875049200
01-11-2021,7288.600098,7303.399902,7237.600098,7237.600098,644379600
02-11-2021,7274.799805,7288.600098,7240,7288.600098,788360700
03-11-2021,7248.899902,7277.600098,7235.299805,7274.799805,729024900
04-11-2021,7279.899902,7293,7247.600098,7248.899902,988387200
05-11-2021,7304,7331.299805,7270,7279.899902,829628100
08-11-2021,7300.399902,7316.5,7293.5,7304,617444100
09-11-2021,7274,7314.100098,7268.799805,7300.399902,780375900
10-11-2021,7340.200195,7340.200195,7270.100098,7274,908302100
11-11-2021,7384.200195,7394.399902,7329.700195,7340.200195,672658500
12-11-2021,7347.899902,7402.700195,7340.5,7384.200195,766415500
15-11-2021,7351.899902,7363.5,7324.100098,7347.899902,604752800
16-11-2021,7327,7368.299805,7324.100098,7351.899902,849713500
17-11-2021,7291.200195,7327,7290,7327,980280900
18-11-2021,7256,7291.299805,7242,7291.200195,590225200
19-11-2021,7223.600098,7289.5,7198.799805,7256,1174484200
22-11-2021,7255.5,7272.600098,7207.799805,7223.600098,638191500
23-11-2021,7266.700195,7293.100098,7204.399902,7255.5,624614500
24-11-2021,7286.299805,7307.899902,7246,7266.700195,661514300
25-11-2021,7310.399902,7311.899902,7286.299805,7286.299805,487924100
26-11-2021,7044,7310.399902,7042.100098,7310.399902,1714871800
29-11-2021,7110,7161.899902,7044,7044,945061900
30-11-2021,7059.5,7110,6989.700195,7110,1459578100
01-12-2021,7168.700195,7182,7059.399902,7059.5,779578300
02-12-2021,7129.200195,7168.700195,7083.200195,7168.700195,724509800
03-12-2021,7122.299805,7196.100098,7105.299805,7129.200195,867111100
06-12-2021,7232.299805,7246.299805,7122.299805,7122.299805,637274000
07-12-2021,7339.899902,7344.700195,7232.299805,7232.299805,783615400
08-12-2021,7337.399902,7378.899902,7333.600098,7339.899902,776663000
09-12-2021,7321.299805,7366.100098,7303,7337.100098,615185100
10-12-2021,7291.799805,7331.600098,7284.799805,7321.299805,533854300
13-12-2021,7231.399902,7309.200195,7226.600098,7291.799805,1173948800
14-12-2021,7218.600098,7284.5,7218.600098,7231.399902,662325900
15-12-2021,7170.799805,7224.899902,7166.799805,7218.600098,813609300
16-12-2021,7260.600098,7273.299805,7170.799805,7170.799805,1155236100
17-12-2021,7269.899902,7286.5,7236.200195,7260.600098,1477578800
20-12-2021,7198,7269.899902,7101,7269.899902,925062200
21-12-2021,7297.399902,7297.399902,7198,7198,683669700
22-12-2021,7341.700195,7341.700195,7273.5,7297.399902,514772900
23-12-2021,7373.299805,7385.399902,7331.100098,7341.700195,422671500
24-12-2021,7372.100098,7403.700195,7368.799805,7373.299805,126005500
29-12-2021,7420.700195,7457.100098,7372.100098,7372.100098,445975700
30-12-2021,7403,7433.399902,7403,7420.700195,266402700
31-12-2021,7384.5,7403,7357.100098,7403,179343800
04-01-2022,7505.200195,7520.799805,7384.5,7384.5,934179500
05-01-2022,7516.899902,7530,7484.299805,7505.200195,707511200
06-01-2022,7450.399902,7516.899902,7420,7516.899902,843728700
07-01-2022,7485.299805,7485.299805,7431.899902,7450.399902,705191000
10-01-2022,7445.299805,7496.100098,7422.899902,7485.299805,1047171300
11-01-2022,7491.399902,7497.100098,7445.299805,7445.299805,727102400
12-01-2022,7551.700195,7564.200195,7491.399902,7491.399902,873805500
13-01-2022,7563.899902,7566.5,7530.100098,7551.700195,776326000
14-01-2022,7543,7568.200195,7523,7563.899902,790074900
17-01-2022,7611.200195,7616.100098,7543,7543,812336800
18-01-2022,7563.600098,7613.100098,7532,7611.200195,953228000
19-01-2022,7589.700195,7614.899902,7525.200195,7563.600098,867104400
20-01-2022,7585,7619,7549.899902,7589.700195,786613700
21-01-2022,7494.100098,7585,7450.5,7585,819199800
24-01-2022,7297.200195,7494.100098,7283.399902,7494.100098,1332106600
25-01-2022,7371.5,7382.600098,7297.200195,7297.200195,851981700
26-01-2022,7469.799805,7525.600098,7371.5,7371.5,783181000
27-01-2022,7554.299805,7596.700195,7388.799805,7469.799805,1022547800
28-01-2022,7466.100098,7554.299805,7420.200195,7554.299805,1529106100
31-01-2022,7464.399902,7524,7450.899902,7466.100098,761419500
01-02-2022,7535.799805,7549.299805,7463,7464.399902,746456700
02-02-2022,7583,7605.600098,7535.799805,7535.799805,719672400
03-02-2022,7528.799805,7605.799805,7528.700195,7583,911775100
04-02-2022,7516.399902,7599.700195,7497.200195,7528.799805,885041900
07-02-2022,7573.5,7591.700195,7508.5,7516.399902,1073651000
08-02-2022,7567.100098,7631.299805,7548.200195,7573.5,804533800
09-02-2022,7643.399902,7657.899902,7567.100098,7567.100098,992005300
10-02-2022,7672.399902,7687.299805,7622.700195,7643.399902,831756900
11-02-2022,7661,7672.399902,7596.100098,7672.399902,909140800
14-02-2022,7531.600098,7661,7483.399902,7661,925229500
15-02-2022,7608.899902,7608.899902,7513.200195,7531.600098,808114200
16-02-2022,7603.799805,7630.700195,7560.899902,7608.899902,1128096000
17-02-2022,7537.399902,7607.200195,7499.899902,7603.799805,776929900
18-02-2022,7513.600098,7570.600098,7508.700195,7537.399902,768986400
21-02-2022,7484.299805,7571.100098,7446.399902,7513.600098,622636900
22-02-2022,7494.200195,7531.299805,7365,7484.299805,1018787100
23-02-2022,7498.200195,7550,7490.5,7494.200195,862648700
24-02-2022,7207,7498.200195,7204.700195,7498.200195,1966584700
25-02-2022,7489.5,7497.899902,7207.399902,7207.399902,1381725400
28-02-2022,7458.299805,7489.5,7361.600098,7489.5,1584580200
01-03-2022,7330.200195,7499.299805,7327.799805,7458.299805,1349616800
02-03-2022,7429.600098,7462.200195,7320.799805,7330.200195,1325548600
03-03-2022,7238.899902,7468.799805,7231.5,7429.600098,1226956300
04-03-2022,6987.100098,7238.899902,6980.899902,7238.899902,1560387400
07-03-2022,6959.5,7030.700195,6788,6987.100098,2177431900
08-03-2022,6964.100098,7013.5,6893.600098,6959.5,1443985900
09-03-2022,7190.700195,7190.700195,6964.100098,6964.100098,1239463500
10-03-2022,7099.100098,7192.799805,7066,7190.700195,1139094000
11-03-2022,7155.600098,7260.399902,7099,7099.100098,973207200
14-03-2022,7193.5,7222.899902,7144,7155.600098,916048600
15-03-2022,7175.700195,7193.5,7075.799805,7193.5,870528100
16-03-2022,7291.700195,7312.200195,7175.700195,7175.700195,1914129400
17-03-2022,7385.299805,7385.299805,7260.5,7291.700195,1095585500
18-03-2022,7404.700195,7406.100098,7318.899902,7385.299805,2316358900
21-03-2022,7442.399902,7465,7402.600098,7404.700195,811977600
22-03-2022,7476.700195,7490.5,7442.399902,7442.399902,1017354500
23-03-2022,7460.600098,7521.100098,7459.399902,7476.700195,859391300
24-03-2022,7467.399902,7492,7453.299805,7460.600098,737167300
25-03-2022,7483.399902,7502.700195,7441.299805,7467.399902,870705400
28-03-2022,7473.100098,7539.299805,7471.5,7483.399902,775526800
29-03-2022,7537.299805,7584.100098,7473.100098,7473.100098,1172893900
30-03-2022,7578.799805,7578.799805,7523.799805,7537.299805,1036020900
31-03-2022,7515.700195,7595.399902,7515.700195,7578.799805,925410900
01-04-2022,7537.899902,7552.5,7508.899902,7515.700195,811395500
04-04-2022,7558.899902,7574.299805,7532.200195,7537.899902,837403600
05-04-2022,7613.700195,7613.700195,7536.200195,7558.899902,1212100600
06-04-2022,7587.700195,7614.100098,7536.200195,7613.700195,1102885900
07-04-2022,7551.799805,7601.5,7537.299805,7587.700195,1153908000
08-04-2022,7669.600098,7669.600098,7551.799805,7551.799805,919254100
11-04-2022,7618.299805,7669.600098,7611.700195,7669.600098,835767000
12-04-2022,7576.700195,7618.299805,7543,7618.299805,772543400
13-04-2022,7580.799805,7597.899902,7550.899902,7576.700195,742706800
14-04-2022,7616.399902,7622.399902,7551.399902,7580.799805,1005764400
19-04-2022,7601.299805,7624.899902,7565.799805,7616.399902,846777100
20-04-2022,7629.200195,7637.899902,7590.600098,7601.299805,1212543400
21-04-2022,7628,7656.5,7596.299805,7629.200195,764750300
22-04-2022,7521.700195,7628,7521.700195,7628,694792900
25-04-2022,7380.5,7521.700195,7339.5,7521.700195,755160100
26-04-2022,7386.200195,7463.200195,7380.5,7380.5,847986700
27-04-2022,7425.600098,7458.200195,7344.899902,7386.200195,958503900
28-04-2022,7509.200195,7519.700195,7425.600098,7425.600098,917004000
29-04-2022,7544.600098,7569.799805,7509.200195,7509.200195,983441700
03-05-2022,7561.299805,7561.299805,7475.700195,7544.600098,1342876200
04-05-2022,7493.5,7572.700195,7493.5,7561.299805,699267900
05-05-2022,7503.299805,7619.399902,7493.5,7493.5,931632400
06-05-2022,7387.899902,7503.299805,7354.100098,7503.299805,1089227300
09-05-2022,7216.600098,7391.600098,7216.600098,7387.899902,803955700
10-05-2022,7243.200195,7311.700195,7216.600098,7216.600098,919988500
11-05-2022,7347.700195,7349.700195,7239,7243.200195,1206944700
12-05-2022,7233.299805,7347.700195,7158.5,7347.700195,966343100
13-05-2022,7418.200195,7422,7233.299805,7233.299805,871946000
16-05-2022,7464.799805,7464.799805,7361.700195,7418.200195,814978400
17-05-2022,7518.399902,7538.700195,7464.799805,7464.799805,821412200
18-05-2022,7438.100098,7526.100098,7438.100098,7518.399902,830397600
19-05-2022,7302.700195,7438.100098,7228.700195,7438.100098,1037438100
20-05-2022,7390,7453.5,7302.700195,7302.700195,790841400
23-05-2022,7513.399902,7513.399902,7390,7390,819767300
24-05-2022,7484.399902,7529.700195,7434.5,7513.399902,1113802600
25-05-2022,7522.799805,7546.399902,7484.399902,7484.399902,898078000
26-05-2022,7564.899902,7575.5,7512.5,7522.799805,709669900
27-05-2022,7585.5,7597.600098,7542.799805,7564.899902,713185000
30-05-2022,7600.100098,7625.600098,7576.399902,7585.5,1009169800
31-05-2022,7607.700195,7648.299805,7591.799805,7600.100098,1620576000
01-06-2022,7533,7639.200195,7529.200195,7607.700195,734829800
06-06-2022,7608.200195,7646.700195,7532.799805,7533,696171700
07-06-2022,7598.899902,7617.5,7570.700195,7608.200195,750124500
08-06-2022,7593,7616.200195,7550.700195,7598.899902,776478300
09-06-2022,7476.200195,7593,7472.299805,7593,771939100
10-06-2022,7317.5,7476.200195,7294.200195,7476.200195,911375600
13-06-2022,7205.799805,7317.5,7174,7317.5,980090400
14-06-2022,7187.5,7271.899902,7135.200195,7205.799805,864847700
15-06-2022,7273.399902,7313.700195,7186.5,7187.5,1089092800
16-06-2022,7045,7273.399902,7039.5,7273.399902,1162889200
17-06-2022,7016.299805,7130.600098,6998.200195,7045,1908921300
20-06-2022,7121.799805,7129.600098,7016.200195,7016.299805,666757200
21-06-2022,7152.100098,7193.899902,7119.299805,7121.799805,580244500
22-06-2022,7089.200195,7152.100098,7030,7152.100098,1204359700
23-06-2022,7020.5,7115.799805,7014.200195,7089.200195,763870700
24-06-2022,7208.799805,7211.100098,7016,7020.5,772223900
27-06-2022,7258.299805,7284.5,7208.5,7208.799805,802411400
28-06-2022,7323.399902,7362.399902,7258.299805,7258.299805,735789800
29-06-2022,7312.299805,7345.5,7263.5,7323.399902,718640800
30-06-2022,7169.299805,7312.299805,7110.700195,7312.299805,903650800
01-07-2022,7168.700195,7214.799805,7101.399902,7169.299805,677216200
04-07-2022,7232.700195,7258.5,7168.700195,7168.700195,420674600
05-07-2022,7025.5,7260.299805,7016.799805,7232.700195,1105144500
06-07-2022,7107.799805,7198.700195,7025.399902,7025.5,933905000
07-07-2022,7189.100098,7213.100098,7107.799805,7107.799805,1108987400
08-07-2022,7196.200195,7210.600098,7129.200195,7189.100098,604222100
11-07-2022,7196.600098,7204.100098,7097.399902,7196.200195,676893400
12-07-2022,7209.899902,7216.899902,7143.299805,7196.600098,855143900
13-07-2022,7156.399902,7209.899902,7104.100098,7209.899902,805881600
14-07-2022,7039.799805,7157.600098,7007.100098,7156.399902,848278400
15-07-2022,7159,7167.899902,7038.200195,7039.799805,782905500
18-07-2022,7223.200195,7268.899902,7159,7159,670662200
19-07-2022,7296.299805,7309,7174.399902,7223.200195,665883200
20-07-2022,7264.299805,7347.600098,7253.600098,7296.299805,1059158500
21-07-2022,7270.5,7274.700195,7200.100098,7264.299805,798169600
22-07-2022,7276.399902,7315.299805,7254,7270.5,606877600
25-07-2022,7306.299805,7309.700195,7242.899902,7276.399902,711402100
26-07-2022,7306.299805,7365.399902,7301.200195,7306.299805,730984300
27-07-2022,7348.200195,7365.200195,7306.299805,7306.299805,1188866700
28-07-2022,7345.299805,7396.200195,7309,7348.200195,745838600
29-07-2022,7423.399902,7441.200195,7345.299805,7345.299805,883363000
01-08-2022,7413.399902,7471.899902,7408.899902,7446,558506400
02-08-2022,7409.100098,7433.299805,7386.799805,7413.399902,623919300
03-08-2022,7445.700195,7445.899902,7372.700195,7409.100098,947917500
04-08-2022,7448.100098,7491.700195,7417.5,7445.700195,858684300
05-08-2022,7439.700195,7470.600098,7420.200195,7448.100098,609722300
08-08-2022,7482.399902,7513.799805,7439.700195,7439.700195,626255900
09-08-2022,7488.200195,7504.600098,7475,7482.399902,648601100
10-08-2022,7507.100098,7520.700195,7468.600098,7488.200195,766193200
11-08-2022,7465.899902,7515,7460.100098,7507.100098,630220500
12-08-2022,7500.899902,7516.799805,7464.100098,7465.899902,497719500
15-08-2022,7509.200195,7539.200195,7463.5,7500.899902,460509300
16-08-2022,7536.100098,7563.700195,7509.200195,7509.200195,514362800
17-08-2022,7515.799805,7554,7501.5,7536.100098,505660900
18-08-2022,7541.899902,7541.899902,7493.700195,7515.799805,606626300
19-08-2022,7550.399902,7578.899902,7513.299805,7541.899902,726312000
22-08-2022,7533.799805,7550.399902,7491.299805,7550.399902,575411700
23-08-2022,7488.100098,7533.799805,7467.600098,7533.799805,673045500
24-08-2022,7471.5,7488.100098,7410.399902,7488.100098,579010600
25-08-2022,7479.700195,7535.700195,7469.200195,7471.5,438562000
26-08-2022,7427.299805,7530.700195,7422,7479.700195,627296800
30-08-2022,7361.600098,7486.399902,7351.100098,7427.299805,1120430700
31-08-2022,7284.200195,7378.399902,7263.600098,7361.600098,1154010300
01-09-2022,7148.5,7284.200195,7131.700195,7284.200195,746248100
02-09-2022,7281.200195,7288.700195,7148.5,7148.5,820948300
05-09-2022,7287.399902,7288.5,7191.200195,7281.200195,670793100
06-09-2022,7300.399902,7324.200195,7256.5,7287.399902,836364000
07-09-2022,7237.799805,7300.399902,7186.600098,7300.399902,1176357500
08-09-2022,7262.100098,7273,7175.799805,7237.799805,676276000
09-09-2022,7351.100098,7386.600098,7262.100098,7262.100098,703941600
12-09-2022,7473,7483,7351.100098,7351.100098,903301500
13-09-2022,7385.899902,7514,7385.899902,7473,712367700
14-09-2022,7277.299805,7385.899902,7259.200195,7385.899902,1021172400
15-09-2022,7282.100098,7329,7258.700195,7277.299805,843763100
16-09-2022,7236.700195,7297.100098,7236.200195,7282.100098,2140678300
20-09-2022,7192.700195,7326.5,7171.200195,7236.700195,1046871600
21-09-2022,7237.600098,7258.899902,7170.700195,7192.700195,1446128700
22-09-2022,7159.5,7243.899902,7149.600098,7237.600098,906687400
23-09-2022,7018.600098,7169.100098,6981.5,7159.5,982104000
26-09-2022,7021,7071.100098,6937.399902,7018.600098,1161459400
27-09-2022,6984.600098,7074,6984.600098,7021,1223459100
28-09-2022,7005.399902,7011.5,6836.299805,6984.600098,1525149400
29-09-2022,6881.600098,7005.399902,6829.299805,7005.399902,1165954500
30-09-2022,6893.799805,6954.899902,6840.100098,6881.600098,1171310300
03-10-2022,6908.799805,6923.799805,6797.399902,6893.799805,1216065800
04-10-2022,7086.5,7088.200195,6908.700195,6908.799805,1121827800
05-10-2022,7052.600098,7086.5,6978,7086.5,868625500
06-10-2022,6997.299805,7079.700195,6961.100098,7052.600098,995714800
07-10-2022,6991.100098,7022.399902,6960.399902,6997.299805,807923600
10-10-2022,6959.299805,6999.200195,6922.899902,6991.100098,918512600
11-10-2022,6885.200195,6959.399902,6860.299805,6959.299805,813949300
12-10-2022,6826.200195,6916.899902,6793.799805,6885.200195,973810400
13-10-2022,6850.299805,6872.899902,6707.600098,6826.200195,1116625200
14-10-2022,6858.799805,6976.299805,6850.299805,6850.299805,881210300
17-10-2022,6920.200195,6959.700195,6850.399902,6858.799805,951222700
18-10-2022,6936.700195,7017.399902,6920.200195,6920.200195,932599200
19-10-2022,6925,6968.299805,6890.700195,6936.700195,699543100
20-10-2022,6943.899902,6954.200195,6894.899902,6925,814484300
21-10-2022,6969.700195,6976.200195,6864.100098,6943.899902,668448000
24-10-2022,7014,7047.399902,6914.700195,6969.700195,620033900
25-10-2022,7013.5,7025.200195,6949.200195,7014,621328900
26-10-2022,7056.100098,7057.399902,6960.100098,7013.5,1054624200
27-10-2022,7073.700195,7093.100098,7034.200195,7056.100098,920365100
28-10-2022,7047.700195,7073.700195,6997.5,7073.700195,683640200
31-10-2022,7094.5,7132.899902,7030.100098,7047.700195,881761300
01-11-2022,7186.200195,7221.299805,7094.5,7094.5,879817800
02-11-2022,7144.100098,7205.100098,7130.5,7186.200195,688038000
03-11-2022,7188.600098,7188.600098,7076.5,7144.100098,721711200
04-11-2022,7334.799805,7376.200195,7188.600098,7188.600098,960620800
07-11-2022,7300,7346.700195,7288,7334.799805,718412900
08-11-2022,7306.100098,7313.5,7244.799805,7300,959888700
09-11-2022,7296.299805,7307.799805,7263.5,7306.100098,529922700
10-11-2022,7375.299805,7405.100098,7253.399902,7296.299805,769446200
11-11-2022,7318,7408.600098,7316.799805,7375.299805,931267700
14-11-2022,7385.200195,7413.799805,7317.600098,7318,732981800
15-11-2022,7369.399902,7413,7344.899902,7385.200195,939772400
16-11-2022,7351.200195,7394.399902,7341.600098,7369.399902,765409500
17-11-2022,7346.5,7354.100098,7294.799805,7351.200195,752043800
18-11-2022,7385.5,7423.5,7343.5,7346.5,844911100
21-11-2022,7376.899902,7402.799805,7343.399902,7385.5,666262800
22-11-2022,7452.799805,7458.899902,7373.600098,7376.899902,575525600
23-11-2022,7465.200195,7498.299805,7452.799805,7452.799805,872545100
24-11-2022,7466.600098,7488.100098,7443.5,7465.200195,418286100
25-11-2022,7486.700195,7497.200195,7461.799805,7466.600098,522719700
28-11-2022,7474,7496.799805,7420,7486.700195,662622600
29-11-2022,7512,7543.100098,7474,7474,714685200
30-11-2022,7573.100098,7599.299805,7512,7512,1394738300
01-12-2022,7558.5,7599.700195,7552.299805,7573.100098,642843000
02-12-2022,7556.200195,7570.5,7508,7558.5,540219900
05-12-2022,7567.5,7598.200195,7547.799805,7556.200195,509145400
06-12-2022,7521.399902,7567.600098,7521.399902,7567.5,805368600
07-12-2022,7489.200195,7567.200195,7489.200195,7521.399902,727846100
08-12-2022,7472.200195,7508,7469.100098,7489.200195,637244700
09-12-2022,7476.600098,7498,7431.399902,7472.200195,741398100
12-12-2022,7446,7476.600098,7438.899902,7476.600098,606464000
13-12-2022,7502.899902,7553.399902,7429,7446,688121300
14-12-2022,7495.899902,7504.5,7461.700195,7502.899902,745004400
15-12-2022,7426.200195,7495.899902,7411.100098,7495.899902,616549200
16-12-2022,7332.100098,7429.299805,7305.700195,7426.200195,1834745500
19-12-2022,7361.299805,7385.399902,7332.100098,7332.100098,517840400
20-12-2022,7370.600098,7389.899902,7302.799805,7361.299805,799491300
21-12-2022,7497.299805,7498.5,7368.700195,7370.600098,499178500
22-12-2022,7469.299805,7540.299805,7463.5,7497.299805,402305900
23-12-2022,7473,7496.399902,7462.799805,7469.299805,222853700
28-12-2022,7497.200195,7547,7473,7473,416900400
29-12-2022,7512.700195,7516.399902,7434.600098,7497.200195,351759900
30-12-2022,7451.700195,7512.899902,7451.700195,7512.700195,254135300
03-01-2023,7554.100098,7626.399902,7448.700195,7451.700195,914070400
04-01-2023,7585.200195,7609.299805,7545.200195,7554.100098,753877000
05-01-2023,7633.5,7658.799805,7564.700195,7585.200195,883850800
06-01-2023,7699.5,7700.799805,7633.5,7633.5,813538800
09-01-2023,7724.899902,7725.700195,7688.700195,7699.5,847858600
10-01-2023,7694.5,7724.899902,7684.399902,7724.899902,933139900
11-01-2023,7725,7772.399902,7694.399902,7694.5,1041280000
12-01-2023,7794,7809.100098,7724.600098,7725,738395600
13-01-2023,7844.100098,7865,7793.600098,7794,754267100
16-01-2023,7860.100098,7867.200195,7841.899902,7844.100098,662559400
17-01-2023,7851,7875.600098,7830.399902,7860.100098,992753700
18-01-2023,7830.700195,7867.399902,7824.700195,7851,963849600
19-01-2023,7747.299805,7830.799805,7726.200195,7830.700195,732044900
20-01-2023,7770.600098,7790.899902,7747.299805,7747.299805,801110300
23-01-2023,7784.700195,7811.200195,7768.5,7770.600098,562127700
24-01-2023,7757.399902,7800.899902,7741.799805,7784.700195,754271900
25-01-2023,7744.899902,7773.600098,7710.799805,7757.399902,717266400
26-01-2023,7761.100098,7787.600098,7744.899902,7744.899902,828610300
27-01-2023,7765.200195,7777.399902,7742.100098,7761.100098,709941200
30-01-2023,7784.899902,7790.700195,7718.299805,7765.200195,1123538000
31-01-2023,7771.700195,7784.899902,7708.299805,7784.899902,838335600
01-02-2023,7761.100098,7798.5,7745.399902,7771.700195,924663100
02-02-2023,7820.200195,7837.799805,7758.5,7761.100098,726760200
03-02-2023,7901.799805,7906.600098,7806.899902,7820.200195,713859100
06-02-2023,7836.700195,7901.799805,7808.399902,7901.799805,665926500
07-02-2023,7864.700195,7890.799805,7835.399902,7836.700195,777311900
08-02-2023,7885.200195,7934.299805,7864.700195,7864.700195,587150400
09-02-2023,7911.200195,7949.600098,7874.200195,7885.200195,1061015400
10-02-2023,7882.5,7913.299805,7850.899902,7911.200195,974265500
13-02-2023,7947.600098,7947.600098,7881.899902,7882.5,570125100
14-02-2023,7953.899902,7996.399902,7947.600098,7947.600098,697856100
15-02-2023,7997.799805,8003.700195,7921.299805,7953.899902,841595900
16-02-2023,8012.5,8047.100098,7978.600098,7997.799805,731954200
17-02-2023,8004.399902,8012.5,7957.700195,8012.5,1270492000
20-02-2023,8014.299805,8020.100098,7995.5,8004.399902,696068100
21-02-2023,7977.799805,8014.399902,7952.5,8014.299805,889518400
22-02-2023,7930.600098,7977.799805,7879,7977.799805,682684900
23-02-2023,7907.700195,7935.600098,7888.899902,7930.600098,974842600
24-02-2023,7878.700195,7939.200195,7870.399902,7907.700195,879172000
27-02-2023,7935.100098,7950,7878.700195,7878.700195,755879000
28-02-2023,7876.299805,7935.100098,7854.799805,7935.100098,1246757900
01-03-2023,7914.899902,7950.700195,7874.299805,7876.299805,1202133000
02-03-2023,7944,7945.799805,7875,7914.899902,889732700
03-03-2023,7947.100098,7974.399902,7920.100098,7944,644050800
06-03-2023,7929.799805,7948.700195,7897.5,7947.100098,629550100
07-03-2023,7919.5,7959.799805,7909.799805,7929.799805,869427500
08-03-2023,7929.899902,7946.600098,7891.399902,7919.5,770649400
09-03-2023,7880,7930.299805,7862,7929.899902,839666000
10-03-2023,7748.399902,7880,7708.299805,7880,987132200
13-03-2023,7548.600098,7752.399902,7546,7748.399902,1201999000
14-03-2023,7637.100098,7641.600098,7503.299805,7548.600098,875583300
15-03-2023,7344.5,7637.399902,7333.399902,7637.100098,1340604500
16-03-2023,7410,7458.600098,7331.5,7344.5,1196884100
17-03-2023,7335.399902,7510.5,7309.299805,7410,2095306400
20-03-2023,7403.899902,7426.200195,7206.799805,7335.399902,1084762200
21-03-2023,7536.200195,7557.600098,7403.899902,7403.899902,801743800
22-03-2023,7566.799805,7585.600098,7505.5,7536.200195,892439300
23-03-2023,7499.600098,7566.799805,7476.100098,7566.799805,1227843700
24-03-2023,7405.5,7499.600098,7335.700195,7499.600098,862536800
27-03-2023,7471.799805,7491.700195,7405.5,7405.5,703755400
28-03-2023,7484.299805,7524.600098,7464.600098,7471.799805,1159788800
29-03-2023,7564.299805,7566.799805,7484.200195,7484.299805,637649500
30-03-2023,7620.399902,7638.5,7564.299805,7564.299805,792010000
31-03-2023,7631.700195,7654.399902,7616.100098,7620.399902,816288100
03-04-2023,7673,7698.200195,7631.700195,7631.700195,921588900
04-04-2023,7634.5,7726.899902,7634.5,7673,791013200
05-04-2023,7662.899902,7678.5,7634.299805,7634.5,660285800
06-04-2023,7741.600098,7742.100098,7654.5,7662.899902,589778800
11-04-2023,7785.700195,7806.399902,7741.600098,7741.600098,999467200
12-04-2023,7824.799805,7859.700195,7783.399902,7785.700195,797796300
13-04-2023,7843.399902,7851.600098,7814.100098,7824.799805,724768300
14-04-2023,7871.899902,7904,7843.399902,7843.399902,860530500
17-04-2023,7879.5,7916.700195,7871.899902,7871.899902,665446000
18-04-2023,7909.399902,7912.700195,7879.5,7879.5,531338200
19-04-2023,7898.799805,7909.399902,7871.399902,7909.399902,506763800
20-04-2023,7902.600098,7903,7876.399902,7898.799805,918927800
21-04-2023,7914.100098,7936.100098,7886.5,7902.600098,631165500
24-04-2023,7912.200195,7927.100098,7877.600098,7914.100098,724845900
25-04-2023,7891.100098,7912.5,7863.899902,7912.200195,657900800
26-04-2023,7852.600098,7894,7825.899902,7891.100098,902747300
27-04-2023,7831.600098,7865.700195,7816.799805,7852.600098,669734300
28-04-2023,7870.600098,7870.600098,7791.600098,7831.600098,945273500
02-05-2023,7773,7898.700195,7773,7870.600098,1020657900
03-05-2023,7788.399902,7819.700195,7773,7773,967192800
04-05-2023,7702.600098,7788.399902,7691.299805,7788.399902,776321800
05-05-2023,7778.399902,7781.5,7702.600098,7702.600098,608277200
09-05-2023,7764.100098,7792.399902,7735.100098,7778.399902,951320100
10-05-2023,7741.299805,7779,7727.100098,7764.100098,712870600
11-05-2023,7730.600098,7784.299805,7679.600098,7741.299805,883996400
12-05-2023,7754.600098,7772.799805,7729,7730.600098,748114500
15-05-2023,7777.700195,7794.899902,7754.600098,7754.600098,735218600
16-05-2023,7751.100098,7804.899902,7741.299805,7777.700195,1082316100
17-05-2023,7723.200195,7758.200195,7713,7751.100098,701763700
18-05-2023,7742.299805,7776.600098,7723.200195,7723.200195,757218800
19-05-2023,7756.899902,7790.899902,7742.100098,7742.299805,631941000
22-05-2023,7771,7783.399902,7750.5,7756.899902,1205325000
23-05-2023,7763,7800.899902,7747.100098,7771,698476000
24-05-2023,7627.100098,7763,7590.200195,7763,989739200
25-05-2023,7570.899902,7629.100098,7569.200195,7627.100098,725330600
26-05-2023,7627.200195,7643.600098,7556.899902,7570.899902,817609400
30-05-2023,7522.100098,7628.100098,7516.5,7627.200195,856682400
31-05-2023,7446.100098,7522.100098,7446.100098,7522.100098,2295618500
01-06-2023,7490.299805,7498.600098,7445.299805,7446.100098,967347300
02-06-2023,7607.299805,7614.899902,7490,7490.299805,638696900
05-06-2023,7600,7654.799805,7594.100098,7607.299805,548992900
06-06-2023,7628.100098,7636.100098,7556.200195,7600,686044700
07-06-2023,7624.299805,7642.399902,7604.399902,7628.100098,617864100
08-06-2023,7599.700195,7638.600098,7588,7624.299805,531758500
09-06-2023,7562.399902,7621.700195,7546.5,7599.700195,564539300
12-06-2023,7570.700195,7599.899902,7556.799805,7562.399902,542917600
13-06-2023,7594.799805,7610.799805,7556.299805,7570.700195,1003241900
14-06-2023,7602.700195,7639.799805,7579.299805,7594.799805,698184100
15-06-2023,7628.299805,7632.700195,7584.799805,7602.700195,837993200
16-06-2023,7642.700195,7687.600098,7627.799805,7628.299805,2009880700
19-06-2023,7588.5,7642.700195,7581.799805,7642.700195,439722500
20-06-2023,7569.299805,7607.5,7566.299805,7588.5,584448300
21-06-2023,7559.200195,7577.600098,7520.899902,7569.299805,611718700
22-06-2023,7502,7559.200195,7458.399902,7559.200195,677771300
23-06-2023,7461.899902,7502,7439.700195,7502,621489600
26-06-2023,7453.600098,7476.5,7401.200195,7461.899902,850546800
27-06-2023,7461.5,7495.899902,7428.100098,7453.600098,674737200
28-06-2023,7500.5,7518.299805,7461.5,7461.5,642762300
29-06-2023,7471.700195,7505.600098,7460.5,7500.5,609425000
30-06-2023,7531.5,7551.600098,7471.700195,7471.700195,729525300
03-07-2023,7527.299805,7561.299805,7513.899902,7531.5,533889900
04-07-2023,7519.700195,7547.399902,7518.399902,7527.299805,664948700
05-07-2023,7442.100098,7519.700195,7434.700195,7519.700195,765061200
06-07-2023,7280.5,7442.100098,7267.600098,7442.100098,744552600
07-07-2023,7256.899902,7280.5,7229.600098,7280.5,494690600
10-07-2023,7273.799805,7306.100098,7238.700195,7256.899902,428066100
11-07-2023,7282.5,7285.299805,7239.200195,7273.799805,790355100
12-07-2023,7416.100098,7425.100098,7282.5,7282.5,994258000
13-07-2023,7440.200195,7457.200195,7409.299805,7416.100098,584537900
14-07-2023,7434.600098,7480.399902,7421.299805,7440.200195,620458500
17-07-2023,7406.399902,7437.600098,7395.700195,7434.600098,439714200
18-07-2023,7453.700195,7459.200195,7398.5,7406.399902,464666400
19-07-2023,7588.200195,7625.100098,7453.700195,7453.700195,888485400
20-07-2023,7646.100098,7661.899902,7585.899902,7588.200195,637548700
21-07-2023,7663.700195,7674.200195,7639.5,7646.100098,506950300
24-07-2023,7678.600098,7685,7633.299805,7663.700195,521826500
25-07-2023,7691.799805,7702.399902,7676.5,7678.600098,444691500
26-07-2023,7676.899902,7702.700195,7630,7691.799805,807357200
27-07-2023,7692.799805,7709.700195,7662.399902,7676.899902,963946300
28-07-2023,7694.299805,7716.799805,7680.200195,7692.799805,713370800
31-07-2023,7699.399902,7722.899902,7667.799805,7694.299805,594121300
01-08-2023,7666.299805,7715.200195,7650.200195,7699.399902,557045700
02-08-2023,7561.600098,7666.299805,7522.200195,7666.299805,746909700
03-08-2023,7529.200195,7562.100098,7437.899902,7561.600098,1245242400
04-08-2023,7564.399902,7569.600098,7487.399902,7529.200195,524386200
07-08-2023,7554.5,7565,7505.200195,7564.399902,487016200
08-08-2023,7527.399902,7554.5,7487.5,7554.5,862447700
09-08-2023,7587.299805,7600.799805,7527.399902,7527.399902,1098862000
10-08-2023,7618.600098,7622.899902,7572.600098,7587.299805,636901200
11-08-2023,7524.200195,7618.600098,7507.799805,7618.600098,494679400
14-08-2023,7507.200195,7530.299805,7476.5,7524.200195,1154816600
15-08-2023,7389.600098,7508.600098,7369.700195,7507.200195,463377300
16-08-2023,7356.899902,7398.200195,7338.5,7389.600098,687073100
17-08-2023,7310.200195,7357,7305,7356.899902,438920000
18-08-2023,7262.399902,7310.200195,7215.799805,7310.200195,571961300
21-08-2023,7257.799805,7316,7250.899902,7262.399902,469504000
22-08-2023,7270.799805,7310.5,7257.600098,7257.799805,747925500
23-08-2023,7320.5,7348.799805,7270.799805,7270.799805,909639000
24-08-2023,7333.600098,7386.100098,7320.5,7320.5,377395800
25-08-2023,7338.600098,7389.399902,7327,7333.600098,372649700
29-08-2023,7465,7471.100098,7338.600098,7338.600098,1139311100
30-08-2023,7473.700195,7509.399902,7464.700195,7465,536689700
31-08-2023,7439.100098,7500.399902,7439.100098,7473.700195,1143207100
01-09-2023,7464.5,7492.600098,7439.100098,7439.100098,683056600
04-09-2023,7452.799805,7523.399902,7448.299805,7464.5,391662300
05-09-2023,7437.899902,7481.399902,7389.799805,7452.799805,484546800
06-09-2023,7426.100098,7447.899902,7369.600098,7437.899902,448751100
07-09-2023,7441.700195,7462.200195,7385.899902,7426.100098,456225400
08-09-2023,7478.200195,7480.600098,7402.100098,7441.700195,651366100
11-09-2023,7496.899902,7549.299805,7467.399902,7478.200195,568717300
12-09-2023,7527.5,7550.200195,7496.299805,7496.899902,670632100
13-09-2023,7526,7545.200195,7490.399902,7527.5,684595300
14-09-2023,7673.100098,7687,7526,7526,746569800
15-09-2023,7711.399902,7745.799805,7673.100098,7673.100098,1804599000
18-09-2023,7652.899902,7720.100098,7641.799805,7711.399902,463379300
19-09-2023,7660.200195,7682.399902,7642.399902,7652.899902,595546000
20-09-2023,7731.700195,7741.899902,7659.600098,7660.200195,806482700
21-09-2023,7678.600098,7746.5,7674.700195,7731.700195,1000693700
22-09-2023,7683.899902,7735.200195,7640.799805,7678.600098,989687600
25-09-2023,7624,7684.799805,7580.799805,7683.899902,541205000
26-09-2023,7625.700195,7656.899902,7593.5,7624,546325000
27-09-2023,7593.200195,7645.600098,7577.200195,7625.700195,711885200
28-09-2023,7601.899902,7605.600098,7524.100098,7593.200195,642160800
29-09-2023,7608.100098,7674.200195,7601.899902,7601.899902,634751900
02-10-2023,7510.700195,7630.399902,7491.299805,7608.100098,570804100
03-10-2023,7470.200195,7545.700195,7466.600098,7510.700195,540181100
04-10-2023,7412.5,7490.200195,7384.200195,7470.200195,1085406900
05-10-2023,7451.5,7488.600098,7409.700195,7412.5,615457100
06-10-2023,7494.600098,7496.399902,7423.399902,7451.5,613195400
09-10-2023,7492.200195,7540.600098,7473.200195,7494.600098,738697000
10-10-2023,7628.200195,7637.399902,7492.200195,7492.200195,719653800
11-10-2023,7620,7652,7608.700195,7628.200195,630293300
12-10-2023,7644.799805,7687.899902,7620,7620,668028900
13-10-2023,7599.600098,7660.100098,7590.700195,7644.799805,567783300
16-10-2023,7630.600098,7651.299805,7584.600098,7599.600098,558336100
17-10-2023,7675.200195,7682.600098,7616.799805,7630.600098,668852200
18-10-2023,7588,7681.5,7579.299805,7675.200195,613430800
19-10-2023,7499.5,7588,7490.5,7588,727252500
20-10-2023,7402.100098,7499.600098,7395.600098,7499.5,832451800
23-10-2023,7374.799805,7402.200195,7338.600098,7402.100098,502765900
24-10-2023,7389.700195,7405.299805,7325,7374.799805,699266600
25-10-2023,7414.299805,7428.100098,7368.399902,7389.700195,681751000
26-10-2023,7354.600098,7414.299805,7342.5,7414.299805,796762900
27-10-2023,7291.299805,7380.299805,7279.899902,7354.600098,642603800
30-10-2023,7327.399902,7361.5,7291.299805,7291.299805,1011063900
31-10-2023,7321.700195,7373.5,7309,7327.399902,809030400
01-11-2023,7342.399902,7385.399902,7304.899902,7321.700195,764584800
02-11-2023,7446.5,7469.799805,7342.399902,7342.399902,978092600
03-11-2023,7417.700195,7482.700195,7396.600098,7446.5,750991900
06-11-2023,7417.799805,7448.399902,7403.5,7417.700195,781306000
07-11-2023,7410,7431.100098,7397.399902,7417.799805,592558500
08-11-2023,7401.700195,7442.100098,7384.5,7410,686578900
09-11-2023,7455.700195,7465.299805,7367.200195,7401.700195,657728700
10-11-2023,7360.600098,7455.700195,7320,7455.700195,837842200
13-11-2023,7425.799805,7426.100098,7360.600098,7360.600098,649108100
14-11-2023,7440.5,7456.600098,7386.700195,7425.799805,934829500
15-11-2023,7486.899902,7533.799805,7440.5,7440.5,741908600
16-11-2023,7411,7492.799805,7409.399902,7486.899902,798697800
17-11-2023,7504.299805,7509,7410,7411,668943200
20-11-2023,7496.399902,7506,7472.700195,7504.299805,466773500
21-11-2023,7482,7496.899902,7446.700195,7496.399902,533104500
22-11-2023,7469.5,7504.5,7452,7482,637243500
23-11-2023,7483.600098,7494.799805,7450.600098,7469.5,610558000
24-11-2023,7488.200195,7494.700195,7450.100098,7483.600098,530714100
27-11-2023,7460.700195,7488.299805,7452.200195,7488.200195,399628100
28-11-2023,7455.200195,7461.100098,7403.299805,7460.700195,610114900
29-11-2023,7423.5,7457.5,7408.799805,7455.200195,532425900
30-11-2023,7453.799805,7497.700195,7387.100098,7423.5,1276856800
01-12-2023,7529.399902,7538.700195,7453.799805,7453.799805,549661500
04-12-2023,7513,7533.799805,7476.899902,7529.399902,851332900
05-12-2023,7489.799805,7513,7460.200195,7513,689771600
06-12-2023,7515.399902,7542.600098,7486.799805,7489.799805,1489645900
07-12-2023,7513.700195,7523.600098,7480.5,7515.399902,811058900
08-12-2023,7554.5,7581.299805,7509.799805,7513.700195,863626100
11-12-2023,7544.899902,7557.399902,7493.600098,7554.5,872408400
12-12-2023,7542.799805,7607.5,7542.399902,7544.899902,812300300
13-12-2023,7548.399902,7584.899902,7542.700195,7542.799805,998797500
14-12-2023,7649,7724.799805,7548.399902,7548.399902,1517185300
15-12-2023,7576.399902,7668.200195,7569,7649,1645000000
18-12-2023,7614.5,7630.600098,7557.200195,7576.399902,710048700
19-12-2023,7638,7642.200195,7605.399902,7614.5,961867300
20-12-2023,7715.700195,7762.899902,7637.899902,7638,980983700
21-12-2023,7694.700195,7715.700195,7668.399902,7715.700195,603350200
22-12-2023,7697.5,7715.200195,7676.399902,7694.700195,329604400
27-12-2023,7725,7759.700195,7697.5,7697.5,432594200
28-12-2023,7722.700195,7746,7708.700195,7725,327536200
29-12-2023,7733.200195,7746.899902,7719,7722.700195,235460600
02-01-2024,7721.5,7764.399902,7689,7733.200195,678041300
03-01-2024,7682.299805,7744.600098,7650.299805,7721.5,857615300
04-01-2024,7723.100098,7728.200195,7678.799805,7682.299805,963235800
05-01-2024,7689.600098,7723.100098,7642.899902,7723.100098,701524000
08-01-2024,7694.200195,7694.200195,7636.100098,7689.600098,1055586300
09-01-2024,7684,7717.5,7675.100098,7694.200195,703141300
10-01-2024,7651.799805,7684,7647.399902,7684,668838800
11-01-2024,7576.600098,7693.899902,7576.600098,7651.799805,1306895000
12-01-2024,7624.899902,7655.200195,7576.600098,7576.600098,794125500
15-01-2024,7594.899902,7637.799805,7578.299805,7624.899902,740769500
16-01-2024,7558.299805,7594.899902,7538.899902,7594.899902,1128049600
17-01-2024,7446.299805,7558.299805,7404.100098,7558.299805,838880100
18-01-2024,7459.100098,7471.700195,7426.600098,7446.299805,883212400
19-01-2024,7461.899902,7521.100098,7450.899902,7459.100098,1242202400
22-01-2024,7487.700195,7503.600098,7456,7461.899902,787927500
23-01-2024,7485.700195,7525.100098,7465.100098,7487.700195,1048392200
24-01-2024,7527.700195,7538.899902,7485.700195,7485.700195,869218500
25-01-2024,7529.700195,7544.5,7507,7527.700195,735927500
26-01-2024,7635.100098,7651.799805,7529.700195,7529.700195,1046240900
29-01-2024,7632.700195,7664.899902,7630.799805,7635.100098,636218800
30-01-2024,7666.299805,7684.200195,7632.700195,7632.700195,748149200
31-01-2024,7630.600098,7689.700195,7630.600098,7666.299805,952428700
01-02-2024,7622.200195,7673.700195,7607.899902,7630.600098,936217800
02-02-2024,7615.5,7670.899902,7609.299805,7622.200195,859451400
05-02-2024,7612.899902,7667.799805,7598.700195,7615.5,1350635500
06-02-2024,7681,7693.600098,7612.899902,7612.899902,1499137700
07-02-2024,7628.799805,7694.899902,7626.200195,7681,985234500
08-02-2024,7595.5,7653.399902,7593.600098,7628.799805,709573100
09-02-2024,7572.600098,7608.700195,7557.399902,7595.5,1091499500
12-02-2024,7573.700195,7590.5,7555.5,7572.600098,839183300
13-02-2024,7512.299805,7585.299805,7493,7573.700195,1188999800
14-02-2024,7568.399902,7590.100098,7512.299805,7512.299805,1209576400
15-02-2024,7597.5,7612.299805,7562.100098,7568.399902,850537300
16-02-2024,7711.700195,7720.700195,7597.5,7597.5,1074369500
19-02-2024,7728.5,7733.5,7692.5,7711.700195,619639600
20-02-2024,7719.200195,7748.700195,7706,7728.5,889469600
21-02-2024,7662.5,7719.200195,7642.799805,7719.200195,1271802800
22-02-2024,7684.5,7702.899902,7651.700195,7662.5,1408725800
23-02-2024,7706.299805,7713.399902,7675.200195,7684.5,1080901500
26-02-2024,7684.299805,7710.799805,7676.799805,7706.299805,1210391900
27-02-2024,7683,7698.299805,7669.700195,7684.299805,1132154000
28-02-2024,7625,7693.200195,7620.399902,7683,1227847900
29-02-2024,7630,7677.700195,7622.899902,7625,2026489200
01-03-2024,7682.5,7695.600098,7630,7630,1307043500
04-03-2024,7640.299805,7682.600098,7623.200195,7682.5,1075053400
05-03-2024,7646.200195,7654.799805,7598.5,7640.299805,906735400
06-03-2024,7679.299805,7701.299805,7639,7646.200195,1392688900
07-03-2024,7692.5,7711.799805,7645.100098,7679.299805,1470190800
08-03-2024,7659.700195,7693.899902,7646.200195,7692.5,927297500
11-03-2024,7669.200195,7669.200195,7612.600098,7659.700195,1203377500
12-03-2024,7747.799805,7764.600098,7669.200195,7669.200195,1136566100
13-03-2024,7772.200195,7785.700195,7738.700195,7747.799805,1336746300
14-03-2024,7743.200195,7778.399902,7719.100098,7772.200195,973121100
15-03-2024,7727.399902,7761.100098,7727.399902,7743.200195,2813498300
18-03-2024,7722.600098,7750.200195,7714.899902,7727.399902,1034442400
19-03-2024,7738.299805,7739.700195,7699.600098,7722.600098,1085005200
20-03-2024,7737.399902,7749.399902,7711.5,7738.299805,1032409800
21-03-2024,7882.600098,7901.799805,7737.399902,7737.399902,1352537800
22-03-2024,7930.899902,7961.399902,7882.200195,7882.600098,1056237300
25-03-2024,7917.600098,7939.399902,7891.700195,7930.899902,1070739800
26-03-2024,7931,7934.399902,7892.100098,7917.600098,1278455500
27-03-2024,7932,7938.100098,7893,7931,1017867800
28-03-2024,7952.600098,7975.399902,7931.399902,7932,1051189700
02-04-2024,7935.100098,8015.600098,7928.600098,7952.600098,1126449500
03-04-2024,7937.399902,7937.399902,7882.700195,7935.100098,1131676800
04-04-2024,7975.899902,7990.399902,7937.399902,7937.399902,1138495500
05-04-2024,7911.200195,7975.899902,7884.5,7975.899902,951509100
08-04-2024,7943.5,7953.200195,7887.899902,7911.200195,847327700
09-04-2024,7934.799805,7962.799805,7917.5,7943.5,1000931200
10-04-2024,7961.200195,7999.799805,7916.5,7934.799805,1207706000
11-04-2024,7923.799805,7970.100098,7886.899902,7961.200195,1197883800
12-04-2024,7995.600098,8045,7923.799805,7923.799805,937766700
15-04-2024,7965.5,8009.5,7952.100098,7995.600098,820441500
16-04-2024,7820.399902,7965.5,7793.899902,7965.5,1058250300
17-04-2024,7848,7893.600098,7798.600098,7820.399902,939573900
18-04-2024,7877.100098,7898.799805,7845.899902,7848,1222486300
19-04-2024,7895.899902,7900.5,7809.700195,7877.100098,982567400
22-04-2024,8023.899902,8042.799805,7895.899902,7895.899902,1085332800
23-04-2024,8044.799805,8076.5,8021.700195,8023.899902,1082600700
24-04-2024,8040.399902,8092.200195,8031.799805,8044.799805,1420290700
25-04-2024,8078.899902,8105.600098,8030.100098,8040.399902,1224259900
26-04-2024,8139.799805,8146.799805,8078.899902,8078.899902,904872200
29-04-2024,8147,8189.100098,8136.700195,8139.799805,759963000
30-04-2024,8144.100098,8200,8138.100098,8147,868339500
01-05-2024,8121.200195,8179,8111.399902,8144.100098,562235500
02-05-2024,8172.200195,8178.799805,8119.899902,8121.200195,919730600
03-05-2024,8213.5,8248.700195,8172.200195,8172.200195,658456400
07-05-2024,8313.700195,8335.700195,8213.5,8213.5,1220562500
08-05-2024,8354.099609,8365.299805,8313.700195,8313.700195,1272316300
09-05-2024,8381.400391,8396.299805,8349.799805,8354.099609,1079046000
10-05-2024,8433.799805,8455.799805,8381.400391,8381.400391,698222200
13-05-2024,8415,8446.5,8409.200195,8433.799805,974791500
14-05-2024,8428.099609,8448.700195,8407,8415,1160778700
15-05-2024,8445.799805,8474.400391,8427.900391,8428.099609,1112620600
16-05-2024,8438.700195,8455.700195,8406.700195,8445.799805,889766900
17-05-2024,8420.299805,8441.700195,8401.400391,8438.700195,1034395100
20-05-2024,8424.200195,8451.599609,8418,8420.299805,739021000
21-05-2024,8416.5,8424.200195,8379.099609,8424.200195,1001396500
22-05-2024,8370.299805,8416.5,8343.400391,8416.5,1286558300
23-05-2024,8339.200195,8385.200195,8332.299805,8370.299805,1229161600
24-05-2024,8317.599609,8339.200195,8263.799805,8339.200195,779070900
28-05-2024,8254.200195,8335.5,8241.299805,8317.599609,1202410100
29-05-2024,8183.100098,8255.400391,8180,8254.200195,1014436000
30-05-2024,8231.099609,8236.299805,8148.5,8183.100098,985401500
31-05-2024,8275.400391,8289.200195,8231.099609,8231.099609,2232006600
03-06-2024,8262.799805,8371.700195,8258.900391,8275.400391,1095687900
04-06-2024,8232,8263.400391,8200.299805,8262.799805,1127695300
05-06-2024,8247,8276.599609,8232,8232,879057500
06-06-2024,8285.299805,8287.099609,8247,8247,857611200
07-06-2024,8245.400391,8297,8210.200195,8285.299805,779890300
10-06-2024,8228.5,8245.400391,8183.5,8245.400391,654032500
11-06-2024,8147.799805,8261.700195,8114.799805,8228.5,1117142300
12-06-2024,8215.5,8243.200195,8147.799805,8147.799805,1301184800
13-06-2024,8163.700195,8215.5,8147.399902,8215.5,834387100
14-06-2024,8146.899902,8178.200195,8112.899902,8163.700195,805001800
17-06-2024,8142.200195,8187.299805,8120.899902,8146.899902,834637300
18-06-2024,8191.299805,8200,8142.200195,8142.200195,756939400
19-06-2024,8205.099609,8212.700195,8164.5,8191.299805,697498200
20-06-2024,8272.5,8272.5,8203.599609,8205.099609,927926100
21-06-2024,8237.700195,8282.700195,8188.100098,8272.5,1819197400
24-06-2024,8281.599609,8307.900391,8217.400391,8237.700195,895710300
25-06-2024,8247.799805,8294.200195,8245.700195,8281.599609,859380400
26-06-2024,8225.299805,8302,8205,8247.799805,1093912900
27-06-2024,8179.700195,8232.900391,8179.700195,8225.299805,754106600
28-06-2024,8164.100098,8237.400391,8162.700195,8179.700195,819548300
01-07-2024,8166.799805,8225.099609,8164.100098,8164.100098,0
02-07-2024,8121.200195,8166.799805,8106.799805,8166.799805,757009000
03-07-2024,8171.100098,8178,8121.200195,8121.200195,859717100
04-07-2024,8241.299805,8258,8171,8171.100098,559314100
05-07-2024,8203.900391,8279.799805,8182.700195,8241.299805,1000832900
08-07-2024,8193.5,8232.799805,8175.299805,8203.900391,704970200
09-07-2024,8139.799805,8217.099609,8132.5,8193.5,1039860100
10-07-2024,8193.5,8194.900391,8138.200195,8139.799805,685247000
11-07-2024,8223.299805,8231.799805,8190.799805,8193.5,582695700
12-07-2024,8252.900391,8276.299805,8223.299805,8223.299805,517847100
15-07-2024,8183,8252.900391,8174.600098,8252.900391,549833100
16-07-2024,8164.899902,8183,8126.100098,8183,565898400
17-07-2024,8187.5,8204.299805,8132,8164.899902,746457300
18-07-2024,8204.900391,8267.799805,8187.5,8187.5,541507400
19-07-2024,8155.700195,8184.299805,8135.100098,8150.100098,665426100
22-07-2024,8198.799805,8240.400391,8155.700195,8155.700195,782317000
23-07-2024,8167.399902,8228.099609,8151.5,8198.799805,882774300
24-07-2024,8153.700195,8170.700195,8112,8167.399902,614501800
25-07-2024,8186.399902,8187.5,8056,8153.700195,1025703700
26-07-2024,8285.700195,8290.299805,8181.200195,8186.399902,659245500
29-07-2024,8292.400391,8368.400391,8285.700195,8285.700195,780780900
30-07-2024,8274.400391,8297.900391,8235.599609,8292.400391,706783100
31-07-2024,8368,8399.900391,8274.400391,8274.400391,839006300
01-08-2024,8283.400391,8405.200195,8268.099609,8368,911054200
02-08-2024,8174.700195,8283.400391,8158,8283.400391,1234144400
05-08-2024,8008.200195,8174.700195,7915.899902,8174.700195,1648338500
06-08-2024,8026.700195,8058.299805,7949.899902,8008.200195,1282405500
07-08-2024,8166.899902,8177,8026.700195,8026.700195,816442600
08-08-2024,8145,8166.899902,8064.299805,8166.899902,755462800
09-08-2024,8168.100098,8203.5,8144.399902,8145,873989200
12-08-2024,8210.299805,8223.5,8168.100098,8168.100098,1655696200
13-08-2024,8235.200195,8244.400391,8188,8210.299805,532750100
14-08-2024,8281.099609,8288.700195,8230.700195,8235.200195,610726800
15-08-2024,8347.400391,8367,8277.099609,8281.099609,863763000
16-08-2024,8311.400391,8350.400391,8292,8347.400391,515420800
19-08-2024,8356.900391,8374,8286.5,8311.400391,637975500
20-08-2024,8273.299805,8356.900391,8270.700195,8356.900391,492210300
21-08-2024,8283.400391,8295.900391,8263,8273.299805,825049200
22-08-2024,8288,8318.599609,8277,8283.400391,797295800
23-08-2024,8327.799805,8331.900391,8288,8288,615482100
27-08-2024,8345.5,8400.400391,8327.799805,8327.799805,785508100
28-08-2024,8343.900391,8362.700195,8322.299805,8345.5,624469700
29-08-2024,8379.599609,8392.400391,8336.599609,8343.900391,613890100
30-08-2024,8376.599609,8414.400391,8363.700195,8379.599609,1081528600
02-09-2024,8363.799805,8380.099609,8353.200195,8376.599609,510920500
03-09-2024,8298.5,8381,8286.599609,8363.799805,1022494600
04-09-2024,8269.599609,8298.5,8219.299805,8298.5,724921200
05-09-2024,8241.700195,8285.599609,8241.700195,8269.599609,738779600
06-09-2024,8181.5,8260.700195,8168.399902,8241.700195,704014000
09-09-2024,8270.799805,8274.700195,8181.5,8181.5,626820000
10-09-2024,8206,8271.099609,8195.099609,8270.799805,815663300
11-09-2024,8193.900391,8232.799805,8170,8206,867081200
12-09-2024,8241,8301.400391,8193.900391,8193.900391,1071633400
13-09-2024,8273.099609,8287.900391,8230.799805,8241,535984000
16-09-2024,8278.400391,8290,8247.900391,8273.099609,451756300
17-09-2024,8309.900391,8351.700195,8278.400391,8278.400391,746474800
18-09-2024,8253.700195,8310,8245.700195,8309.900391,800042600
19-09-2024,8328.700195,8370.5,8253.700195,8253.700195,861254500
20-09-2024,8230,8328.700195,8223.799805,8328.700195,1575731600
23-09-2024,8259.700195,8262.5,8210.099609,8230,653474700
24-09-2024,8282.799805,8309.799805,8259.5,8259.700195,1018907500
25-09-2024,8268.700195,8319.400391,8243,8282.799805,712916300
26-09-2024,8284.900391,8332.900391,8262,8268.700195,835609300
27-09-2024,8320.799805,8334.599609,8283.5,8284.900391,801571600
30-09-2024,8237,8324.599609,8234,8320.799805,831097600
01-10-2024,8276.700195,8291.099609,8226.200195,8237,928541100
02-10-2024,8290.900391,8322.599609,8267.599609,8276.700195,804855900
03-10-2024,8282.5,8332.700195,8262,8290.900391,918547500
04-10-2024,8280.599609,8300.700195,8234.200195,8282.5,721509500
07-10-2024,8303.599609,8323.400391,8260.099609,8280.599609,645451200
08-10-2024,8190.600098,8303.599609,8184,8303.599609,754710600
09-10-2024,8243.700195,8244.400391,8188.700195,8190.600098,501110700
10-10-2024,8237.700195,8272.5,8218.400391,8243.700195,675185500
11-10-2024,8253.700195,8265.700195,8211.900391,8237.700195,519343300
14-10-2024,8292.700195,8292.700195,8237.700195,8253.700195,652695500
15-10-2024,8249.299805,8306.200195,8242,8292.700195,836071600
16-10-2024,8329.099609,8346.599609,8249.299805,8249.299805,983516200
17-10-2024,8385.099609,8395.599609,8322.099609,8329.099609,910215100
18-10-2024,8358.299805,8385.099609,8315.900391,8385.099609,790396700
21-10-2024,8318.200195,8391.799805,8318.200195,8358.299805,641070600
22-10-2024,8306.5,8318.200195,8252.400391,8318.200195,628688300
23-10-2024,8258.599609,8323.200195,8252.400391,8306.5,750920700
24-10-2024,8269.400391,8337.700195,8256.799805,8258.599609,1021483500
25-10-2024,8248.799805,8278.099609,8246.200195,8269.400391,963757400
28-10-2024,8285.599609,8293.599609,8208.900391,8248.799805,1029866000
29-10-2024,8219.599609,8325.5,8215.299805,8285.599609,1071605800
30-10-2024,8159.600098,8219.599609,8153.799805,8219.599609,1059873900
31-10-2024,8110.100098,8159.600098,8071.700195,8159.600098,1073856200
01-11-2024,8177.200195,8202.599609,8105.299805,8110.100098,865735500
04-11-2024,8184.200195,8239.900391,8175.799805,8177.200195,933157300
05-11-2024,8172.399902,8215.799805,8148.299805,8184.200195,841056500
06-11-2024,8166.700195,8301.799805,8144.299805,8172.399902,1036073800
07-11-2024,8140.700195,8195.299805,8140.700195,8166.700195,961904700
08-11-2024,8072.399902,8156.5,8060.899902,8140.700195,833664800
11-11-2024,8125.200195,8148.200195,8072.399902,8072.399902,648655300
12-11-2024,8025.799805,8125.200195,8018.600098,8125.200195,973035400
13-11-2024,8030.299805,8062.700195,7995.899902,8025.799805,1001024100
14-11-2024,8071.200195,8083.100098,8012.799805,8030.299805,662893000
15-11-2024,8063.600098,8091.899902,8030,8071.200195,740001000
18-11-2024,8109.299805,8109.299805,8054.100098,8063.600098,800777400
19-11-2024,8099,8145.899902,8052,8109.299805,740741000
20-11-2024,8085.100098,8128.399902,8074.200195,8099,744104500
21-11-2024,8149.299805,8152.899902,8065.200195,8085.100098,856150000
22-11-2024,8262.099609,8274.799805,8149.299805,8149.299805,791049500
25-11-2024,8291.700195,8307.299805,8261.799805,8262.099609,1952081800
26-11-2024,8258.599609,8291.700195,8245.799805,8291.700195,771580100
27-11-2024,8274.799805,8280,8237.700195,8258.599609,658162500
28-11-2024,8281.200195,8303.799805,8271.900391,8274.799805,515831900
29-11-2024,8287.299805,8292.5,8252.900391,8281.200195,588369200
02-12-2024,8312.900391,8332,8274.700195,8287.299805,822818500
03-12-2024,8359.400391,8388.400391,8311.900391,8312.900391,815525800
04-12-2024,8335.799805,8362.799805,8322.799805,8359.400391,760035100
05-12-2024,8349.400391,8350.700195,8321.599609,8335.799805,855079400
06-12-2024,8308.599609,8357.599609,8303.5,8349.400391,1058504800
09-12-2024,8352.099609,8372.099609,8308.599609,8308.599609,731046000
10-12-2024,8280.400391,8352.099609,8274.5,8352.099609,605634700
11-12-2024,8301.599609,8318.900391,8248.400391,8280.400391,1274444500
12-12-2024,8311.799805,8331.099609,8300.200195,8301.599609,584951900
13-12-2024,8300.299805,8331.900391,8282.400391,8311.799805,653230000
16-12-2024,8262.099609,8305.200195,8254.099609,8300.299805,621726000
17-12-2024,8195.200195,8262.099609,8190.200195,8262.099609,1176055700
18-12-2024,8199.099609,8231.799805,8191.600098,8195.200195,836400800
19-12-2024,8105.299805,8199.099609,8079,8199.099609,802810600
20-12-2024,8084.600098,8105.799805,8002.299805,8105.299805,1608807700
23-12-2024,8102.700195,8111.399902,8051.899902,8084.600098,573891100
24-12-2024,8137,8152,8102.700195,8102.700195,243246600
27-12-2024,8149.799805,8151.299805,8112.299805,8137,356239100
30-12-2024,8121,8149.799805,8094.899902,8149.799805,325039700
31-12-2024,8173,8180.399902,8096.700195,8121,203355200
02-01-2025,8260.099609,8270.599609,8160.600098,8173,422219900
03-01-2025,8224,8269,8219.700195,8260.099609,742503900
06-01-2025,8249.700195,8249.700195,8197.5,8224,766244700
07-01-2025,8245.299805,8251.799805,8190.5,8249.700195,741506800
08-01-2025,8251,8267.400391,8189.5,8245.299805,899645300
09-01-2025,8319.700195,8322.599609,8243.200195,8251,837818000
10-01-2025,8248.5,8326.299805,8247.599609,8319.700195,912377200
13-01-2025,8224.200195,8254,8192.299805,8248.5,896847800
14-01-2025,8201.5,8244.299805,8193.5,8224.200195,955210200
15-01-2025,8301.099609,8307.599609,8199.599609,8201.5,1038434200
16-01-2025,8391.900391,8391.900391,8301.099609,8301.099609,801801600
17-01-2025,8505.200195,8533.400391,8391.799805,8391.900391,1066188700
20-01-2025,8520.5,8548.599609,8501.799805,8505.200195,731489400
21-01-2025,8548.299805,8550.400391,8513.400391,8520.5,793665300
22-01-2025,8545.099609,8584.700195,8527.799805,8548.299805,993162800
23-01-2025,8565.200195,8572.5,8532.099609,8545.099609,1052013500
24-01-2025,8502.400391,8586.700195,8492.700195,8565.200195,699240800
27-01-2025,8503.700195,8514.200195,8462.200195,8502.400391,684095200
28-01-2025,8533.900391,8573,8503.599609,8503.700195,762856300
29-01-2025,8557.799805,8584.099609,8518.299805,8533.900391,769283700
30-01-2025,8646.900391,8655.200195,8547.900391,8557.799805,641234300
31-01-2025,8674,8692.799805,8646.900391,8646.900391,1136186800
03-02-2025,8583.599609,8674,8520.200195,8674,776851300
04-02-2025,8570.799805,8583.599609,8524.700195,8583.599609,1132804200
05-02-2025,8623.299805,8623.299805,8550.200195,8570.799805,794984000
06-02-2025,8727.299805,8767.5,8623.299805,8623.299805,776192500
07-02-2025,8700.5,8728.900391,8685.799805,8727.299805,993507700
10-02-2025,8767.799805,8785.900391,8694.599609,8700.5,835975800
11-02-2025,8777.400391,8789.599609,8750.5,8767.799805,900729100
12-02-2025,8807.400391,8810.599609,8759.400391,8777.400391,853097300
13-02-2025,8764.700195,8820.900391,8729.599609,8807.400391,873981500
14-02-2025,8732.5,8767.700195,8717.5,8764.700195,900486200
17-02-2025,8768,8769.099609,8725.299805,8732.5,628962700
18-02-2025,8766.700195,8787.700195,8757.799805,8768,681039100
19-02-2025,8712.5,8771.200195,8696.900391,8766.700195,763343900
20-02-2025,8663,8712.700195,8650.799805,8712.5,1295365000
21-02-2025,8659.400391,8684.799805,8638.599609,8663,987174200
24-02-2025,8659,8688.299805,8614.099609,8659.400391,793153400
25-02-2025,8668.700195,8712.200195,8628.099609,8659,918642700
26-02-2025,8731.5,8738.299805,8668.700195,8668.700195,983507000
27-02-2025,8756.200195,8768.099609,8680.599609,8731.5,1169088400
28-02-2025,8809.700195,8810.5,8715.400391,8756.200195,2236877400
03-03-2025,8871.299805,8908.799805,8809.700195,8809.700195,1257576300
04-03-2025,8759,8873.700195,8746,8871.299805,1075235300
05-03-2025,8755.799805,8835.700195,8752.5,8759,1274923200
06-03-2025,8682.799805,8778.200195,8645.799805,8755.799805,1027583200
07-03-2025,8679.900391,8701.299805,8627.299805,8682.799805,916305900
10-03-2025,8600.200195,8700.799805,8591.599609,8679.900391,1518951000
11-03-2025,8496,8603.900391,8481.099609,8600.200195,1065664100
12-03-2025,8541,8565.5,8496,8496,974845500
13-03-2025,8542.599609,8581.599609,8513.700195,8541,772709400
14-03-2025,8632.299805,8642.799805,8538.099609,8542.599609,770290500
17-03-2025,8680.299805,8688.400391,8625,8632.299805,845612500
18-03-2025,8705.200195,8727,8680.299805,8680.299805,1112954700
19-03-2025,8706.700195,8718.700195,8662.599609,8705.200195,824383600
20-03-2025,8702,8742.799805,8665.299805,8706.700195,918761900
21-03-2025,8646.799805,8702,8616,8702,1930845700
24-03-2025,8638,8695.599609,8616.400391,8646.799805,617343400
25-03-2025,8663.799805,8717,8638,8638,1090882500
26-03-2025,8689.599609,8714.799805,8656.400391,8663.799805,704514600
27-03-2025,8666.099609,8689.700195,8611.400391,8689.599609,702932000
28-03-2025,8658.900391,8694.200195,8636.900391,8666.099609,747545800
31-03-2025,8582.799805,8658.900391,8531,8658.900391,925075000
01-04-2025,8634.799805,8671.900391,8581.900391,8582.799805,682410100
02-04-2025,8608.5,8634.799805,8548.299805,8634.799805,601417800
03-04-2025,8474.700195,8608.5,8453.200195,8608.5,1403210800
04-04-2025,8055,8474.700195,8023.5,8474.700195,1572146400
07-04-2025,7702.100098,8055,7544.799805,8055,2001791200
08-04-2025,7910.5,7984.200195,7702.100098,7702.100098,1346508600
09-04-2025,7679.5,7910.5,7599.600098,7910.5,1348496400
10-04-2025,7913.299805,8166.5,7679.5,7679.5,1430098700
11-04-2025,7964.200195,8000.799805,7862.700195,7913.299805,1328746600
14-04-2025,8134.299805,8160.200195,7964.200195,7964.200195,712694800
15-04-2025,8249.099609,8257.799805,8134,8134.299805,830488500
16-04-2025,8275.599609,8281.099609,8177,8249.099609,804660100
17-04-2025,8275.700195,8295.099609,8195.700195,8275.599609,735769800
22-04-2025,8328.599609,8337.700195,8262.5,8275.700195,1042190300
23-04-2025,8403.200195,8467.799805,8328.299805,8328.599609,1043916400
24-04-2025,8407.400391,8415.099609,8361.799805,8403.200195,1126605500
25-04-2025,8415.299805,8442.700195,8397.099609,8407.400391,802734000
28-04-2025,8417.299805,8452.599609,8415.200195,8415.299805,738741700
29-04-2025,8463.5,8470.400391,8404.099609,8417.299805,655924800
30-04-2025,8494.900391,8494.900391,8430.5,8463.5,1589592400
01-05-2025,8496.799805,8505.299805,8468.299805,8494.900391,527568800
02-05-2025,8596.400391,8622.099609,8496.799805,8496.799805,908575200
06-05-2025,8597.400391,8641.700195,8569.099609,8596.400391,980036200
07-05-2025,8559.299805,8600,8533.599609,8597.400391,1265512400
08-05-2025,8531.599609,8607.700195,8514,8559.299805,894696500
09-05-2025,8554.799805,8581.5,8531.599609,8531.599609,697106500
12-05-2025,8605,8646.299805,8546.299805,8554.799805,804071800
13-05-2025,8602.900391,8623.799805,8583.900391,8605,694005000
14-05-2025,8585,8616.099609,8558.200195,8602.900391,857059700
15-05-2025,8633.799805,8634.599609,8531.099609,8585,1229933100
16-05-2025,8684.599609,8697,8633.599609,8633.799805,950109800
19-05-2025,8699.299805,8699.299805,8613.5,8684.599609,890111700
20-05-2025,8781.099609,8789.400391,8698.099609,8699.299805,950651400
21-05-2025,8786.5,8798.5,8762,8781.099609,923718700
22-05-2025,8739.299805,8786.5,8689.400391,8786.5,815431200
23-05-2025,8718,8779.400391,8604.799805,8739.299805,1051526200
27-05-2025,8778.099609,8824,8718,8718,840001900
28-05-2025,8726,8799.799805,8726,8778.099609,816619700
29-05-2025,8716.5,8776.299805,8709.099609,8726,973200900
30-05-2025,8772.400391,8790.5,8715.599609,8716.5,1740609200
02-06-2025,8774.299805,8792.099609,8730.599609,8772.400391,669303400
03-06-2025,8787,8801.5,8738.5,8774.299805,690088000
04-06-2025,8801.299805,8821.400391,8780.400391,8787,741650200
05-06-2025,8811,8838.799805,8782.099609,8801.299805,722917300
06-06-2025,8837.900391,8851.400391,8805.599609,8811,718102200
09-06-2025,8832.299805,8850.900391,8812.099609,8837.900391,573091300
10-06-2025,8853.099609,8886.099609,8832.299805,8832.299805,734467300
11-06-2025,8864.400391,8885.400391,8847.299805,8853.099609,805983200
12-06-2025,8884.900391,8896.900391,8843.599609,8864.400391,767509300
13-06-2025,8850.599609,8898.599609,8822.200195,8884.900391,711772600
16-06-2025,8875.200195,8902.400391,8850.599609,8850.599609,842787400
17-06-2025,8834,8875.200195,8809.900391,8875.200195,851103300
18-06-2025,8843.5,8858.599609,8820.400391,8834,657935000
19-06-2025,8791.799805,8844.099609,8788.799805,8843.5,481335200
20-06-2025,8774.700195,8847.299805,8772.299805,8791.799805,1831139500
23-06-2025,8758,8787.099609,8741.400391,8774.700195,611232900
24-06-2025,8759,8831.900391,8758,8758,1063635300
25-06-2025,8718.799805,8792.400391,8716.200195,8759,699302400
26-06-2025,8735.599609,8757.099609,8707.700195,8718.799805,768435000
27-06-2025,8798.900391,8798.900391,8735.599609,8735.599609,711522100
30-06-2025,8761,8818.400391,8761,8798.900391,713304300
01-07-2025,8785.299805,8790.799805,8726.900391,8761,766020100
02-07-2025,8774.700195,8828.200195,8739,8785.299805,1097788200
03-07-2025,8823.200195,8837.799805,8774.700195,8774.700195,651280900
04-07-2025,8822.900391,8830.900391,8782.099609,8823.200195,444807000
07-07-2025,8806.5,8836.900391,8798.700195,8822.900391,580213300
08-07-2025,8854.200195,8854.200195,8803.299805,8806.5,698144300
09-07-2025,8867,8887.700195,8854.200195,8854.200195,707584400
10-07-2025,8975.700195,8979.400391,8867,8867,750104900
11-07-2025,8941.099609,8984.099609,8918.5,8975.700195,685521300
14-07-2025,8998.099609,8999.200195,8931.099609,8941.099609,514090200
15-07-2025,8938.299805,9017,8938.299805,8998.099609,688056100
16-07-2025,8926.599609,8972.299805,8926.599609,8938.299805,633643300
17-07-2025,8972.599609,8982.799805,8926.599609,8926.599609,566360500
18-07-2025,8992.099609,9016.400391,8969.099609,8972.599609,678409600
21-07-2025,9013,9013,8975.200195,8992.099609,770772700
22-07-2025,9023.799805,9035.400391,8995.099609,9013,637414800
23-07-2025,9061.5,9080.099609,9023.299805,9023.799805,716780800
24-07-2025,9138.400391,9158.200195,9060.700195,9061.5,800722200
25-07-2025,9120.299805,9145,9094.700195,9138.400391,1064163700
28-07-2025,9081.400391,9169,9058.400391,9120.299805,543629900
29-07-2025,9136.299805,9163.200195,9076.400391,9081.400391,717674800
30-07-2025,9136.900391,9146.799805,9091.5,9136.299805,774736700
31-07-2025,9132.799805,9190.700195,9115.799805,9136.900391,926035400
01-08-2025,9068.599609,9132.799805,9027.900391,9132.799805,750993500
04-08-2025,9128.299805,9129.099609,9068.099609,9068.599609,1259903600
05-08-2025,9142.700195,9178,9126.599609,9128.299805,815463500
06-08-2025,9164.299805,9184.200195,9142.700195,9142.700195,902688800
07-08-2025,9100.799805,9164.299805,9084.5,9164.299805,857875100
08-08-2025,9095.700195,9127.099609,9079.900391,9100.799805,874135800
11-08-2025,9129.700195,9137.700195,9093.200195,9095.700195,574794700
12-08-2025,9147.799805,9165,9119.400391,9129.700195,620578300
13-08-2025,9165.200195,9182.700195,9142.400391,9147.799805,668377900
14-08-2025,9177.200195,9177.200195,9133.700195,9165.200195,558589800
15-08-2025,9138.900391,9222.099609,9129.5,9177.200195,637843000
18-08-2025,9157.700195,9165.700195,9126.900391,9138.900391,904487300
19-08-2025,9189.200195,9197.099609,9154.799805,9157.700195,638477900
20-08-2025,9288.099609,9301.200195,9166.799805,9189.200195,738157900
21-08-2025,9309.200195,9309.200195,9257.5,9288.099609,471872700
22-08-2025,9321.400391,9357.5,9285.599609,9309.200195,503779500
26-08-2025,9265.799805,9325.900391,9249.599609,9321.400391,1238002200
27-08-2025,9255.5,9301.900391,9230.599609,9265.799805,580184000
28-08-2025,9216.799805,9270,9207.400391,9255.5,545856600
29-08-2025,9187.299805,9223.099609,9179.200195,9216.799805,786259500
01-09-2025,9196.299805,9226.599609,9179.799805,9187.299805,432004700
02-09-2025,9116.700195,9196.5,9108.200195,9196.299805,704169000
03-09-2025,9178,9179.599609,9107.400391,9116.700195,705659700
04-09-2025,9216.900391,9231.400391,9155.5,9178,487597700
05-09-2025,9208.200195,9253.5,9197.599609,9216.900391,524336500
08-09-2025,9221.400391,9234.900391,9190.599609,9208.200195,478762300
09-09-2025,9242.5,9254.299805,9221.400391,9221.400391,679753900
10-09-2025,9225.400391,9290.599609,9222.400391,9242.5,1101672800
11-09-2025,9297.599609,9297.599609,9225.400391,9225.400391,628343100
12-09-2025,9283.299805,9340.700195,9283.299805,9297.599609,640038400
15-09-2025,9277,9314.400391,9262.700195,9283.299805,896734100
16-09-2025,9195.700195,9282.099609,9195.700195,9277,1160022600
17-09-2025,9208.400391,9245.700195,9195.700195,9195.700195,550017700
18-09-2025,9228.099609,9245.200195,9208.299805,9208.400391,641326900
19-09-2025,9216.700195,9251,9207.700195,9228.099609,1741545500
22-09-2025,9226.700195,9234.599609,9194.299805,9216.700195,608280800
23-09-2025,9223.299805,9266.900391,9223.299805,9226.700195,690489000
24-09-2025,9250.400391,9266.400391,9177.099609,9223.299805,631425700
25-09-2025,9214,9251.200195,9203.200195,9250.400391,652023200
26-09-2025,9284.799805,9292.099609,9208.5,9214,687681900
29-09-2025,9299.799805,9354.599609,9284.799805,9284.799805,546230500
30-09-2025,9350.400391,9363.599609,9266.299805,9299.799805,770556700
01-10-2025,9446.400391,9457.900391,9347.599609,9350.5,853312200
02-10-2025,9427.700195,9475.099609,9417.599609,9446.400391,650916500
03-10-2025,9491.299805,9494.599609,9425,9427.700195,596685900
06-10-2025,9479.099609,9516.799805,9465.400391,9491.200195,608049100
07-10-2025,9483.599609,9507.099609,9473.099609,9479.099609,647484600
08-10-2025,9548.900391,9577.099609,9483.599609,9483.599609,800211500
09-10-2025,9509.400391,9565.5,9501.099609,9548.900391,963047900
10-10-2025,9427.5,9520,9414.599609,9509.400391,633596500
13-10-2025,9442.900391,9459.900391,9409.700195,9427.5,866346000
14-10-2025,9452.799805,9454.299805,9384.200195,9442.900391,715453800
15-10-2025,9424.799805,9474.299805,9395.099609,9452.799805,610965100
16-10-2025,9436.099609,9436.099609,9389.700195,9424.799805,451574500
17-10-2025,9354.599609,9436.099609,9276.900391,9436.099609,751531100
20-10-2025,9403.599609,9416.400391,9354.5,9354.5,612224700
21-10-2025,9427,9441.200195,9403.5,9403.599609,612553400
22-10-2025,9515,9545.200195,9427.099609,9427.099609,1047120500
23-10-2025,9578.599609,9594.799805,9505.700195,9515,814894500
24-10-2025,9645.599609,9645.599609,9560.5,9578.599609,779192300
27-10-2025,9653.799805,9672.700195,9632.799805,9645.599609,729163900
28-10-2025,9696.700195,9727.099609,9645.400391,9653.799805,708743000
29-10-2025,9756.099609,9787.599609,9696.799805,9696.799805,752470200
30-10-2025,9760.099609,9763.400391,9690,9756.099609,893377000
31-10-2025,9717.299805,9761.799805,9697,9760.099609,596284500
03-11-2025,9701.400391,9745.599609,9695.900391,9717.299805,848988200
04-11-2025,9715,9715,9574.200195,9701.400391,1023130000
05-11-2025,9777.099609,9786.799805,9680.5,9715,862811200
06-11-2025,9735.799805,9786.099609,9723.900391,9777.099609,938291200
07-11-2025,9682.599609,9735.799805,9639,9735.799805,747990900
10-11-2025,9787.200195,9800.400391,9682.599609,9682.599609,761287500
11-11-2025,9899.599609,9912.900391,9787.200195,9787.200195,924385900
12-11-2025,9911.400391,9930.099609,9878.299805,9899.599609,814638100
13-11-2025,9807.700195,9913.200195,9804.799805,9911.400391,626791500
14-11-2025,9698.400391,9807.700195,9610.5,9807.700195,715744700
17-11-2025,9675.400391,9707.700195,9667.900391,9698.400391,812453900
18-11-2025,9552.299805,9675.599609,9511.700195,9675.400391,804147700
19-11-2025,9507.400391,9568.5,9507.400391,9552.299805,866995100
20-11-2025,9527.700195,9593.799805,9507.400391,9507.400391,808216600
21-11-2025,9539.700195,9541.200195,9423.900391,9527.700195,805279800
24-11-2025,9534.900391,9592.599609,9524.700195,9539.700195,1668886000
25-11-2025,9609.5,9615.599609,9521.5,9534.900391,785920000
26-11-2025,9691.599609,9704.299805,9593.299805,9609.599609,1115421300
27-11-2025,9693.900391,9699.799805,9658.900391,9691.599609,768475200
28-11-2025,9720.5,9740.200195,9694,9694,537586900
01-12-2025,9702.5,9735.400391,9686.900391,9720.599609,823282000
02-12-2025,9701.799805,9744.799805,9682.299805,9702.5,654140300
03-12-2025,9692.099609,9711.299805,9677.700195,9701.799805,750194100
04-12-2025,9710.900391,9727.599609,9674.799805,9692.099609,899242300
05-12-2025,9667,9738.299805,9667,9710.900391,592674800
08-12-2025,9645.099609,9692.400391,9629.200195,9667.099609,777520000
09-12-2025,9642,9673.200195,9630.900391,9645.099609,787104800
10-12-2025,9655.5,9689.5,9622.700195,9642,932473800
11-12-2025,9703.200195,9715.299805,9635.299805,9655.599609,637684000
12-12-2025,9649,9761.5,9639.299805,9703.200195,601108600
15-12-2025,9751.299805,9769,9649,9649,656861100
16-12-2025,9684.799805,9764.799805,9655.700195,9751.299805,760319300
17-12-2025,9774.299805,9853.099609,9684.799805,9684.799805,842799500
18-12-2025,9837.799805,9845.099609,9748.299805,9774.299805,702927400
19-12-2025,9897.400391,9903.099609,9819.400391,9837.799805,1611302500
22-12-2025,9866,9898,9829.400391,9897.400391,466411600
23-12-2025,9889.200195,9901.5,9846.299805,9865.900391,534194000
24-12-2025,9870.700195,9893.200195,9862,9889.200195,163408500
29-12-2025,9866.5,9892.799805,9858.5,9870.700195,347896700
30-12-2025,9940.700195,9954.299805,9859.799805,9866.5,364742100
31-12-2025,9931.400391,9950.099609,9916.700195,9940.700195,176045300
